-- DROP SCHEMA dbo;

CREATE SCHEMA dbo;
-- db_a743ce_vuanhlk15.dbo.AspNetRoles definition

-- Drop table

-- DROP TABLE db_a743ce_vuanhlk15.dbo.AspNetRoles;

CREATE TABLE AspNetRoles (
	Id nvarchar(450) COLLATE SQL_Latin1_General_CP1_CI_AS NOT NULL,
	Name nvarchar(256) COLLATE SQL_Latin1_General_CP1_CI_AS NULL,
	NormalizedName nvarchar(256) COLLATE SQL_Latin1_General_CP1_CI_AS NULL,
	ConcurrencyStamp nvarchar(MAX) COLLATE SQL_Latin1_General_CP1_CI_AS NULL,
	CONSTRAINT PK_AspNetRoles PRIMARY KEY (Id)
);
 CREATE  UNIQUE NONCLUSTERED INDEX RoleNameIndex ON dbo.AspNetRoles (  NormalizedName ASC  )  
	 WHERE  ([NormalizedName] IS NOT NULL)
	 WITH (  PAD_INDEX = OFF ,FILLFACTOR = 100  ,SORT_IN_TEMPDB = OFF , IGNORE_DUP_KEY = OFF , STATISTICS_NORECOMPUTE = OFF , ONLINE = OFF , ALLOW_ROW_LOCKS = ON , ALLOW_PAGE_LOCKS = ON  )
	 ON [PRIMARY ] ;


-- db_a743ce_vuanhlk15.dbo.AspNetUsers definition

-- Drop table

-- DROP TABLE db_a743ce_vuanhlk15.dbo.AspNetUsers;

CREATE TABLE AspNetUsers (
	Id nvarchar(450) COLLATE SQL_Latin1_General_CP1_CI_AS NOT NULL,
	UserName nvarchar(256) COLLATE SQL_Latin1_General_CP1_CI_AS NULL,
	NormalizedUserName nvarchar(256) COLLATE SQL_Latin1_General_CP1_CI_AS NULL,
	Email nvarchar(256) COLLATE SQL_Latin1_General_CP1_CI_AS NULL,
	NormalizedEmail nvarchar(256) COLLATE SQL_Latin1_General_CP1_CI_AS NULL,
	EmailConfirmed bit NOT NULL,
	PasswordHash nvarchar(MAX) COLLATE SQL_Latin1_General_CP1_CI_AS NULL,
	SecurityStamp nvarchar(MAX) COLLATE SQL_Latin1_General_CP1_CI_AS NULL,
	ConcurrencyStamp nvarchar(MAX) COLLATE SQL_Latin1_General_CP1_CI_AS NULL,
	PhoneNumber nvarchar(MAX) COLLATE SQL_Latin1_General_CP1_CI_AS NULL,
	PhoneNumberConfirmed bit NOT NULL,
	TwoFactorEnabled bit NOT NULL,
	LockoutEnd datetimeoffset NULL,
	LockoutEnabled bit NOT NULL,
	AccessFailedCount int NOT NULL,
	Gender nvarchar(MAX) COLLATE SQL_Latin1_General_CP1_CI_AS NULL,
	ProfilePhoto nvarchar(MAX) COLLATE SQL_Latin1_General_CP1_CI_AS NULL,
	FirstName nvarchar(MAX) COLLATE SQL_Latin1_General_CP1_CI_AS NULL,
	LastName nvarchar(MAX) COLLATE SQL_Latin1_General_CP1_CI_AS NULL,
	DateOfBirth datetime2(7) DEFAULT '0001-01-01T00:00:00.0000000' NOT NULL,
	CONSTRAINT PK_AspNetUsers PRIMARY KEY (Id)
);
 CREATE NONCLUSTERED INDEX EmailIndex ON dbo.AspNetUsers (  NormalizedEmail ASC  )  
	 WITH (  PAD_INDEX = OFF ,FILLFACTOR = 100  ,SORT_IN_TEMPDB = OFF , IGNORE_DUP_KEY = OFF , STATISTICS_NORECOMPUTE = OFF , ONLINE = OFF , ALLOW_ROW_LOCKS = ON , ALLOW_PAGE_LOCKS = ON  )
	 ON [PRIMARY ] ;
 CREATE  UNIQUE NONCLUSTERED INDEX UserNameIndex ON dbo.AspNetUsers (  NormalizedUserName ASC  )  
	 WHERE  ([NormalizedUserName] IS NOT NULL)
	 WITH (  PAD_INDEX = OFF ,FILLFACTOR = 100  ,SORT_IN_TEMPDB = OFF , IGNORE_DUP_KEY = OFF , STATISTICS_NORECOMPUTE = OFF , ONLINE = OFF , ALLOW_ROW_LOCKS = ON , ALLOW_PAGE_LOCKS = ON  )
	 ON [PRIMARY ] ;


-- db_a743ce_vuanhlk15.dbo.City definition

-- Drop table

-- DROP TABLE db_a743ce_vuanhlk15.dbo.City;

CREATE TABLE City (
	ID nvarchar(450) COLLATE SQL_Latin1_General_CP1_CI_AS NOT NULL,
	CityName nvarchar(450) COLLATE SQL_Latin1_General_CP1_CI_AS NULL,
	LastModify datetime2(7) NULL,
	CONSTRAINT City_PK PRIMARY KEY (ID)
);


-- db_a743ce_vuanhlk15.dbo.[__EFMigrationsHistory] definition

-- Drop table

-- DROP TABLE db_a743ce_vuanhlk15.dbo.[__EFMigrationsHistory];

CREATE TABLE [__EFMigrationsHistory] (
	MigrationId nvarchar(150) COLLATE SQL_Latin1_General_CP1_CI_AS NOT NULL,
	ProductVersion nvarchar(32) COLLATE SQL_Latin1_General_CP1_CI_AS NOT NULL,
	CONSTRAINT PK___EFMigrationsHistory PRIMARY KEY (MigrationId)
);


-- db_a743ce_vuanhlk15.dbo.AspNetRoleClaims definition

-- Drop table

-- DROP TABLE db_a743ce_vuanhlk15.dbo.AspNetRoleClaims;

CREATE TABLE AspNetRoleClaims (
	Id int IDENTITY(1,1) NOT NULL,
	RoleId nvarchar(450) COLLATE SQL_Latin1_General_CP1_CI_AS NOT NULL,
	ClaimType nvarchar(MAX) COLLATE SQL_Latin1_General_CP1_CI_AS NULL,
	ClaimValue nvarchar(MAX) COLLATE SQL_Latin1_General_CP1_CI_AS NULL,
	CONSTRAINT PK_AspNetRoleClaims PRIMARY KEY (Id),
	CONSTRAINT FK_AspNetRoleClaims_AspNetRoles_RoleId FOREIGN KEY (RoleId) REFERENCES AspNetRoles(Id) ON DELETE CASCADE
);
 CREATE NONCLUSTERED INDEX IX_AspNetRoleClaims_RoleId ON dbo.AspNetRoleClaims (  RoleId ASC  )  
	 WITH (  PAD_INDEX = OFF ,FILLFACTOR = 100  ,SORT_IN_TEMPDB = OFF , IGNORE_DUP_KEY = OFF , STATISTICS_NORECOMPUTE = OFF , ONLINE = OFF , ALLOW_ROW_LOCKS = ON , ALLOW_PAGE_LOCKS = ON  )
	 ON [PRIMARY ] ;


-- db_a743ce_vuanhlk15.dbo.AspNetUserClaims definition

-- Drop table

-- DROP TABLE db_a743ce_vuanhlk15.dbo.AspNetUserClaims;

CREATE TABLE AspNetUserClaims (
	Id int IDENTITY(1,1) NOT NULL,
	UserId nvarchar(450) COLLATE SQL_Latin1_General_CP1_CI_AS NOT NULL,
	ClaimType nvarchar(MAX) COLLATE SQL_Latin1_General_CP1_CI_AS NULL,
	ClaimValue nvarchar(MAX) COLLATE SQL_Latin1_General_CP1_CI_AS NULL,
	CONSTRAINT PK_AspNetUserClaims PRIMARY KEY (Id),
	CONSTRAINT FK_AspNetUserClaims_AspNetUsers_UserId FOREIGN KEY (UserId) REFERENCES AspNetUsers(Id) ON DELETE CASCADE
);
 CREATE NONCLUSTERED INDEX IX_AspNetUserClaims_UserId ON dbo.AspNetUserClaims (  UserId ASC  )  
	 WITH (  PAD_INDEX = OFF ,FILLFACTOR = 100  ,SORT_IN_TEMPDB = OFF , IGNORE_DUP_KEY = OFF , STATISTICS_NORECOMPUTE = OFF , ONLINE = OFF , ALLOW_ROW_LOCKS = ON , ALLOW_PAGE_LOCKS = ON  )
	 ON [PRIMARY ] ;


-- db_a743ce_vuanhlk15.dbo.AspNetUserLogins definition

-- Drop table

-- DROP TABLE db_a743ce_vuanhlk15.dbo.AspNetUserLogins;

CREATE TABLE AspNetUserLogins (
	LoginProvider nvarchar(450) COLLATE SQL_Latin1_General_CP1_CI_AS NOT NULL,
	ProviderKey nvarchar(450) COLLATE SQL_Latin1_General_CP1_CI_AS NOT NULL,
	ProviderDisplayName nvarchar(MAX) COLLATE SQL_Latin1_General_CP1_CI_AS NULL,
	UserId nvarchar(450) COLLATE SQL_Latin1_General_CP1_CI_AS NOT NULL,
	CONSTRAINT PK_AspNetUserLogins PRIMARY KEY (LoginProvider,ProviderKey),
	CONSTRAINT FK_AspNetUserLogins_AspNetUsers_UserId FOREIGN KEY (UserId) REFERENCES AspNetUsers(Id) ON DELETE CASCADE
);
 CREATE NONCLUSTERED INDEX IX_AspNetUserLogins_UserId ON dbo.AspNetUserLogins (  UserId ASC  )  
	 WITH (  PAD_INDEX = OFF ,FILLFACTOR = 100  ,SORT_IN_TEMPDB = OFF , IGNORE_DUP_KEY = OFF , STATISTICS_NORECOMPUTE = OFF , ONLINE = OFF , ALLOW_ROW_LOCKS = ON , ALLOW_PAGE_LOCKS = ON  )
	 ON [PRIMARY ] ;


-- db_a743ce_vuanhlk15.dbo.AspNetUserRoles definition

-- Drop table

-- DROP TABLE db_a743ce_vuanhlk15.dbo.AspNetUserRoles;

CREATE TABLE AspNetUserRoles (
	UserId nvarchar(450) COLLATE SQL_Latin1_General_CP1_CI_AS NOT NULL,
	RoleId nvarchar(450) COLLATE SQL_Latin1_General_CP1_CI_AS NOT NULL,
	CONSTRAINT PK_AspNetUserRoles PRIMARY KEY (UserId,RoleId),
	CONSTRAINT FK_AspNetUserRoles_AspNetRoles_RoleId FOREIGN KEY (RoleId) REFERENCES AspNetRoles(Id) ON DELETE CASCADE,
	CONSTRAINT FK_AspNetUserRoles_AspNetUsers_UserId FOREIGN KEY (UserId) REFERENCES AspNetUsers(Id) ON DELETE CASCADE
);
 CREATE NONCLUSTERED INDEX IX_AspNetUserRoles_RoleId ON dbo.AspNetUserRoles (  RoleId ASC  )  
	 WITH (  PAD_INDEX = OFF ,FILLFACTOR = 100  ,SORT_IN_TEMPDB = OFF , IGNORE_DUP_KEY = OFF , STATISTICS_NORECOMPUTE = OFF , ONLINE = OFF , ALLOW_ROW_LOCKS = ON , ALLOW_PAGE_LOCKS = ON  )
	 ON [PRIMARY ] ;


-- db_a743ce_vuanhlk15.dbo.AspNetUserTokens definition

-- Drop table

-- DROP TABLE db_a743ce_vuanhlk15.dbo.AspNetUserTokens;

CREATE TABLE AspNetUserTokens (
	UserId nvarchar(450) COLLATE SQL_Latin1_General_CP1_CI_AS NOT NULL,
	LoginProvider nvarchar(450) COLLATE SQL_Latin1_General_CP1_CI_AS NOT NULL,
	Name nvarchar(450) COLLATE SQL_Latin1_General_CP1_CI_AS NOT NULL,
	Value nvarchar(MAX) COLLATE SQL_Latin1_General_CP1_CI_AS NULL,
	CONSTRAINT PK_AspNetUserTokens PRIMARY KEY (UserId,LoginProvider,Name),
	CONSTRAINT FK_AspNetUserTokens_AspNetUsers_UserId FOREIGN KEY (UserId) REFERENCES AspNetUsers(Id) ON DELETE CASCADE
);


-- db_a743ce_vuanhlk15.dbo.Category definition

-- Drop table

-- DROP TABLE db_a743ce_vuanhlk15.dbo.Category;

CREATE TABLE Category (
	ID nvarchar(450) COLLATE SQL_Latin1_General_CP1_CI_AS NOT NULL,
	ParentID nvarchar(450) COLLATE SQL_Latin1_General_CP1_CI_AS NULL,
	Name nvarchar(450) COLLATE SQL_Latin1_General_CP1_CI_AS NULL,
	Priority int NULL,
	[Image] nvarchar(MAX) COLLATE SQL_Latin1_General_CP1_CI_AS NULL,
	CONSTRAINT Category_PK PRIMARY KEY (ID),
	CONSTRAINT Category_FK FOREIGN KEY (ParentID) REFERENCES Category(ID)
);


-- db_a743ce_vuanhlk15.dbo.District definition

-- Drop table

-- DROP TABLE db_a743ce_vuanhlk15.dbo.District;

CREATE TABLE District (
	ID nvarchar(450) COLLATE SQL_Latin1_General_CP1_CI_AS NOT NULL,
	DistrictName nvarchar(450) COLLATE SQL_Latin1_General_CP1_CI_AS NULL,
	CityID nvarchar(450) COLLATE SQL_Latin1_General_CP1_CI_AS NULL,
	LastModify datetime2(7) NULL,
	CONSTRAINT District_PK PRIMARY KEY (ID),
	CONSTRAINT District_FK FOREIGN KEY (CityID) REFERENCES City(ID)
);


-- db_a743ce_vuanhlk15.dbo.Payment definition

-- Drop table

-- DROP TABLE db_a743ce_vuanhlk15.dbo.Payment;

CREATE TABLE Payment (
	ID nvarchar(450) COLLATE SQL_Latin1_General_CP1_CI_AS NOT NULL,
	[Type] nvarchar(450) COLLATE SQL_Latin1_General_CP1_CI_AS NOT NULL,
	Detail nvarchar(450) COLLATE SQL_Latin1_General_CP1_CI_AS NULL,
	UserID nvarchar(450) COLLATE SQL_Latin1_General_CP1_CI_AS NOT NULL,
	CardNumber nvarchar(100) COLLATE SQL_Latin1_General_CP1_CI_AS NULL,
	WalletID nvarchar(100) COLLATE SQL_Latin1_General_CP1_CI_AS NULL,
	CONSTRAINT Payment_PK PRIMARY KEY (ID),
	CONSTRAINT Payment_FK FOREIGN KEY (UserID) REFERENCES AspNetUsers(Id)
);


-- db_a743ce_vuanhlk15.dbo.Store definition

-- Drop table

-- DROP TABLE db_a743ce_vuanhlk15.dbo.Store;

CREATE TABLE Store (
	ID nvarchar(450) COLLATE SQL_Latin1_General_CP1_CI_AS NOT NULL,
	Name nvarchar(450) COLLATE SQL_Latin1_General_CP1_CI_AS NULL,
	Detail nvarchar(450) COLLATE SQL_Latin1_General_CP1_CI_AS NULL,
	CreateTime datetime2(7) NULL,
	OwnerID nvarchar(450) COLLATE SQL_Latin1_General_CP1_CI_AS NULL,
	Approved int NULL,
	RatingsCount int NULL,
	FollowerCount int NULL,
	Star float NULL,
	CONSTRAINT Store_PK PRIMARY KEY (ID),
	CONSTRAINT Store_FK FOREIGN KEY (OwnerID) REFERENCES AspNetUsers(Id)
);


-- db_a743ce_vuanhlk15.dbo.Address definition

-- Drop table

-- DROP TABLE db_a743ce_vuanhlk15.dbo.Address;

CREATE TABLE Address (
	ID nvarchar(450) COLLATE SQL_Latin1_General_CP1_CI_AS NOT NULL,
	Address nvarchar(1000) COLLATE SQL_Latin1_General_CP1_CI_AS NULL,
	Phone varchar(100) COLLATE SQL_Latin1_General_CP1_CI_AS NULL,
	UserID nvarchar(450) COLLATE SQL_Latin1_General_CP1_CI_AS NULL,
	DistrictID nvarchar(450) COLLATE SQL_Latin1_General_CP1_CI_AS NULL,
	IsDefault int NULL,
	CONSTRAINT Address_PK PRIMARY KEY (ID),
	CONSTRAINT Address_FK FOREIGN KEY (UserID) REFERENCES AspNetUsers(Id) ON DELETE CASCADE ON UPDATE CASCADE,
	CONSTRAINT Address_FK_1 FOREIGN KEY (DistrictID) REFERENCES District(ID)
);


-- db_a743ce_vuanhlk15.dbo.Bill definition

-- Drop table

-- DROP TABLE db_a743ce_vuanhlk15.dbo.Bill;

CREATE TABLE Bill (
	ID nvarchar(450) COLLATE SQL_Latin1_General_CP1_CI_AS NOT NULL,
	BuyerID nvarchar(450) COLLATE SQL_Latin1_General_CP1_CI_AS NOT NULL,
	ListItem nvarchar(MAX) COLLATE SQL_Latin1_General_CP1_CI_AS NULL,
	Total int NOT NULL,
	OrderTime datetime2(7) NULL,
	ShipTime datetime2(7) NULL,
	Status int NOT NULL,
	AddressID nvarchar(450) COLLATE SQL_Latin1_General_CP1_CI_AS NULL,
	PaymentID nvarchar(450) COLLATE SQL_Latin1_General_CP1_CI_AS NULL,
	ShippedProductID nvarchar(MAX) COLLATE SQL_Latin1_General_CP1_CI_AS NULL,
	CONSTRAINT Bill_PK PRIMARY KEY (ID),
	CONSTRAINT Bill_FK FOREIGN KEY (BuyerID) REFERENCES AspNetUsers(Id),
	CONSTRAINT Bill_FK_1 FOREIGN KEY (PaymentID) REFERENCES Payment(ID),
	CONSTRAINT Bill_FK_2 FOREIGN KEY (AddressID) REFERENCES Address(ID)
);


-- db_a743ce_vuanhlk15.dbo.[Following] definition

-- Drop table

-- DROP TABLE db_a743ce_vuanhlk15.dbo.[Following];

CREATE TABLE [Following] (
	ID nvarchar(450) COLLATE SQL_Latin1_General_CP1_CI_AS NOT NULL,
	UserID nvarchar(450) COLLATE SQL_Latin1_General_CP1_CI_AS NULL,
	StoreID nvarchar(450) COLLATE SQL_Latin1_General_CP1_CI_AS NULL,
	FollowTime datetime2(7) NULL,
	CONSTRAINT Following_PK PRIMARY KEY (ID),
	CONSTRAINT Following_FK FOREIGN KEY (StoreID) REFERENCES Store(ID),
	CONSTRAINT Following_FK_1 FOREIGN KEY (UserID) REFERENCES AspNetUsers(Id)
);


-- db_a743ce_vuanhlk15.dbo.Product definition

-- Drop table

-- DROP TABLE db_a743ce_vuanhlk15.dbo.Product;

CREATE TABLE Product (
	ID nvarchar(450) COLLATE SQL_Latin1_General_CP1_CI_AS NOT NULL,
	Name nvarchar(450) COLLATE SQL_Latin1_General_CP1_CI_AS NULL,
	Price int NULL,
	Color nvarchar(MAX) COLLATE SQL_Latin1_General_CP1_CI_AS NULL,
	[Size] nvarchar(MAX) COLLATE SQL_Latin1_General_CP1_CI_AS NULL,
	Detail nvarchar(MAX) COLLATE SQL_Latin1_General_CP1_CI_AS NULL,
	Description nvarchar(MAX) COLLATE SQL_Latin1_General_CP1_CI_AS NULL,
	CategoryID nvarchar(450) COLLATE SQL_Latin1_General_CP1_CI_AS NOT NULL,
	Discount int NULL,
	Quanlity int NULL,
	[Image] nvarchar(MAX) COLLATE SQL_Latin1_General_CP1_CI_AS NULL,
	AddedTime datetime2(7) NOT NULL,
	LastModify datetime2(7) NOT NULL,
	StoreID nvarchar(450) COLLATE SQL_Latin1_General_CP1_CI_AS NULL,
	SoldQuanlity int NULL,
	Star float NULL,
	RatingsCount int NULL,
	CONSTRAINT Product_PK PRIMARY KEY (ID),
	CONSTRAINT Product_FK FOREIGN KEY (StoreID) REFERENCES Store(ID),
	CONSTRAINT Product_FK_1 FOREIGN KEY (CategoryID) REFERENCES Category(ID) ON DELETE CASCADE ON UPDATE CASCADE
);


-- db_a743ce_vuanhlk15.dbo.Rating definition

-- Drop table

-- DROP TABLE db_a743ce_vuanhlk15.dbo.Rating;

CREATE TABLE Rating (
	ID nvarchar(450) COLLATE SQL_Latin1_General_CP1_CI_AS NOT NULL,
	Comment nvarchar(1000) COLLATE SQL_Latin1_General_CP1_CI_AS NULL,
	Star int NULL,
	[Image] nvarchar(MAX) COLLATE SQL_Latin1_General_CP1_CI_AS NULL,
	[Time] datetime2(7) NULL,
	ProductID nvarchar(450) COLLATE SQL_Latin1_General_CP1_CI_AS NULL,
	UserID nvarchar(450) COLLATE SQL_Latin1_General_CP1_CI_AS NULL,
	[Like] int NULL,
	CONSTRAINT Rating_PK PRIMARY KEY (ID),
	CONSTRAINT Rating_FK FOREIGN KEY (ProductID) REFERENCES Product(ID),
	CONSTRAINT Rating_FK_user FOREIGN KEY (UserID) REFERENCES AspNetUsers(Id)
);


-- db_a743ce_vuanhlk15.dbo.UsefulRating definition

-- Drop table

-- DROP TABLE db_a743ce_vuanhlk15.dbo.UsefulRating;

CREATE TABLE UsefulRating (
	ID nvarchar(450) COLLATE SQL_Latin1_General_CP1_CI_AS NOT NULL,
	UserID nvarchar(450) COLLATE SQL_Latin1_General_CP1_CI_AS NOT NULL,
	RatingID nvarchar(450) COLLATE SQL_Latin1_General_CP1_CI_AS NOT NULL,
	CONSTRAINT UserfulRating_PK PRIMARY KEY (ID),
	CONSTRAINT UserfulRating_FK FOREIGN KEY (UserID) REFERENCES AspNetUsers(Id),
	CONSTRAINT UserfulRating_FK_1 FOREIGN KEY (RatingID) REFERENCES Rating(ID)
);


-- db_a743ce_vuanhlk15.dbo.BillProduct definition

-- Drop table

-- DROP TABLE db_a743ce_vuanhlk15.dbo.BillProduct;

CREATE TABLE BillProduct (
	ID nvarchar(450) COLLATE SQL_Latin1_General_CP1_CI_AS NOT NULL,
	BillID nvarchar(450) COLLATE SQL_Latin1_General_CP1_CI_AS NULL,
	ProductID nvarchar(450) COLLATE SQL_Latin1_General_CP1_CI_AS NULL,
	ProductQuantity int NULL,
	TransactionTime datetime2(7) NULL,
	StoreID nvarchar(450) COLLATE SQL_Latin1_General_CP1_CI_AS NULL,
	CONSTRAINT BillProduct_PK PRIMARY KEY (ID),
	CONSTRAINT BillProduct_FK FOREIGN KEY (ProductID) REFERENCES Product(ID),
	CONSTRAINT BillProduct_FK_1 FOREIGN KEY (BillID) REFERENCES Bill(ID) ON DELETE CASCADE ON UPDATE CASCADE
);


-- db_a743ce_vuanhlk15.dbo.Cart definition

-- Drop table

-- DROP TABLE db_a743ce_vuanhlk15.dbo.Cart;

CREATE TABLE Cart (
	ID nvarchar(450) COLLATE SQL_Latin1_General_CP1_CI_AS NOT NULL,
	BuyerID nvarchar(450) COLLATE SQL_Latin1_General_CP1_CI_AS NOT NULL,
	ProductID nvarchar(450) COLLATE SQL_Latin1_General_CP1_CI_AS NULL,
	AddedTime datetime2(7) NULL,
	Quantity int NULL,
	CONSTRAINT Cart_PK PRIMARY KEY (ID),
	CONSTRAINT Cart_FK FOREIGN KEY (BuyerID) REFERENCES AspNetUsers(Id),
	CONSTRAINT Cart_FK_1 FOREIGN KEY (ProductID) REFERENCES Product(ID) ON DELETE CASCADE ON UPDATE CASCADE
);


-- db_a743ce_vuanhlk15.dbo.Notifications definition

-- Drop table

-- DROP TABLE db_a743ce_vuanhlk15.dbo.Notifications;

CREATE TABLE Notifications (
	ID nvarchar(450) COLLATE SQL_Latin1_General_CP1_CI_AS NOT NULL,
	UserID nvarchar(450) COLLATE SQL_Latin1_General_CP1_CI_AS NOT NULL,
	Notification nvarchar(1000) COLLATE SQL_Latin1_General_CP1_CI_AS NULL,
	[Time] datetime2(7) NOT NULL,
	Status varchar(100) COLLATE SQL_Latin1_General_CP1_CI_AS NOT NULL,
	CartID nvarchar(450) COLLATE SQL_Latin1_General_CP1_CI_AS NULL,
	CONSTRAINT Notifications_PK PRIMARY KEY (ID),
	CONSTRAINT Notifications_FK FOREIGN KEY (UserID) REFERENCES AspNetUsers(Id) ON DELETE CASCADE ON UPDATE CASCADE,
	CONSTRAINT Notifications_FK_1 FOREIGN KEY (CartID) REFERENCES Cart(ID)
);

INSERT INTO db_a743ce_vuanhlk15.dbo.AspNetRoles (Id,Name,NormalizedName,ConcurrencyStamp) VALUES
	 (N'7f99c69c-fcb7-46f0-b6ef-d30042b376e6',N'User',N'USER',N'83990c6c-4c33-4175-b7ba-535b67966a10'),
	 (N'a20604e2-ecac-4630-9e27-f7c56ec48865',N'Seller',N'SELLER',N'b3ad79c2-84d6-421b-a275-bb79cd1400c5'),
	 (N'cc419013-5d33-4f08-adf5-ff7c7bcaec72',N'Manager',N'MANAGER',N'871257e2-9131-472b-b8ab-ebc1171ee0d1'),
	 (N'd536667c-c645-4fac-9ed6-ae19f60eea11',N'Admin',N'ADMIN',N'01ed7d61-c543-43df-9ab9-8807d4d106e1');

--------------------------
INSERT INTO db_a743ce_vuanhlk15.dbo.AspNetUsers (Id,UserName,NormalizedUserName,Email,NormalizedEmail,EmailConfirmed,PasswordHash,SecurityStamp,ConcurrencyStamp,PhoneNumber,PhoneNumberConfirmed,TwoFactorEnabled,LockoutEnd,LockoutEnabled,AccessFailedCount,Gender,ProfilePhoto,FirstName,LastName,DateOfBirth) VALUES
	 (N'15b816a9-1b73-45dd-8c0b-d20870fa5ec0',N'vuanhmng111',N'VUANHMNG111',N'phongcoibg99@gmail.com',N'PHONGCOIBG99@GMAIL.COM',0,N'AQAAAAEAACcQAAAAENKJCH92A0pInNx/TNbScIyT+/C06FLclmAqaSsOQTdJNio4VYNQ3gBqWKD8WupHvw==',N'YIIK66QDFEHQWITBNUDTZ2XKH3CPDE4Z',N'355382ab-7ce5-4ede-99ee-91854fe34270',N'096525621',0,0,NULL,1,0,N'M',NULL,N'Nguyễn',N'Phong','2021-06-17 00:00:00.000'),
	 (N'2e2d4362-daaa-4540-9385-5074fae26a28',N'datanh123',N'DATANH123',N'datanh235@gmail.com',N'DATANH235@GMAIL.COM',0,N'AQAAAAEAACcQAAAAECWGIH4a28a93P/IImTHbkQkTpFdx91s44Cs5kzZNqF8zZHK68IZ1u21YipPsnrASQ==',N'XAZGBONDSX5KUDODDJ3UHZF54YTKEWKB',N'02cfcbe5-8f3f-4dca-9212-e90d8330a4b2',N'0962396877',0,0,NULL,1,0,N'M',NULL,N'Dat',N'Anh 123','2021-10-07 00:00:00.000'),
	 (N'4cbb8244-b86c-4cb3-a1b0-0b56bdc9f9f7',N'datanh11',N'DATANH11',N'datanh141@gmail.com',N'DATANH141@GMAIL.COM',0,N'AQAAAAEAACcQAAAAEJn+SgrE1Pu7VqpDmL2uqJMiFQweXxjLiAcES/q/SXm1gW1EWdEXXcusws9NB+mXKQ==',N'NGLIH7F4B3QSZGYA5RSTLE2EMF6YHMLE',N'16a022a2-8e2e-4689-a3d5-0a6879867982',N'09876543221',0,0,NULL,1,0,N'',NULL,N'Nguyễn ',N'Đạt','1999-02-03 00:00:00.000'),
	 (N'534abc92-8669-41c8-97e4-1e9a9ed98735',N'vuanhlk13',N'VUANHLK13',N'vuanhlk12@gmail.com',N'VUANHLK12@GMAIL.COM',0,N'AQAAAAEAACcQAAAAEN2Jw+JjGGlyfHlZrNtiHHK5maGMYifPhgGnRw2377dk9NMZFwbQrA4+9SRpfQyhpA==',N'OVG2KA3ZET4V5JIQLPQMHIYI343LKULP',N'ac8b7f55-3fc9-4c2a-9daf-30c3f7913033',N'0394668699',0,0,NULL,1,0,N'M',NULL,N'Vũ Anh',N'Bùi','1999-10-29 00:00:00.000'),
	 (N'5bafa296-7c23-42f9-86c6-dbef6b095e92',N'vuanhtest',N'VUANHTEST',N'vuanhlk12@gmail.com',N'VUANHLK12@GMAIL.COM',0,N'AQAAAAEAACcQAAAAEN20dF6S+dBzC62jcZA/Mk2d1hPpYg6VqJGoMXaoWL1Z6PkPY4b4WmBZTw/tPEJCgg==',N'DYX4VINFBKKLTOSUIIZEICIBV5U2L6PN',N'2707f48b-eeec-4588-a77c-cabb0760e23e',N'0394668699',0,0,NULL,1,0,N'M',NULL,N'Vũ Anh',N'Bùi','1999-10-29 00:00:00.000'),
	 (N'63d876b6-5ce3-4e32-80d9-2edb706aa14d',N'phongcoibg99',N'PHONGCOIBG99',N'phongcoi99@gmail.com',N'PHONGCOI99@GMAIL.COM',0,N'AQAAAAEAACcQAAAAEIoYjwUVL/nEqh6UbvKxu2xml9kfCiHbePZ0op7ztosNn89pRPjtxqsMGfLMO0wkYg==',N'KOGSS4UQFELBQZNW76VTVDSGZLJ5M5QV',N'42487897-37a9-41ad-9dc9-fb2b28938691',N'0364431866',0,0,NULL,1,0,N'',NULL,N'Nguyễn',N'Phong','1999-09-11 00:00:00.000'),
	 (N'87660958-cf24-4b94-9eca-2cec66a711d3',N'vuanhmng',N'VUANHMNG',N'vuanhlk12@gmail.com',N'VUANHLK12@GMAIL.COM',0,N'AQAAAAEAACcQAAAAEPg8XKprGVwWwwQXd0zr6J5Fvr5GPDrva3uCULBW1A8/sz36sIPicENJtnkHkjxjXQ==',N'HUGMQVBY4BSWJPAKSYVUBWLUINNAYGKT',N'de0a2dc5-d3ca-4d12-a4fe-09e7428164fd',N'0394668699',0,0,NULL,1,0,N'M',N'https://www.facebook.com/',N'Vũ Anh',N'Bùi','1999-10-29 00:00:00.000'),
	 (N'9c97a43e-a55b-4b19-a69f-e58e2153c99b',N'vuanhlk12',N'VUANHLK12',N'vuanhlk12@gmail.com',N'VUANHLK12@GMAIL.COM',0,N'AQAAAAEAACcQAAAAEGRw/vXzyHjn3fm2fM3OQ+3vCG9r0fdpGg+8VX1EDSJU/sYacwZvpxUj4WMSBmewNA==',N'R3MSEHEVWPNY6ARYKR2VLKJTC6PNNBUK',N'92ed19e8-df83-42b4-a8bb-e86a1febde5f',N'2132123123',0,0,NULL,1,0,N'M',NULL,N'Anh',N'Vũ','2021-06-17 00:00:00.000'),
	 (N'9e1fb721-c2c5-4d6e-9860-f76a2ee1a22d',N'datanh230599',N'DATANH230599',N'anhndn.uet@gmail.com',N'ANHNDN.UET@GMAIL.COM',0,N'AQAAAAEAACcQAAAAELbVXILK0wCKU6KzgWmH/Rg0LUB3WueLWa6/S/qk81w6fZRgV56+NF2HcO6//jNGjA==',N'LXSRIMA2QD2ZVKERPIX4DQ2UNM4VUTCI',N'b7505fe7-2411-49c4-a635-32b61a0528f8',N'09623967877',0,0,NULL,1,0,N'',NULL,N'Nguyễn',N'Anh','1999-06-23 00:00:00.000'),
	 (N'a0a12e57-31d4-4532-8906-ec7768d4fcc3',N'vuanhtiko',N'VUANHTIKO',N'vuanhlk12@gmail.com',N'VUANHLK12@GMAIL.COM',0,N'AQAAAAEAACcQAAAAEDNjOWoqgGil/OLV/rv5gOwOYNJBsjsJIfJKV6KKeCjmQ+aQWx7uC49fExemH1wmrQ==',N'CXPNU5DGT64SZXPQZOPG5VH6DZOGYQPL',N'75f37b28-1de4-45c1-b97d-2db77c423cb5',N'0394444444',0,0,NULL,1,0,N'',NULL,N'ti',N'ko','2021-06-17 00:00:00.000');
INSERT INTO db_a743ce_vuanhlk15.dbo.AspNetUsers (Id,UserName,NormalizedUserName,Email,NormalizedEmail,EmailConfirmed,PasswordHash,SecurityStamp,ConcurrencyStamp,PhoneNumber,PhoneNumberConfirmed,TwoFactorEnabled,LockoutEnd,LockoutEnabled,AccessFailedCount,Gender,ProfilePhoto,FirstName,LastName,DateOfBirth) VALUES
	 (N'aca06373-1efe-4da9-82eb-b66fe7185754',N'vuanhad',N'VUANHAD',N'vuanhlk12@gmail.com',N'VUANHLK12@GMAIL.COM',0,N'AQAAAAEAACcQAAAAEGa2Y0OEyzfMwzOrX8c8IwCXXgTcwXlfG4Ve8wWYFxq/9Q96i0QveVo+2e5i3ZECWA==',N'7FEW4NIXGN6DNYO6S7E7TWUPE7VNRK7N',N'c2c7485f-0b15-4a2b-a789-38e6686e5411',N'0394668699',0,0,NULL,1,0,N'M',N'https://www.facebook.com/',N'Vũ Anh',N'Bùi','1999-10-29 00:00:00.000'),
	 (N'b0d517c7-e2de-4132-87a6-d1f22d4033bf',N'datanh14',N'DATANH14',N'datanh14@gmail.com',N'DATANH14@GMAIL.COM',0,N'AQAAAAEAACcQAAAAECbTuU4aPjoNvPD3uPoD2tuHgCZiM25IOSEfchj9afH2T9JiuraiyiKbOFpkJksLqg==',N'7L3NFTRDHFPTYJGXTWIHCH44ZB3IC24V',N'14e0bd59-67b5-44fe-b670-ae81c70f6c30',N'0962396877',0,0,NULL,1,0,N'M',NULL,N'Đạt Anh',N'Nguyễn','1999-05-23 00:00:00.000'),
	 (N'b371d81c-54fc-4e39-b3f3-5732997066a9',N'vuanhlk122',N'VUANHLK122',N'vuanhlk212@gmail.com',N'VUANHLK212@GMAIL.COM',0,N'AQAAAAEAACcQAAAAEEOh7fOF+IHCTfqlRjPYo+ZCD/Y1BCjvlq62km3Pt5W/sb8bN1hmhLUuAX9a5HMFXQ==',N'KD6PKZHYC7UA4BZYCPMNE5J7DMN7YNYZ',N'8048ef4b-5e53-45a5-b8a5-2acc583eaa7e',N'153212313',0,0,NULL,1,0,N'F',NULL,N'Anh',N'Ánh','2021-06-24 00:00:00.000'),
	 (N'c74ff8d5-7862-4c67-b95c-856faf94d105',N'vuanhtikoo',N'VUANHTIKOO',N'vuanhlk12@gmail.com',N'VUANHLK12@GMAIL.COM',0,N'AQAAAAEAACcQAAAAECZD0crA9Utjb7NU3u544h8ZeH/XtRjppd3W3YsRPdPqPRoT/HLpos5wxbmZRWFTJw==',N'JMOTXYBG6UXTZLHTKHK3KFCMBXSSGCRW',N'f6050719-4d2b-4f9f-a822-3024c1756d2c',N'039444444',0,0,NULL,1,0,N'M',NULL,N'ti',N'ko','2021-06-25 00:00:00.000'),
	 (N'e8472aab-ca79-4287-b985-9e50426fd39a',N'vuanhmng112',N'VUANHMNG112',N'vuanhlk19@gmail.com',N'VUANHLK19@GMAIL.COM',0,N'AQAAAAEAACcQAAAAEOleP7BhhkCIQHS+UcqXZgV4VShX4CT8ikPBpQX7fo0DwqmjT1FGN9iqCRmbN+tsYg==',N'34J5ALR3TFP5ZDKCJNQRGBM654QJSEVX',N'e1ecf167-707c-4751-8060-dc5813585d3a',N'039556825',0,0,NULL,1,0,N'',NULL,N'Vu',N'Anh','2021-06-23 00:00:00.000'),
	 (N'eda2a409-1694-4663-af0a-e76c03e70cd7',N'kakaka',N'KAKAKA',N'asdasd@gmail.com',N'ASDASD@GMAIL.COM',0,N'AQAAAAEAACcQAAAAEDGV3+oZXz74cj1qNsQIp4CdEdxNlVWV9bkM4G1i7FcLZGWACldecU0N9AwmMQHXNg==',N'2XWEIVF4VNUOVH2VDCTQGZFW2EH3IMUJ',N'8a83b4b8-67ef-4a25-836d-b5b454a6ac4b',N'adsda',0,0,NULL,1,0,N'F',NULL,N'dasd',N'asd','2021-06-08 00:00:00.000');
	 
-----------------------------------------
INSERT INTO db_a743ce_vuanhlk15.dbo.City (ID,CityName,LastModify) VALUES
	 (N'06cabf66-0a17-4309-8f48-9671aadb5d9c',N'Tỉnh Điện Biên','2020-04-01 00:00:00.000'),
	 (N'1aa38467-d970-403b-b084-3cabb273f166',N'Tỉnh Lai Châu','2020-04-01 00:00:00.000'),
	 (N'1c584863-69c3-440b-be15-be87dd08ccbc',N'Tỉnh Hà Giang','2020-04-01 00:00:00.000'),
	 (N'250b932c-4b12-41ce-bf8f-1f30c74359ee',N'Tỉnh Bắc Kạn','2020-04-01 00:00:00.000'),
	 (N'2c115596-d147-421f-ae7c-528aceb94375',N'Tỉnh Thái Nguyên','2020-04-01 00:00:00.000'),
	 (N'2ce9ef0f-6718-4922-bf2e-b025b6b9b4fc',N'Tỉnh Tuyên Quang','2020-04-01 00:00:00.000'),
	 (N'4c2a97de-2cf4-4b7d-b22a-e63b1894f73c',N'Tỉnh Hoà Bình','2020-04-01 00:00:00.000'),
	 (N'6d4fa66a-0218-479c-b7d8-b3c4970b21e1',N'Tỉnh Lào Cai','2020-04-01 00:00:00.000'),
	 (N'8c39dfdf-e8a4-4132-bb55-1aadaf8e531b',N'Tỉnh Yên Bái','2020-04-01 00:00:00.000'),
	 (N'930b3538-3e14-4690-8522-19080a57ebae',N'Thành phố Hà Nội','2020-04-01 00:00:00.000');
INSERT INTO db_a743ce_vuanhlk15.dbo.City (ID,CityName,LastModify) VALUES
	 (N'94ac63f5-e233-4357-953b-dd38180d5580',N'Tỉnh Sơn La','2020-04-01 00:00:00.000'),
	 (N'9ba47634-23a9-46c6-8172-d11e2727fea6',N'Tỉnh Cao Bằng','2020-04-01 00:00:00.000'),
	 (N'd7ab7895-6e56-4599-9ac2-16f59867f350',N'Tỉnh Lạng Sơn','2020-04-01 00:00:00.000');
---------------------------
INSERT INTO db_a743ce_vuanhlk15.dbo.AspNetUserRoles (UserId,RoleId) VALUES
	 (N'15b816a9-1b73-45dd-8c0b-d20870fa5ec0',N'7f99c69c-fcb7-46f0-b6ef-d30042b376e6'),
	 (N'2e2d4362-daaa-4540-9385-5074fae26a28',N'7f99c69c-fcb7-46f0-b6ef-d30042b376e6'),
	 (N'4cbb8244-b86c-4cb3-a1b0-0b56bdc9f9f7',N'7f99c69c-fcb7-46f0-b6ef-d30042b376e6'),
	 (N'534abc92-8669-41c8-97e4-1e9a9ed98735',N'7f99c69c-fcb7-46f0-b6ef-d30042b376e6'),
	 (N'5bafa296-7c23-42f9-86c6-dbef6b095e92',N'7f99c69c-fcb7-46f0-b6ef-d30042b376e6'),
	 (N'63d876b6-5ce3-4e32-80d9-2edb706aa14d',N'7f99c69c-fcb7-46f0-b6ef-d30042b376e6'),
	 (N'9c97a43e-a55b-4b19-a69f-e58e2153c99b',N'7f99c69c-fcb7-46f0-b6ef-d30042b376e6'),
	 (N'9e1fb721-c2c5-4d6e-9860-f76a2ee1a22d',N'7f99c69c-fcb7-46f0-b6ef-d30042b376e6'),
	 (N'a0a12e57-31d4-4532-8906-ec7768d4fcc3',N'7f99c69c-fcb7-46f0-b6ef-d30042b376e6'),
	 (N'b0d517c7-e2de-4132-87a6-d1f22d4033bf',N'7f99c69c-fcb7-46f0-b6ef-d30042b376e6');
INSERT INTO db_a743ce_vuanhlk15.dbo.AspNetUserRoles (UserId,RoleId) VALUES
	 (N'b371d81c-54fc-4e39-b3f3-5732997066a9',N'7f99c69c-fcb7-46f0-b6ef-d30042b376e6'),
	 (N'c74ff8d5-7862-4c67-b95c-856faf94d105',N'7f99c69c-fcb7-46f0-b6ef-d30042b376e6'),
	 (N'e8472aab-ca79-4287-b985-9e50426fd39a',N'7f99c69c-fcb7-46f0-b6ef-d30042b376e6'),
	 (N'eda2a409-1694-4663-af0a-e76c03e70cd7',N'7f99c69c-fcb7-46f0-b6ef-d30042b376e6'),
	 (N'4cbb8244-b86c-4cb3-a1b0-0b56bdc9f9f7',N'a20604e2-ecac-4630-9e27-f7c56ec48865'),
	 (N'534abc92-8669-41c8-97e4-1e9a9ed98735',N'a20604e2-ecac-4630-9e27-f7c56ec48865'),
	 (N'87660958-cf24-4b94-9eca-2cec66a711d3',N'a20604e2-ecac-4630-9e27-f7c56ec48865'),
	 (N'9e1fb721-c2c5-4d6e-9860-f76a2ee1a22d',N'a20604e2-ecac-4630-9e27-f7c56ec48865'),
	 (N'a0a12e57-31d4-4532-8906-ec7768d4fcc3',N'a20604e2-ecac-4630-9e27-f7c56ec48865'),
	 (N'87660958-cf24-4b94-9eca-2cec66a711d3',N'cc419013-5d33-4f08-adf5-ff7c7bcaec72');
INSERT INTO db_a743ce_vuanhlk15.dbo.AspNetUserRoles (UserId,RoleId) VALUES
	 (N'aca06373-1efe-4da9-82eb-b66fe7185754',N'd536667c-c645-4fac-9ed6-ae19f60eea11');
---------------------------
INSERT INTO db_a743ce_vuanhlk15.dbo.Category (ID,ParentID,Name,Priority,[Image]) VALUES
	 (N'00319ee8-4785-434e-8845-d7a7f1033c37',N'5293cbf6-8259-4c1b-97f8-dc92ddda3001',N'Tai nghe chụp tai',0,N'https://firebasestorage.googleapis.com/v0/b/duanimage-50853.appspot.com/o/images%2Funnamed.jpg?alt=media&token=80cf1b22-d1c6-4ce9-9ed3-9aec99068af3'),
	 (N'0823c828-165a-4f6d-8d24-92fc3982f2d7',N'3870e5f9-61f1-48c9-ab98-c8aeb34464f7',N'Thiết bị nhà thông minh',0,N'https://firebasestorage.googleapis.com/v0/b/duanimage-50853.appspot.com/o/images%2Fthiet-bi-dien-thong-minh-lumi.jpg?alt=media&token=08c63835-a306-4e36-b14c-e28a98f32e07'),
	 (N'103e3ddc-5170-425e-a9b2-7ef184016a93',N'3fba6643-fac5-47f6-9093-3898aac0d2fb',N'Tủ lạnh',0,N'https://firebasestorage.googleapis.com/v0/b/duanimage-50853.appspot.com/o/images%2Fpanasonic-nr-bl340gavn-2-org.jpg?alt=media&token=63108916-8f17-44ed-b54e-6f00a69da25f'),
	 (N'1a8ac6cf-7637-4850-8447-06fcd3fd697f',N'6d7922b1-6a78-44b9-8d08-332f4d429238',N'Thiết bị game',0,N'https://firebasestorage.googleapis.com/v0/b/duanimage-50853.appspot.com/o/images%2F4ee8cca2064707a3631699daf1244348.jpg?alt=media&token=95fd9ea7-02d2-487c-8362-01cc766a7154'),
	 (N'24e01437-677a-418f-a48b-ec705edf2406',N'1a8ac6cf-7637-4850-8447-06fcd3fd697f',N'Đồng hồ gaming',0,N'https://firebasestorage.googleapis.com/v0/b/duanimage-50853.appspot.com/o/images%2F40843_forerunner_745_black_ha1.jpg?alt=media&token=9fd117ce-cf2c-4aac-9025-6bb6fb8eb606'),
	 (N'2b4717d6-592f-4269-b975-933343e86615',N'5293cbf6-8259-4c1b-97f8-dc92ddda3001',N'Tai nghe nhét tai',0,N'https://firebasestorage.googleapis.com/v0/b/duanimage-50853.appspot.com/o/images%2Ftai-nghe-nhet-tai-samsung-galaxy-s4-co-microphone_40721_5.jpg?alt=media&token=ece75ec1-1e11-4a30-b5b6-2ca9baa7b923'),
	 (N'2cf3e7ad-dce1-4582-b68b-8c48fc9d9174',N'1a8ac6cf-7637-4850-8447-06fcd3fd697f',N'Lót chuột game',0,N'https://firebasestorage.googleapis.com/v0/b/duanimage-50853.appspot.com/o/images%2Frazer.jpg?alt=media&token=7f689c2d-c4fd-4f75-b185-8423ddf9a284'),
	 (N'36a02659-4d4b-433d-af64-1bb9fb602b66',N'3fba6643-fac5-47f6-9093-3898aac0d2fb',N'Máy giặt',0,N'https://firebasestorage.googleapis.com/v0/b/duanimage-50853.appspot.com/o/images%2Fdownload.jpg?alt=media&token=70d86d59-c27f-427b-af40-47d94cda5810'),
	 (N'3834f537-601b-4894-bea6-8f24e89c169c',N'3870e5f9-61f1-48c9-ab98-c8aeb34464f7',N'Đồng hồ thông minh',0,N'https://firebasestorage.googleapis.com/v0/b/duanimage-50853.appspot.com/o/images%2Fdong-ho-thong-minh.jpg?alt=media&token=5fb9ddbd-9a47-4b38-977d-16a1fe2349af'),
	 (N'3870e5f9-61f1-48c9-ab98-c8aeb34464f7',N'6d7922b1-6a78-44b9-8d08-332f4d429238',N'Thiết bị đeo thông minh',0,N'https://firebasestorage.googleapis.com/v0/b/duanimage-50853.appspot.com/o/images%2Fbansao01galaxywatchactive2cfit2cbuds_onuj.jpg?alt=media&token=497ddf70-990d-4e86-87c3-102f0f2ca1be');
INSERT INTO db_a743ce_vuanhlk15.dbo.Category (ID,ParentID,Name,Priority,[Image]) VALUES
	 (N'39ba1a02-4a92-459d-8be1-e304a1fae073',N'b82de6ac-6f76-4dcf-8dc7-1940bfce3339',N'Dell',0,N'https://firebasestorage.googleapis.com/v0/b/duanimage-50853.appspot.com/o/images%2Ffc78304d937382dd87e5e1385c665172.jpg?alt=media&token=658e4454-70a6-479b-8a3b-0e9b034ec871'),
	 (N'3bfefaae-f37c-42ac-922d-dfa7ae0f6cc5',N'3870e5f9-61f1-48c9-ab98-c8aeb34464f7',N'Kính thực tế ảo',0,N'https://firebasestorage.googleapis.com/v0/b/duanimage-50853.appspot.com/o/images%2FUntitled-1_o344-hx.jpg?alt=media&token=444c1f18-e000-48c5-839c-7dd764224aed'),
	 (N'3da05cb0-c746-438a-9061-22881a5cb7f9',N'6706b9be-562d-457f-b472-e15f93392a0e',N'Loa Bluetooth',0,N'https://firebasestorage.googleapis.com/v0/b/duanimage-50853.appspot.com/o/images%2Fbluetoth-jbl-charge-4-den-1-org.jpg?alt=media&token=e7712b56-bf7b-4ed5-a848-adb184039670'),
	 (N'3fba6643-fac5-47f6-9093-3898aac0d2fb',NULL,N'Điện tử - Điện lạnh',0,N'https://firebasestorage.googleapis.com/v0/b/duanimage-50853.appspot.com/o/images%2Fsua-chua-dien-tu-hai-phong-11.jpg?alt=media&token=f9b6c4da-b4db-4270-bed7-d5e6d9418e54'),
	 (N'412393c1-1bf8-4e68-aa52-73c34b80f9eb',N'1a8ac6cf-7637-4850-8447-06fcd3fd697f',N'Tay bấm game',0,N'https://firebasestorage.googleapis.com/v0/b/duanimage-50853.appspot.com/o/images%2F57027_tay_cam_choi_game_sony_ps5_dualsense_0003_4.jpg?alt=media&token=f4d2d93e-8556-421c-97f7-5525b81b9a7c'),
	 (N'41fd2f63-91b3-4f40-be7d-dfd5e106cc70',N'1a8ac6cf-7637-4850-8447-06fcd3fd697f',N'Đĩa game',0,N'https://firebasestorage.googleapis.com/v0/b/duanimage-50853.appspot.com/o/images%2Ff2f5bf53df74f16e07de0e4eca7e444a_tn.jpg?alt=media&token=b9b8fdf7-9aed-4ef4-abfa-f6aa5f280ec1'),
	 (N'47a6113d-c937-4f75-a804-40beecdb0ab5',N'553be93a-fecd-44a6-99ea-cc4b0a14a1ad',N'Sim số, 3G/4G',0,N'https://firebasestorage.googleapis.com/v0/b/duanimage-50853.appspot.com/o/images%2Fdownload.png?alt=media&token=2f2ab447-e2b9-467a-88d9-bd70545a3e59'),
	 (N'4d309a66-5958-455f-94c2-3223cc12c615',N'e044a2a8-3c3f-4c02-9ed6-ae7a4aac7a89',N'Smartphone',0,N'https://firebasestorage.googleapis.com/v0/b/duanimage-50853.appspot.com/o/images%2Fsmartphone-o-viet-nam_800x450.jpg?alt=media&token=2d8c2159-38c5-4393-af12-d4764efa9d4d'),
	 (N'4e166f05-133c-4301-b86a-2e66cb8aec70',N'1a8ac6cf-7637-4850-8447-06fcd3fd697f',N'Tai nghe gaming',0,N'https://firebasestorage.googleapis.com/v0/b/duanimage-50853.appspot.com/o/images%2Fdownload%20(1).jpg?alt=media&token=478e87d7-0681-4a36-8615-2b663e03b9d5'),
	 (N'5293cbf6-8259-4c1b-97f8-dc92ddda3001',N'62ec913c-d06a-422c-b631-c6dc29cbc852',N'Tai nghe',0,N'https://firebasestorage.googleapis.com/v0/b/duanimage-50853.appspot.com/o/images%2Ftai-nghe-bluetooth-true-wireless-qcy-t7__10_.jpg?alt=media&token=3959f87e-e7a2-4bb9-9df9-db9a338be8e4');
INSERT INTO db_a743ce_vuanhlk15.dbo.Category (ID,ParentID,Name,Priority,[Image]) VALUES
	 (N'553be93a-fecd-44a6-99ea-cc4b0a14a1ad',N'6d7922b1-6a78-44b9-8d08-332f4d429238',N'Phụ kiện điện thoại',0,N'https://firebasestorage.googleapis.com/v0/b/duanimage-50853.appspot.com/o/images%2F2(9).png?alt=media&token=c099cfd5-992e-4f1b-9b07-5deaf50ab869'),
	 (N'62ec913c-d06a-422c-b631-c6dc29cbc852',N'6d7922b1-6a78-44b9-8d08-332f4d429238',N'Thiết bị âm thanh',1,N''),
	 (N'64ffb2b0-bd91-4a14-9eae-5322d1b827f1',N'553be93a-fecd-44a6-99ea-cc4b0a14a1ad',N'Pin sạc dự phòng',2,N''),
	 (N'6706b9be-562d-457f-b472-e15f93392a0e',N'62ec913c-d06a-422c-b631-c6dc29cbc852',N'Loa',2,N''),
	 (N'678f9b53-3164-46cc-8985-d6d7bdf5fab9',N'553be93a-fecd-44a6-99ea-cc4b0a14a1ad',N'Gậy chụp hình',2,N''),
	 (N'6c7bbb06-6794-42ea-b1a8-64c2816fc6ce',N'553be93a-fecd-44a6-99ea-cc4b0a14a1ad',N'Miếng dán màn hình',2,N''),
	 (N'6d7922b1-6a78-44b9-8d08-332f4d429238',NULL,N'Phụ kiện - thiết bị số',0,N''),
	 (N'6d92fc71-dfe7-4909-9c05-a5e3f0a32a94',N'3fba6643-fac5-47f6-9093-3898aac0d2fb',N'Điều hòa',0,N'https://firebasestorage.googleapis.com/v0/b/duanimage-50853.appspot.com/o/images%2Ff82a7ce86c8b49bfe9797bfc0adf85cc.jpg?alt=media&token=43398b6c-c2db-49ff-a47e-ecbb605eba9c'),
	 (N'71b43f31-30ce-40f8-9d09-7cfb8276c7eb',N'e044a2a8-3c3f-4c02-9ed6-ae7a4aac7a89',N'Máy tính bảng',1,N''),
	 (N'763d432e-efcb-4baf-a43b-c4b2d536ebb2',N'1a8ac6cf-7637-4850-8447-06fcd3fd697f',N'Ghế gaming',2,N'');
INSERT INTO db_a743ce_vuanhlk15.dbo.Category (ID,ParentID,Name,Priority,[Image]) VALUES
	 (N'7bbd7a18-fd7e-44b2-bcdc-fc65f77c5ac5',N'e044a2a8-3c3f-4c02-9ed6-ae7a4aac7a89',N'Phụ kiện điện thoại',1,N''),
	 (N'7d7ced46-3250-4d8b-bb37-f91425f26f53',N'1a8ac6cf-7637-4850-8447-06fcd3fd697f',N'Màn hình gaming',2,N''),
	 (N'7f42eb0c-f1f5-47f7-9b2c-9e042a0f971a',N'1a8ac6cf-7637-4850-8447-06fcd3fd697f',N'Bàn phím gaming',2,N''),
	 (N'81ea822f-d024-4c6d-b9f6-58e7f5948aa0',N'553be93a-fecd-44a6-99ea-cc4b0a14a1ad',N'Bao da- Ốp lưng',2,N''),
	 (N'82608b78-d62e-4384-92df-5fcaa43c963f',N'6706b9be-562d-457f-b472-e15f93392a0e',N'Phụ kiện âm thanh',3,N''),
	 (N'8e61d119-aaf9-4188-94d5-2bf3b8563c31',N'553be93a-fecd-44a6-99ea-cc4b0a14a1ad',N'Adapter - Củ sạc',2,N''),
	 (N'8f39fb00-c302-4ef8-8f8c-b0f0c9b74027',N'e044a2a8-3c3f-4c02-9ed6-ae7a4aac7a89',N'Máy đọc sách',1,N''),
	 (N'8fccfad4-4483-4c7e-9374-ac92280f9a20',N'1a8ac6cf-7637-4850-8447-06fcd3fd697f',N'Chuột gaming',2,N''),
	 (N'b82de6ac-6f76-4dcf-8dc7-1940bfce3339',NULL,N'Laptop - Thiết bị IT',0,N''),
	 (N'c41aefa0-853c-4ad5-98ef-2e6cba9e918f',N'6706b9be-562d-457f-b472-e15f93392a0e',N'Máy nghe nhạc - Máy ghi âm',3,N'');
INSERT INTO db_a743ce_vuanhlk15.dbo.Category (ID,ParentID,Name,Priority,[Image]) VALUES
	 (N'ce32e17c-d2ad-4c46-b2d3-bd44bf4a0288',N'553be93a-fecd-44a6-99ea-cc4b0a14a1ad',N'Đế sạc không dây',2,N''),
	 (N'd77cfd81-f45c-456f-befc-6365826cd732',N'6706b9be-562d-457f-b472-e15f93392a0e',N'Loa Vi Tính',3,N''),
	 (N'e044a2a8-3c3f-4c02-9ed6-ae7a4aac7a89',NULL,N'Điện thoại - Máy tính bảng',0,N''),
	 (N'e2a5751a-396b-4b43-90ae-90891d07c75d',N'3fba6643-fac5-47f6-9093-3898aac0d2fb',N'Tivi',0,N'https://firebasestorage.googleapis.com/v0/b/duanimage-50853.appspot.com/o/images%2F9-4.jpg?alt=media&token=d0f85a36-6dcf-4623-8f1f-dddb08a15087'),
	 (N'e73a7dc3-6bb3-40d6-a8e1-37bb9811096b',N'553be93a-fecd-44a6-99ea-cc4b0a14a1ad',N'Dây cáp sạc',2,N''),
	 (N'eb4eca7b-53e6-4bf8-992b-81ff18860ea4',N'553be93a-fecd-44a6-99ea-cc4b0a14a1ad',N'Thẻ nhớ điện thoại',2,N''),
	 (N'fd3062e6-fb50-4c74-bae6-e4f086fcaa71',N'5293cbf6-8259-4c1b-97f8-dc92ddda3001',N'Tai nghe Bluetooth',3,N''),
	 (N'fe62e309-3f7f-49b1-a804-656f4d27fa25',N'1a8ac6cf-7637-4850-8447-06fcd3fd697f',N'Máy chơi game',2,N'');
--------------------------------------------
INSERT INTO db_a743ce_vuanhlk15.dbo.District (ID,DistrictName,CityID,LastModify) VALUES
	 (N'034c7615-4c8c-4546-a972-9c1279906919',N'Huyện Bảo Lâm',N'9ba47634-23a9-46c6-8172-d11e2727fea6','2020-04-01 00:00:00.000'),
	 (N'07b5169f-aff5-48db-9899-421fbab00227',N'Thị Xã Mường Lay',N'06cabf66-0a17-4309-8f48-9671aadb5d9c','2020-04-01 00:00:00.000'),
	 (N'07c6c45f-a1cf-4c5e-b9d6-e229ae5d2438',N'Huyện Sìn Hồ',N'1aa38467-d970-403b-b084-3cabb273f166','2020-04-01 00:00:00.000'),
	 (N'08553de6-0849-41b9-9862-e33728942dee',N'Huyện Văn Quan',N'd7ab7895-6e56-4599-9ac2-16f59867f350','2020-04-01 00:00:00.000'),
	 (N'08cc6437-5b30-49f2-94e1-c5169741f53d',N'Huyện Đà Bắc',N'4c2a97de-2cf4-4b7d-b22a-e63b1894f73c','2020-04-01 00:00:00.000'),
	 (N'0a16de60-299e-4a79-9180-3d253dc9bbb0',N'Huyện Ba Vì',N'930b3538-3e14-4690-8522-19080a57ebae','2020-04-01 00:00:00.000'),
	 (N'0ef7f035-0b70-4e9c-b8c8-27392a530e5c',N'Thành phố Sông Công',N'2c115596-d147-421f-ae7c-528aceb94375','2020-04-01 00:00:00.000'),
	 (N'1094419d-814e-4d8e-b4d3-0b1e675226c1',N'Thành phố Lạng Sơn',N'd7ab7895-6e56-4599-9ac2-16f59867f350','2020-04-01 00:00:00.000'),
	 (N'13ea126e-289a-4d89-b87f-9bc47d4ed066',N'Huyện Chi Lăng',N'd7ab7895-6e56-4599-9ac2-16f59867f350','2020-04-01 00:00:00.000'),
	 (N'15abf600-731e-4ae6-99ea-1478d0b8ce95',N'Huyện Phú Xuyên',N'930b3538-3e14-4690-8522-19080a57ebae','2020-04-01 00:00:00.000');
INSERT INTO db_a743ce_vuanhlk15.dbo.District (ID,DistrictName,CityID,LastModify) VALUES
	 (N'18aedc51-314d-45f0-9739-e0ea8c43ac3b',N'Huyện Kim Bôi',N'4c2a97de-2cf4-4b7d-b22a-e63b1894f73c','2020-04-01 00:00:00.000'),
	 (N'1aa43f1f-9cb5-45d1-b7e2-9449025ff794',N'Huyện Hà Quảng',N'9ba47634-23a9-46c6-8172-d11e2727fea6','2020-04-01 00:00:00.000'),
	 (N'1cbc129e-de07-4923-b7b3-009b51094af9',N'Huyện Ba Bể',N'250b932c-4b12-41ce-bf8f-1f30c74359ee','2020-04-01 00:00:00.000'),
	 (N'1ce23982-dddb-4ae8-8852-0f268fa6316c',N'Huyện Ngân Sơn',N'250b932c-4b12-41ce-bf8f-1f30c74359ee','2020-04-01 00:00:00.000'),
	 (N'1ecf4f89-0b21-475d-b450-5202c983a155',N'Huyện Bình Gia',N'd7ab7895-6e56-4599-9ac2-16f59867f350','2020-04-01 00:00:00.000'),
	 (N'22e770eb-02d9-4d86-bef7-a66d18982411',N'Huyện Bảo Thắng',N'6d4fa66a-0218-479c-b7d8-b3c4970b21e1','2020-04-01 00:00:00.000'),
	 (N'25bf98b1-24af-4076-81ce-8c44e3763fa0',N'Huyện Lâm Bình',N'2ce9ef0f-6718-4922-bf2e-b025b6b9b4fc','2020-04-01 00:00:00.000'),
	 (N'25c43d95-a991-48df-82b1-01cc218b4232',N'Huyện Thạch An',N'9ba47634-23a9-46c6-8172-d11e2727fea6','2020-04-01 00:00:00.000'),
	 (N'28b6dbf2-f3a2-4e6c-8886-450701f092ba',N'Quận Hoàn Kiếm',N'930b3538-3e14-4690-8522-19080a57ebae','2020-04-01 00:00:00.000'),
	 (N'28f297fb-6abd-4841-aa0b-81da0481575f',N'Huyện Mù Căng Chải',N'8c39dfdf-e8a4-4132-bb55-1aadaf8e531b','2020-04-01 00:00:00.000');
INSERT INTO db_a743ce_vuanhlk15.dbo.District (ID,DistrictName,CityID,LastModify) VALUES
	 (N'2a9c5d22-ca75-45c0-8de5-824ff8e14850',N'Huyện Phong Thổ',N'1aa38467-d970-403b-b084-3cabb273f166','2020-04-01 00:00:00.000'),
	 (N'2cc0876d-f001-4cd9-9a08-8d4507592746',N'Huyện Yên Minh',N'1c584863-69c3-440b-be15-be87dd08ccbc','2020-04-01 00:00:00.000'),
	 (N'2ef131d8-1034-4c84-98b2-77761929d193',N'Huyện Phú Bình',N'2c115596-d147-421f-ae7c-528aceb94375','2020-04-01 00:00:00.000'),
	 (N'2fd0afbe-7704-41ea-8dd7-b485a2beec0b',N'Thành phố Lai Châu',N'1aa38467-d970-403b-b084-3cabb273f166','2020-04-01 00:00:00.000'),
	 (N'324b09fd-f963-419b-ad9c-7d546e62ab92',N'Huyện Yên Sơn',N'2ce9ef0f-6718-4922-bf2e-b025b6b9b4fc','2020-04-01 00:00:00.000'),
	 (N'35a2a016-4f2e-4e0e-bb47-d546b9504b59',N'Huyện Chương Mỹ',N'930b3538-3e14-4690-8522-19080a57ebae','2020-04-01 00:00:00.000'),
	 (N'3993bb59-7b61-46dd-b7d2-17979bf616e9',N'Thành Phố Bắc Kạn',N'250b932c-4b12-41ce-bf8f-1f30c74359ee','2020-04-01 00:00:00.000'),
	 (N'39956f7c-4b13-4cb5-8d41-115b85fadfc7',N'Huyện Mường La',N'94ac63f5-e233-4357-953b-dd38180d5580','2020-04-01 00:00:00.000'),
	 (N'3abfc601-65b9-4302-844f-857491f5b6aa',N'Huyện Sóc Sơn',N'930b3538-3e14-4690-8522-19080a57ebae','2020-04-01 00:00:00.000'),
	 (N'3bd0ada9-7e42-4ec9-9000-83e6edf8259d',N'Huyện Quảng Uyên',N'9ba47634-23a9-46c6-8172-d11e2727fea6','2020-04-01 00:00:00.000');
INSERT INTO db_a743ce_vuanhlk15.dbo.District (ID,DistrictName,CityID,LastModify) VALUES
	 (N'3d18dfca-3605-4c54-b4e8-2d05a023fdc9',N'Huyện Bát Xát',N'6d4fa66a-0218-479c-b7d8-b3c4970b21e1','2020-04-01 00:00:00.000'),
	 (N'3d8b016b-ba29-40e9-b0f1-34081450d1b6',N'Huyện Lương Sơn',N'4c2a97de-2cf4-4b7d-b22a-e63b1894f73c','2020-04-01 00:00:00.000'),
	 (N'40aa5247-64c7-49a2-9e0e-dfa58db86098',N'Huyện Nà Hang',N'2ce9ef0f-6718-4922-bf2e-b025b6b9b4fc','2020-04-01 00:00:00.000'),
	 (N'4242382f-78a9-4da9-9e01-126d060d947f',N'Huyện Bắc Yên',N'94ac63f5-e233-4357-953b-dd38180d5580','2020-04-01 00:00:00.000'),
	 (N'44d62dda-a0c2-437d-ad16-98087e0d5dd1',N'Huyện Đông Anh',N'930b3538-3e14-4690-8522-19080a57ebae','2020-04-01 00:00:00.000'),
	 (N'44faae9b-743e-4939-ba5e-1474706b647f',N'Huyện Nguyên Bình',N'9ba47634-23a9-46c6-8172-d11e2727fea6','2020-04-01 00:00:00.000'),
	 (N'4506fcec-0291-4f6b-9bcc-eeb639bec4ab',N'Huyện Văn Bàn',N'6d4fa66a-0218-479c-b7d8-b3c4970b21e1','2020-04-01 00:00:00.000'),
	 (N'45813d86-45c2-4975-8a6e-ff2eae75d6c5',N'Huyện Văn Lãng',N'd7ab7895-6e56-4599-9ac2-16f59867f350','2020-04-01 00:00:00.000'),
	 (N'48ad077a-4be6-4a82-a7c4-9608e4b15dd5',N'Huyện Trà Lĩnh',N'9ba47634-23a9-46c6-8172-d11e2727fea6','2020-04-01 00:00:00.000'),
	 (N'48bf4620-5700-4641-9525-00227bee9ae8',N'Huyện Đồng Văn',N'1c584863-69c3-440b-be15-be87dd08ccbc','2020-04-01 00:00:00.000');
INSERT INTO db_a743ce_vuanhlk15.dbo.District (ID,DistrictName,CityID,LastModify) VALUES
	 (N'49ee0d42-f9d0-41af-ac9d-5e2d739743ac',N'Huyện Bắc Hà',N'6d4fa66a-0218-479c-b7d8-b3c4970b21e1','2020-04-01 00:00:00.000'),
	 (N'4a6e98d3-c0a7-4d5c-9208-c827dc0e09eb',N'Huyện Bảo Yên',N'6d4fa66a-0218-479c-b7d8-b3c4970b21e1','2020-04-01 00:00:00.000'),
	 (N'4ab1c7ae-3807-4bb5-beee-00e630c141f5',N'Huyện Si Ma Cai',N'6d4fa66a-0218-479c-b7d8-b3c4970b21e1','2020-04-01 00:00:00.000'),
	 (N'4b1e24e9-8b47-4079-9b2f-da0fa8517b28',N'Huyện Sơn Dương',N'2ce9ef0f-6718-4922-bf2e-b025b6b9b4fc','2020-04-01 00:00:00.000'),
	 (N'4d1d1e16-8209-42f3-9478-14850fdefcc1',N'Huyện Mèo Vạc',N'1c584863-69c3-440b-be15-be87dd08ccbc','2020-04-01 00:00:00.000'),
	 (N'4dbc516b-34a0-4c1f-a422-84707ff5accc',N'Thành phố Hòa Bình',N'4c2a97de-2cf4-4b7d-b22a-e63b1894f73c','2020-04-01 00:00:00.000'),
	 (N'514c72b5-0eaf-4d28-8b7e-622bee7da000',N'Huyện Bắc Sơn',N'd7ab7895-6e56-4599-9ac2-16f59867f350','2020-04-01 00:00:00.000'),
	 (N'52e68d84-b4dc-4a0a-b64d-3c37f251aaa6',N'Thành phố Lào Cai',N'6d4fa66a-0218-479c-b7d8-b3c4970b21e1','2020-04-01 00:00:00.000'),
	 (N'55f450c6-1a54-42b5-b33c-cd7f75a83f9c',N'Huyện Thuận Châu',N'94ac63f5-e233-4357-953b-dd38180d5580','2020-04-01 00:00:00.000'),
	 (N'5621bd4e-077a-44a1-a541-920e1228bb25',N'Huyện Phúc Thọ',N'930b3538-3e14-4690-8522-19080a57ebae','2020-04-01 00:00:00.000');
INSERT INTO db_a743ce_vuanhlk15.dbo.District (ID,DistrictName,CityID,LastModify) VALUES
	 (N'58547dbc-a2dd-49f7-a8a4-b73d6179f0c7',N'Huyện Mù Căng Chải',N'8c39dfdf-e8a4-4132-bb55-1aadaf8e531b','2020-04-01 00:00:00.000'),
	 (N'5a448513-9ca4-4696-ab9a-9e729d15c4b5',N'Thị xã Sơn Tây',N'930b3538-3e14-4690-8522-19080a57ebae','2020-04-01 00:00:00.000'),
	 (N'5e805016-f33f-49ed-aa60-1b91fa89cbf9',N'Huyện Mường Khương',N'6d4fa66a-0218-479c-b7d8-b3c4970b21e1','2020-04-01 00:00:00.000'),
	 (N'5f256ed9-ed3e-4428-8d1e-0d1a3a6dd3ee',N'Quận Hà Đông',N'930b3538-3e14-4690-8522-19080a57ebae','2020-04-01 00:00:00.000'),
	 (N'616989a0-7a32-40b1-a73c-9b535d82ac84',N'Huyện Tam Đường',N'1aa38467-d970-403b-b084-3cabb273f166','2020-04-01 00:00:00.000'),
	 (N'619d6fa9-931b-4026-a6ab-a3c361c86066',N'Quận Hai Bà Trưng',N'930b3538-3e14-4690-8522-19080a57ebae','2020-04-01 00:00:00.000'),
	 (N'62ee6e1b-c300-4275-ba6c-9c78d2d02b41',N'Huyện Đại Từ',N'2c115596-d147-421f-ae7c-528aceb94375','2020-04-01 00:00:00.000'),
	 (N'68358a5b-9a46-4f8c-9caf-5e151a21f660',N'Thành phố Hà Giang',N'1c584863-69c3-440b-be15-be87dd08ccbc','2020-04-01 00:00:00.000'),
	 (N'688c269e-f789-420e-a39b-6b23d0f7b120',N'Thành phố Thái Nguyên',N'2c115596-d147-421f-ae7c-528aceb94375','2020-04-01 00:00:00.000'),
	 (N'6943fbe4-59bd-4365-9216-aacfc9e35f2e',N'Quận Hoàng Mai',N'930b3538-3e14-4690-8522-19080a57ebae','2020-04-01 00:00:00.000');
INSERT INTO db_a743ce_vuanhlk15.dbo.District (ID,DistrictName,CityID,LastModify) VALUES
	 (N'6a2ef814-66f1-4b47-b989-f2e57657abe7',N'Huyện Chiêm Hóa',N'2ce9ef0f-6718-4922-bf2e-b025b6b9b4fc','2020-04-01 00:00:00.000'),
	 (N'6ba89604-0129-4e5a-b679-d1cf36e2974e',N'Quận Ba Đình',N'930b3538-3e14-4690-8522-19080a57ebae','2020-04-01 00:00:00.000'),
	 (N'74d2aaa6-a7e1-4930-881c-2905a71903a8',N'Huyện Lục Yên',N'8c39dfdf-e8a4-4132-bb55-1aadaf8e531b','2020-04-01 00:00:00.000'),
	 (N'78dfb396-313f-4068-a5e1-faaa5aa4be65',N'Huyện Mỹ Đức',N'930b3538-3e14-4690-8522-19080a57ebae','2020-04-01 00:00:00.000'),
	 (N'7a07d8dd-6534-42f9-912d-d3251e88be0c',N'Huyện Đồng Hỷ',N'2c115596-d147-421f-ae7c-528aceb94375','2020-04-01 00:00:00.000'),
	 (N'7e033c3c-db3a-4560-b43c-39e520ca9f17',N'Huyện Mường Tè',N'1aa38467-d970-403b-b084-3cabb273f166','2020-04-01 00:00:00.000'),
	 (N'7e94666e-0154-4d98-8191-dc86476649f8',N'Huyện Quốc Oai',N'930b3538-3e14-4690-8522-19080a57ebae','2020-04-01 00:00:00.000'),
	 (N'86af3cbc-a343-4de6-acb1-4a708c138f4b',N'Huyện Mê Linh',N'930b3538-3e14-4690-8522-19080a57ebae','2020-04-01 00:00:00.000'),
	 (N'897c36fe-da90-4ef0-bd25-6070221ea523',N'Huyện Hàm Yên',N'2ce9ef0f-6718-4922-bf2e-b025b6b9b4fc','2020-04-01 00:00:00.000'),
	 (N'899ea91f-aaba-45fe-adbe-7b0068be1e6d',N'Huyện Văn Bàn',N'6d4fa66a-0218-479c-b7d8-b3c4970b21e1','2020-04-01 00:00:00.000');
INSERT INTO db_a743ce_vuanhlk15.dbo.District (ID,DistrictName,CityID,LastModify) VALUES
	 (N'8a7127d1-4825-4e2b-b29f-69433e3a55dd',N'Quận Bắc Từ Liêm',N'930b3538-3e14-4690-8522-19080a57ebae','2020-04-01 00:00:00.000'),
	 (N'8d74a79b-9a47-4dfd-b374-412063becdce',N'Quận Nam Từ Liêm',N'930b3538-3e14-4690-8522-19080a57ebae','2020-04-01 00:00:00.000'),
	 (N'8df46526-3801-4082-a34d-4950404fa000',N'Thành phố Tuyên Quang',N'2ce9ef0f-6718-4922-bf2e-b025b6b9b4fc','2020-04-01 00:00:00.000'),
	 (N'9030267b-af6e-44a0-ab74-b9714deee94e',N'Huyện Võ Nhai',N'2c115596-d147-421f-ae7c-528aceb94375','2020-04-01 00:00:00.000'),
	 (N'9a919cf0-395c-4848-8aed-5e5af98caff6',N'Thành phố Yên Bái',N'8c39dfdf-e8a4-4132-bb55-1aadaf8e531b','2020-04-01 00:00:00.000'),
	 (N'9b4024e4-546c-4eae-bc11-fcb3f4917e0a',N'Huyện Hạ Lang',N'9ba47634-23a9-46c6-8172-d11e2727fea6','2020-04-01 00:00:00.000'),
	 (N'a2dde9d1-84d0-43c1-a6d3-7dfdba532332',N'Huyện Bạch Thông',N'250b932c-4b12-41ce-bf8f-1f30c74359ee','2020-04-01 00:00:00.000'),
	 (N'a668500b-2bdc-4914-a100-e5657db0858a',N'Huyện Trùng Khánh',N'9ba47634-23a9-46c6-8172-d11e2727fea6','2020-04-01 00:00:00.000'),
	 (N'a77f3d30-0e2f-4ef3-b5ec-4302e3ab210d',N'Huyện Quang Bình',N'1c584863-69c3-440b-be15-be87dd08ccbc','2020-04-01 00:00:00.000'),
	 (N'aa82fde1-9ee7-4e04-8b7f-2384e5310a86',N'Huyện Thanh Trì',N'930b3538-3e14-4690-8522-19080a57ebae','2020-04-01 00:00:00.000');
INSERT INTO db_a743ce_vuanhlk15.dbo.District (ID,DistrictName,CityID,LastModify) VALUES
	 (N'ab244c62-d87f-423b-b1e6-b1983026ece5',N'Huyện Thanh Oai',N'930b3538-3e14-4690-8522-19080a57ebae','2020-04-01 00:00:00.000'),
	 (N'ad7438b7-7593-46d4-9c7b-99f32734fba2',N'Huyện Đan Phượng',N'930b3538-3e14-4690-8522-19080a57ebae','2020-04-01 00:00:00.000'),
	 (N'ada312ee-77df-4eec-831f-0f297cae56da',N'Huyện Quỳnh Nhai',N'94ac63f5-e233-4357-953b-dd38180d5580','2020-04-01 00:00:00.000'),
	 (N'b14ccd35-5d7c-436b-ad59-b1f847c7c485',N'Quận Thanh Xuân',N'930b3538-3e14-4690-8522-19080a57ebae','2020-04-01 00:00:00.000'),
	 (N'b43dcbad-11e5-4b90-a324-2cdc1859e5e3',N'Huyện Tủa Chùa',N'06cabf66-0a17-4309-8f48-9671aadb5d9c','2020-04-01 00:00:00.000'),
	 (N'b75d51eb-16d3-4745-9521-848b984df88f',N'Huyện Thông Nông',N'9ba47634-23a9-46c6-8172-d11e2727fea6','2020-04-01 00:00:00.000'),
	 (N'b9303818-c47e-4a83-a241-6495887bf07f',N'Huyện Phú Lương',N'2c115596-d147-421f-ae7c-528aceb94375','2020-04-01 00:00:00.000'),
	 (N'ba1a41a7-3311-4b4e-91ed-e6bdbdc42a73',N'Huyện Lộc Bình',N'd7ab7895-6e56-4599-9ac2-16f59867f350','2020-04-01 00:00:00.000'),
	 (N'bab18d4a-ecbc-445c-aeee-ed90ce9d8ef0',N'Huyện Gia Lâm',N'930b3538-3e14-4690-8522-19080a57ebae','2020-04-01 00:00:00.000'),
	 (N'bad1dd22-a847-4674-b706-09fe63558ba7',N'Huyện Kỳ Sơn',N'4c2a97de-2cf4-4b7d-b22a-e63b1894f73c','2020-04-01 00:00:00.000');
INSERT INTO db_a743ce_vuanhlk15.dbo.District (ID,DistrictName,CityID,LastModify) VALUES
	 (N'bc3e4823-6d02-4849-8025-f9a46d4db0ff',N'Thành phố Cao Bằng',N'9ba47634-23a9-46c6-8172-d11e2727fea6','2020-04-01 00:00:00.000'),
	 (N'bd103512-0489-47f2-bacb-57cab0812e94',N'Huyện Nguyên Bình',N'9ba47634-23a9-46c6-8172-d11e2727fea6','2020-04-01 00:00:00.000'),
	 (N'bf84af8a-0a80-47a2-bf8d-f164a9c6cca2',N'Huyện Bảo Lạc',N'9ba47634-23a9-46c6-8172-d11e2727fea6','2020-04-01 00:00:00.000'),
	 (N'c050e195-165a-477e-a712-18db6daa3763',N'Quận Đống Đa',N'930b3538-3e14-4690-8522-19080a57ebae','2020-04-01 00:00:00.000'),
	 (N'c2bb790b-a45b-4600-9f48-2622f21b88ba',N'Huyện Hoàng Su Phì',N'1c584863-69c3-440b-be15-be87dd08ccbc','2020-04-01 00:00:00.000'),
	 (N'c9701b0d-a70d-4d32-af0e-40ef76ab3201',N'Thành phố Sơn La',N'94ac63f5-e233-4357-953b-dd38180d5580','2020-04-01 00:00:00.000'),
	 (N'cab3df97-e46a-47d8-b296-b60247206536',N'Huyện Hoài Đức',N'930b3538-3e14-4690-8522-19080a57ebae','2020-04-01 00:00:00.000'),
	 (N'ce4282c4-1432-4eb8-8560-6abdfe1358ba',N'Huyện Pác Nặm',N'250b932c-4b12-41ce-bf8f-1f30c74359ee','2020-04-01 00:00:00.000'),
	 (N'd103efd7-efe6-4ca5-adc3-2ec75d5a55be',N'Huyện Hữu Lũng',N'd7ab7895-6e56-4599-9ac2-16f59867f350','2020-04-01 00:00:00.000'),
	 (N'd2f7d804-fd60-426b-a495-000eaf700c36',N'Huyện Vị Xuyên',N'1c584863-69c3-440b-be15-be87dd08ccbc','2020-04-01 00:00:00.000');
INSERT INTO db_a743ce_vuanhlk15.dbo.District (ID,DistrictName,CityID,LastModify) VALUES
	 (N'd3aca136-b7df-4f20-9413-813aef1a7250',N'Huyện Tràng Định',N'd7ab7895-6e56-4599-9ac2-16f59867f350','2020-04-01 00:00:00.000'),
	 (N'd48cca43-7e48-4377-b399-c6b40a17766b',N'Thị xã Nghĩa Lộ',N'8c39dfdf-e8a4-4132-bb55-1aadaf8e531b','2020-04-01 00:00:00.000'),
	 (N'd6da73a5-fed9-4a09-b3a2-654aeeb2b673',N'Thành phố Điện Biên Phủ',N'06cabf66-0a17-4309-8f48-9671aadb5d9c','2020-04-01 00:00:00.000'),
	 (N'd92e782f-bf13-4f55-b49a-512eb6faf390',N'Huyện Đình Lập',N'd7ab7895-6e56-4599-9ac2-16f59867f350','2020-04-01 00:00:00.000'),
	 (N'ddbe87df-0fbb-4c27-af0d-d5a8d35f4bb4',N'Quận Tây Hồ',N'930b3538-3e14-4690-8522-19080a57ebae','2020-04-01 00:00:00.000'),
	 (N'ded826b4-e1e6-4bbd-98f0-a8b2f3faa9d7',N'Huyện Thạch Thất',N'930b3538-3e14-4690-8522-19080a57ebae','2020-04-01 00:00:00.000'),
	 (N'e001dd74-696f-4a2f-bb05-cb63cd2620ad',N'Huyện Bắc Mê',N'1c584863-69c3-440b-be15-be87dd08ccbc','2020-04-01 00:00:00.000'),
	 (N'e0ace982-312b-4a45-b73e-839eafbddf3c',N'Huyện Mường Nhé',N'06cabf66-0a17-4309-8f48-9671aadb5d9c','2020-04-01 00:00:00.000'),
	 (N'e1882a12-0fbd-4c7e-ae81-3ccae3af7605',N'Huyện Bắc Quang',N'1c584863-69c3-440b-be15-be87dd08ccbc','2020-04-01 00:00:00.000'),
	 (N'e5b3a439-cf8e-44ca-8d66-ae0d9890c8bc',N'Huyện Xín Mần',N'1c584863-69c3-440b-be15-be87dd08ccbc','2020-04-01 00:00:00.000');
INSERT INTO db_a743ce_vuanhlk15.dbo.District (ID,DistrictName,CityID,LastModify) VALUES
	 (N'e62a68d3-d625-4e02-98cf-7c1448939f14',N'Quận Long Biên',N'930b3538-3e14-4690-8522-19080a57ebae','2020-04-01 00:00:00.000'),
	 (N'e802c132-2c4f-49bb-acf2-b1361411fc93',N'Huyện Quản Bạ',N'1c584863-69c3-440b-be15-be87dd08ccbc','2020-04-01 00:00:00.000'),
	 (N'edd36ad1-5c2c-4248-91d4-3eacad7a5d46',N'Huyện Ứng Hòa',N'930b3538-3e14-4690-8522-19080a57ebae','2020-04-01 00:00:00.000'),
	 (N'ee371fcd-2727-45e9-a445-f4e0e18b8039',N'Huyện Phục Hoà',N'9ba47634-23a9-46c6-8172-d11e2727fea6','2020-04-01 00:00:00.000'),
	 (N'ef309775-6b65-44ba-ae45-3e57b58671d2',N'Thị xã Phổ Yên',N'2c115596-d147-421f-ae7c-528aceb94375','2020-04-01 00:00:00.000'),
	 (N'ef5d9d64-7de8-4eee-8b57-865ffc98050f',N'Huyện Cao Lộc',N'd7ab7895-6e56-4599-9ac2-16f59867f350','2020-04-01 00:00:00.000'),
	 (N'f2953df8-4df7-467f-ae17-ec2a60c51ae0',N'Quận Cầu Giấy',N'930b3538-3e14-4690-8522-19080a57ebae','2020-04-01 00:00:00.000'),
	 (N'f36cf328-4695-48f1-99b2-ae2cba24c0f3',N'Huyện Tủa Chùa',N'06cabf66-0a17-4309-8f48-9671aadb5d9c','2020-04-01 00:00:00.000'),
	 (N'fc05eae1-79f8-4a45-805d-17a68eef302d',N'Huyện Định Hóa',N'2c115596-d147-421f-ae7c-528aceb94375','2020-04-01 00:00:00.000'),
	 (N'ff2cec0b-7e6a-499c-a137-887506133f1c',N'Huyện Thường Tín',N'930b3538-3e14-4690-8522-19080a57ebae','2020-04-01 00:00:00.000');
------------------------
INSERT INTO db_a743ce_vuanhlk15.dbo.Payment (ID,[Type],Detail,UserID,CardNumber,WalletID) VALUES
	 (N'88888888-8888-8888-8888-888888888888',N'Thanh toán COD',N'Thanh toán khi nhận hàng',N'aca06373-1efe-4da9-82eb-b66fe7185754',NULL,NULL),
	 (N'888dac37-66d1-4df9-a01f-4ed0c7803192',N'Wallet',N'Ví MoMo',N'2e2d4362-daaa-4540-9385-5074fae26a28',N' ',N'123123123'),
	 (N'97f9e531-e81c-4737-a17d-7809b78a181e',N'Banking',N'Ngan hang BIDV',N'9c97a43e-a55b-4b19-a69f-e58e2153c99b',N'5435354235',N''),
	 (N'da227ac5-95e6-416f-844a-97f42399922c',N'Wallet',N'Ví MoMo',N'87660958-cf24-4b94-9eca-2cec66a711d3',N'',N'243413123342343'),
	 (N'da227ac5-95e6-416f-844a-97f42399952c',N'Wallet',N'Ví MoMo',N'9c97a43e-a55b-4b19-a69f-e58e2153c99b',N'',N'24342342343');
------------------------
INSERT INTO db_a743ce_vuanhlk15.dbo.Store (ID,Name,Detail,CreateTime,OwnerID,Approved,RatingsCount,FollowerCount,Star) VALUES
	 (N'336be9a9-b9b2-4511-a942-08b20d244e79',N'VA Store',N'Cửa hàng của Vũ Anh 5 sao ok','2021-04-06 00:00:00.000',N'87660958-cf24-4b94-9eca-2cec66a711d3',1,15,3,4.41),
	 (N'336be9a9-b9b2-4811-a942-08b209244e79',N'QB Store',N'Binh''s Store','2021-04-06 00:00:00.000',N'b371d81c-54fc-4e39-b3f3-5732997066a9',1,0,2,0.0),
	 (N'72e8c348-ed4a-4024-8b79-158299c5c650',N' Mai Chi',N'Vợ Đạt Anh','2021-06-08 10:04:23.000',N'9e1fb721-c2c5-4d6e-9860-f76a2ee1a22d',1,0,0,0.0),
	 (N'756beya9-79b2-4001-a942-08b209244e79',N'Admin Store',N'Cửa hàng của admin','2021-04-06 00:00:00.000',N'aca06373-1efe-4da9-82eb-b66fe7185754',1,1,4,5.0),
	 (N'9ff715ef-ce43-4054-a371-41b427ee5e94',N'VA Store',N'Cửa hàng của Vũ Anh lk13','2021-05-31 14:39:15.000',N'534abc92-8669-41c8-97e4-1e9a9ed98735',1,0,0,0.0),
	 (N'a1ac9793-c766-40f6-b0ca-b6b31a94a9f4',N' Mai Chi1',N'Vợ Đạt Anh','2021-06-08 10:08:01.000',N'4cbb8244-b86c-4cb3-a1b0-0b56bdc9f9f7',1,0,0,0.0),
	 (N'e1f8f1ed-42c4-43ea-bc76-73fbcad26896',N'VA Store test',N'Cửa hàng của Vũ Anh lk13','2021-06-08 11:05:50.000',N'5bafa296-7c23-42f9-86c6-dbef6b095e92',2,0,0,0.0),
	 (N'e4a32ddd-35fd-4a93-a477-0e9cf515febd',N'Vũ Anh tiki test',N'123','2021-06-11 09:40:04.000',N'a0a12e57-31d4-4532-8906-ec7768d4fcc3',1,0,0,0.0);
----------------------------
INSERT INTO db_a743ce_vuanhlk15.dbo.Address (ID,Address,Phone,UserID,DistrictID,IsDefault) VALUES
	 (N'040e521a-2d69-4271-81f3-074e42f4fc54',N'sđfsfd',N'123123',N'e8472aab-ca79-4287-b985-9e50426fd39a',N'2a9c5d22-ca75-45c0-8de5-824ff8e14850',2),
	 (N'05e1f726-2f94-4403-b1a7-16b36c2aa237',N'Hồ Tây',N'123456789',N'87660958-cf24-4b94-9eca-2cec66a711d3',N'35a2a016-4f2e-4e0e-bb47-d546b9504b59',0),
	 (N'0ef0cc2b-ec3d-4037-a03d-8375d4f493e9',N'Đinh Tiên Hoàng',N'0927120254',N'87660958-cf24-4b94-9eca-2cec66a711d3',N'ef309775-6b65-44ba-ae45-3e57b58671d2',0),
	 (N'1b4466e8-40b1-4de7-b548-831662708fa5',N'Đinh Bộ Lĩnh',N'0962396877',N'87660958-cf24-4b94-9eca-2cec66a711d3',N'15abf600-731e-4ae6-99ea-1478d0b8ce95',0),
	 (N'2480a09a-d968-41b2-80a3-ec1535d051d5',N'Nguyễn Huệ',N'0394123123',N'87660958-cf24-4b94-9eca-2cec66a711d3',N'28b6dbf2-f3a2-4e6c-8886-450701f092ba',0),
	 (N'349be331-9816-4d00-ad73-efbd35d47414',N'26 Doãn Kế Thiện, Mai dịch, Hà Nội',N'0364431866',N'63d876b6-5ce3-4e32-80d9-2edb706aa14d',N'f2953df8-4df7-467f-ae17-ec2a60c51ae0',1),
	 (N'3ac62180-79b1-41b4-a4b8-0cba6364e57e',N'Bát Ðàn',N'0978524784',N'87660958-cf24-4b94-9eca-2cec66a711d3',N'ab244c62-d87f-423b-b1e6-b1983026ece5',1),
	 (N'4f376f02-7955-4d1b-9e70-0796602a7185',N'Hồ Hoàn Kiếm',N'0394668699',N'2e2d4362-daaa-4540-9385-5074fae26a28',N'28b6dbf2-f3a2-4e6c-8886-450701f092ba',1),
	 (N'9229f0c1-d54a-4638-a677-be5d10d9db24',N'Xã Ðàn',N'0394668699',N'87660958-cf24-4b94-9eca-2cec66a711d3',N'6ba89604-0129-4e5a-b679-d1cf36e2974e',0),
	 (N'af1139e0-4364-4fe1-89e9-e5cf8fa5971b',N'ửerwerwer',N'3234',N'e8472aab-ca79-4287-b985-9e50426fd39a',N'48bf4620-5700-4641-9525-00227bee9ae8',2);
INSERT INTO db_a743ce_vuanhlk15.dbo.Address (ID,Address,Phone,UserID,DistrictID,IsDefault) VALUES
	 (N'bb5e520f-f717-48ae-909a-46af1ded054d',N'Nguyễn Trãi',N'0394123123',N'2e2d4362-daaa-4540-9385-5074fae26a28',N'f2953df8-4df7-467f-ae17-ec2a60c51ae0',0),
	 (N'be161729-7553-410c-a595-fe3d1cea264f',N'Nguyễn Huệ',N'0394444444',N'a0a12e57-31d4-4532-8906-ec7768d4fcc3',N'2a9c5d22-ca75-45c0-8de5-824ff8e14850',1),
	 (N'c0954f77-0972-4c2d-8d40-acbc0bf360eb',N'Xã Ðàn',N'0394668699',N'aca06373-1efe-4da9-82eb-b66fe7185754',N'6ba89604-0129-4e5a-b679-d1cf36e2974e',1),
	 (N'c2ea500f-f2f3-4e64-92dd-ef7acc98ccb8',N'Quang Trung',N'0962396877',N'87660958-cf24-4b94-9eca-2cec66a711d3',N'15abf600-731e-4ae6-99ea-1478d0b8ce95',0),
	 (N'd6a619d5-1834-4fce-8028-93dceb64d6f0',N'Số 12, Phong Thổ, Lai Châu',N'0364456122',N'e8472aab-ca79-4287-b985-9e50426fd39a',N'2a9c5d22-ca75-45c0-8de5-824ff8e14850',1),
	 (N'd9963588-a0ad-4cfc-ba17-1aed82348598',N'Liên An',N'035721697',N'87660958-cf24-4b94-9eca-2cec66a711d3',N'15abf600-731e-4ae6-99ea-1478d0b8ce95',0),
	 (N'da08be4b-98f6-4f5e-a381-3400d88d2fce',N'Xã Ðàn',N'0394123123',N'9c97a43e-a55b-4b19-a69f-e58e2153c99b',N'6ba89604-0129-4e5a-b679-d1cf36e2974e',1),
	 (N'db9cfc89-92d7-4ba2-b7ee-3b492328e54f',N'Xã Ðàn',N'0394668699',N'b371d81c-54fc-4e39-b3f3-5732997066a9',N'6ba89604-0129-4e5a-b679-d1cf36e2974e',1),
	 (N'e5ef530d-1cb0-4c4c-85a7-d45f624f3316',N'Ngô Quyền',N'0394111111',N'eda2a409-1694-4663-af0a-e76c03e70cd7',N'35a2a016-4f2e-4e0e-bb47-d546b9504b59',1);
-----------------------------------
	 INSERT INTO db_a743ce_vuanhlk15.dbo.Bill (ID,BuyerID,ListItem,Total,OrderTime,ShipTime,Status,AddressID,PaymentID,ShippedProductID) VALUES
	 (N'133c39f2-f611-4f92-9431-3c8ec5ae6771',N'87660958-cf24-4b94-9eca-2cec66a711d3',N'[{"ID":"bf9a9f83-c989-4ffe-b706-39d0fdbd67bc","BuyerID":"87660958-cf24-4b94-9eca-2cec66a711d3","ProductID":"087621c0-e1ed-4ded-a2b6-610dadbef060","AddedTime":"2021-06-10T14:33:29","Status":null,"Quantity":1,"Product":{"ID":"087621c0-e1ed-4ded-a2b6-610dadbef060","Name":"Điện thoại Xiaomi Redmi 8 (4GB/64GB) - Hàng Chính Hãng","Price":2990000,"Color":"Đen","Size":"ss","Detail":"<p>co cai lll</p>","Description":"<p>asdasda</p>","CategoryID":"4d309a66-5958-455f-94c2-3223cc12c615","Category":null,"Discount":5,"Quanlity":29,"Image":"[\"https://salt.tikicdn.com/cache/w1200/ts/product/14/71/dc/4eaa1c5b79e21195b85614288eff4ab5.png\",\"https://vcdn.tikicdn.com/ts/review/ee/aa/23/355b972924f50c87a29c8c8cb715990d.jpg\",\"https://firebasestorage.googleapis.com/v0/b/duanimage-50853.appspot.com/o/images%2Fimage%202.png?alt=media&token=26c1280f-16a7-4b2f-8da6-fb3db4fb34ff\",\"https://firebasestorage.googleapis.com/v0/b/duanimage-50853.appspot.com/o/images%2Fimage%201%20(2).png?alt=media&token=d4cf0a15-565c-422e-8ad6-4ef46e9412d0\",\"https://firebasestorage.googleapis.com/v0/b/duanimage-50853.appspot.com/o/images%2Fth%C6%B0%C6%A1ng-m%E1%BA%A1i-%C4%91i%E1%BB%87n-t%E1%BB%AD.jpg?alt=media&token=ad52525a-f7ff-440c-b381-3172d116f728\"]","Images":["https://salt.tikicdn.com/cache/w1200/ts/product/14/71/dc/4eaa1c5b79e21195b85614288eff4ab5.png","https://vcdn.tikicdn.com/ts/review/ee/aa/23/355b972924f50c87a29c8c8cb715990d.jpg","https://firebasestorage.googleapis.com/v0/b/duanimage-50853.appspot.com/o/images%2Fimage%202.png?alt=media&token=26c1280f-16a7-4b2f-8da6-fb3db4fb34ff","https://firebasestorage.googleapis.com/v0/b/duanimage-50853.appspot.com/o/images%2Fimage%201%20(2).png?alt=media&token=d4cf0a15-565c-422e-8ad6-4ef46e9412d0","https://firebasestorage.googleapis.com/v0/b/duanimage-50853.appspot.com/o/images%2Fth%C6%B0%C6%A1ng-m%E1%BA%A1i-%C4%91i%E1%BB%87n-t%E1%BB%AD.jpg?alt=media&token=ad52525a-f7ff-440c-b381-3172d116f728"],"AddedTime":"2021-04-06T00:00:00","LastModify":"2021-06-08T10:01:34","StoreID":"336be9a9-b9b2-4511-a942-08b20d244e79","Store":null,"SoldQuanlity":10,"RatingsCount":8,"Ratings":null,"Star":4.76}}]',2840500,'2021-06-10 14:33:38.000','2021-06-10 14:34:12.000',1,N'3ac62180-79b1-41b4-a4b8-0cba6364e57e',N'88888888-8888-8888-8888-888888888888',N'["087621c0-e1ed-4ded-a2b6-610dadbef060"]'),
	 (N'1d13fb92-1483-42e5-9cf9-c5944070f95b',N'87660958-cf24-4b94-9eca-2cec66a711d3',N'[{"ID":"d6982f5d-72d3-4f78-a648-84b8d58818e4","BuyerID":"87660958-cf24-4b94-9eca-2cec66a711d3","ProductID":"73bc29fc-009c-4c5b-a1cd-de2c16abeaba","AddedTime":"2021-06-10T11:46:59","Status":null,"Quantity":1,"Product":{"ID":"73bc29fc-009c-4c5b-a1cd-de2c16abeaba","Name":"Na","Price":300000,"Color":"Xanh","Size":"XXX","Detail":"<p>Kh&ocirc;ng c&oacute;</p>","Description":"<p>Kh&ocirc;ng c&oacute;</p>","CategoryID":"e2a5751a-396b-4b43-90ae-90891d07c75d","Category":null,"Discount":5,"Quanlity":0,"Image":"[\"https://salt.tikicdn.com/cache/w1200/ts/product/35/25/4b/46399d577f6534003dbb3c4227da48b5.jpg\",\"https://salt.tikicdn.com/cache/w1200/ts/product/51/85/4c/617d6d91edacb9b1fa1541dd3c81ab6c.jpg\"]","Images":["https://salt.tikicdn.com/cache/w1200/ts/product/35/25/4b/46399d577f6534003dbb3c4227da48b5.jpg","https://salt.tikicdn.com/cache/w1200/ts/product/51/85/4c/617d6d91edacb9b1fa1541dd3c81ab6c.jpg"],"AddedTime":"2021-04-10T00:00:00","LastModify":"2021-06-06T19:01:21","StoreID":"336be9a9-b9b2-4511-a942-08b20d244e79","Store":null,"SoldQuanlity":0,"RatingsCount":0,"Ratings":null,"Star":0.0}},{"ID":"f3669216-91e1-4652-aab0-de01f5a03b8a","BuyerID":"87660958-cf24-4b94-9eca-2cec66a711d3","ProductID":"f5d20757-c541-4422-bb97-c8bdc7389fbf","AddedTime":"2021-06-10T11:46:43","Status":null,"Quantity":1,"Product":{"ID":"f5d20757-c541-4422-bb97-c8bdc7389fbf","Name":"iPad Air 10.9 Wi-Fi 64GB New 2020 - Hàng Chính Hãng","Price":17990000,"Color":"Đen","Size":"247.6 x 178.5 x 6.1 mm","Detail":"<table>\n<tbody>\n<tr>\n<td>Bluetooth</td>\n<td>A2DP, EDR, 5.0</td>\n</tr>\n<tr>\n<td>Thương hiệu</td>\n<td>Apple</td>\n</tr>\n<tr>\n<td>Xuất xứ thương hiệu</td>\n<td>Mỹ</td>\n</tr>\n<tr>\n<td>Camera sau</td>\n<td>12 MP</td>\n</tr>\n<tr>\n<td>Camera trước</td>\n<td>7MP</td>\n</tr>\n<tr>\n<td>Chip đồ họa (GPU)</td>\n<td>Apple GPU 6 nh&acirc;n</td>\n</tr>\n<tr>\n<td>Chức năng kh&aacute;c</td>\n<td>Mở kh&oacute;a bằng v&acirc;n tay</td>\n</tr>\n<tr>\n<td>K&iacute;ch thước</td>\n<td>247.6 x 178.5 x 6.1 mm</td>\n</tr>\n<tr>\n<td>Phụ kiện đi k&egrave;m</td>\n<td>C&aacute;p, sạc, s&aacute;ch hướng dẫn</td>\n</tr>\n<tr>\n<td>Model</td>\n<td>ipad Air 2020</td>\n</tr>\n<tr>\n<td>Jack tai nghe</td>\n<td>USB Type-C</td>\n</tr>\n<tr>\n<td>Nghe nhạc</td>\n<td>C&oacute;</td>\n</tr>\n<tr>\n<td>Xuất xứ</td>\n<td>Trung Quốc</td>\n</tr>\n<tr>\n<td>Cổng sạc</td>\n<td>USB Type-C</td>\n</tr>\n<tr>\n<td>Trọng lượng</td>\n<td>458g</td>\n</tr>\n<tr>\n<td>Quay phim</td>\n<td>4K@24/30/60fps, 1080p@30/60/120/240fps; gyro-EIS</td>\n</tr>\n<tr>\n<td>Độ ph&acirc;n giải</td>\n<td>2360 x 1640 Pixels</td>\n</tr>\n<tr>\n<td>ROM</td>\n<td>64 GB</td>\n</tr>\n<tr>\n<td>K&iacute;ch thước m&agrave;n h&igrave;nh</td>\n<td>10.9 inch</td>\n</tr>\n<tr>\n<td>T&iacute;nh năng camera</td>\n<td>Chụp h&igrave;nh g&oacute;c rộng, Chống rung EIS, Tự đ&ocirc;̣ng l&acirc;́y nét, HDR</td>\n</tr>\n<tr>\n<td>Video call</td>\n<td>Hỗ trợ VideoCall th&ocirc;ng qua ứng dụng</td>\n</tr>\n<tr>\n<td>Wifi</td>\n<td>Wi-Fi 802.11 a/b/g/n/ac/ax</td>\n</tr>\n<tr>\n<td>Xem phim</td>\n<td>C&oacute;</td>\n</tr>\n<tr>\n<td>SKU</td>\n<td>4574548326206</td>\n</tr>\n</tbody>\n</table>","Description":"<p>M&atilde; Part: ZA/A<br />C&ocirc;ng nghệ m&agrave;n h&igrave;nh: Liquid Retina<br />Độ ph&acirc;n giải: 2360 x 1640 Pixels<br />Kích thước màn hình: 10.9\"<br />Hệ điều h&agrave;nh: iPadOS 14<br />Loại CPU (Chipset): Apple A14 Bionic 6 nh&acirc;n<br />Camera sau: 12 MP<br />Camera trước: 7 MP<br />Pin: 28.6W lithium‑polymer, sạc nhanh 20W</p>\n<h5>iPad Air 10.9 Wi-Fi New 2020 &ndash; Chip A14 mạnh mẽ cho trải nghiệm ho&agrave;n hảo</h5>\n<p>Apple lu&ocirc;n khiến cho cộng đồng c&ocirc;ng nghệ đứng ngồi kh&ocirc;ng y&ecirc;n mỗi khi cho ra mắt những sản phẩm Tablet mới. Với mẫu&nbsp;<strong>iPad Air 10.9 Wi-Fi New 2020</strong>&nbsp;được dự kiến cho ra mắt năm 2020 sẽ mang những thay đổi về mặt thiết kế cũng như những t&iacute;nh năng mới được t&iacute;ch hợp để tối ưu h&oacute;a về hiệu năng, mang đến cho người d&ugrave;ng những trải nghiệm tốt hơn.</p>\n<p><img src=\"https://salt.tikicdn.com/ts/tmp/59/9b/38/58b41429f3d1ea6df9d69d2ca2f2026b.jpg\" alt=\"iPad Air 10.9 Wi-Fi 64GB New 2020 - H&agrave;ng Nhập Khẩu Ch&iacute;nh H&atilde;ng\" width=\"750\" height=\"642\" /></p>\n<h5>Thiết kế tinh tế, m&agrave;u sắc thời thượng với độ mỏng 6.1mm</h5>\n<p><strong>iPad Air 10.9 Wi-Fi New 2020</strong>&nbsp;sẽ c&oacute; thiết kế ho&agrave;n to&agrave;n mới với kiểu d&aacute;ng tương tự với iPad Pro 2020 nhưng với k&iacute;ch thước nhỏ gọn hơn 247.6 x 178.5 mm v&agrave; độ mỏng chỉ 6.1 mm c&ugrave;ng trọng lượng chưa đến 500g gi&uacute;p bạn dễ d&agrave;ng mang theo iPad để sử dụng ở bất cứ đ&acirc;u.</p>\n<p><img src=\"https://salt.tikicdn.com/ts/tmp/d6/ea/b4/424a9086e123882dd5ae75519942c6a1.jpg\" alt=\"iPad Air 10.9 Wi-Fi 64GB New 2020 - H&agrave;ng Nhập Khẩu Ch&iacute;nh H&atilde;ng\" width=\"750\" height=\"587\" /></p>\n<p>Thiết kế nguy&ecirc;n khối mang đến tổng thể sang trọng cho iPad Air 10.9 Wi-Fi New 2020 c&ugrave;ng với gam m&agrave;u mới thời thượng, n&uacute;t home được loại bỏ để tạo n&ecirc;n kh&ocirc;ng gian hiển thị rộng hơn.&nbsp;</p>\n<p><img src=\"https://salt.tikicdn.com/ts/tmp/2d/ef/c5/84001156b3d3bfc8d9c3b968113656fb.jpg\" alt=\"iPad Air 10.9 Wi-Fi 64GB New 2020 - H&agrave;ng Nhập Khẩu Ch&iacute;nh H&atilde;ng\" width=\"750\" height=\"623\" /></p>\n<p>Thiết kế của iPad Air 10.9 Wi-Fi New 2020 sẽ vu&ocirc;ng vắn hơn so với những d&ograve;ng iPad trước đ&acirc;y, c&aacute;c g&oacute;c cạnh được bo tr&ograve;n nhẹ nh&agrave;ng để tạo cảm gi&aacute;c mềm mại hơn cho tổng thể.</p>\n<p><img src=\"https://salt.tikicdn.com/ts/tmp/87/74/59/f4fe189c7e1de8454b1dfe6f6e3b4a23.jpg\" alt=\"iPad Air 10.9 Wi-Fi 64GB New 2020 - H&agrave;ng Nhập Khẩu Ch&iacute;nh H&atilde;ng\" width=\"750\" height=\"610\" /></p>\n<h5>M&agrave;n h&igrave;nh c&oacute; tần số qu&eacute;t 60Hz, tấm nền IPS LCD v&agrave; k&iacute;ch thước 10.9 inch</h5>\n<p>Để mang đến kh&ocirc;ng gian hiển thị tuyệt vời cho người d&ugrave;ng, Apple đ&atilde; trang bị m&agrave;n h&igrave;nh c&oacute; tần số qu&eacute;t đến 60Hz cho iPad Air 10.9 Wi-Fi New 2020, gi&uacute;p h&igrave;nh ảnh hiển thị mượt m&agrave;, c&aacute;c chuyển động h&igrave;nh ảnh trơn tru cũng như hạn chế t&igrave;nh trạng giật lag. Nhờ vậy bạn c&oacute; thể tận hưởng những thước phim ấn tượng, chơi game (đặc biệt l&agrave; những game c&oacute; g&oacute;c nh&igrave;n thứ nhất) một c&aacute;ch tuyệt vời nhất. Độ ph&acirc;n giải 2360 x 1640 pixels cho h&igrave;nh ảnh sắc n&eacute;t v&agrave; ch&acirc;n thực.</p>\n<p><img src=\"https://salt.tikicdn.com/ts/tmp/20/de/70/77f0240c254ff1b4ae74664abc0b0b2e.jpg\" alt=\"iPad Air 10.9 Wi-Fi 64GB New 2020 - H&agrave;ng Nhập Khẩu Ch&iacute;nh H&atilde;ng\" width=\"750\" height=\"530\" /></p>\n<p>Sử dụng tấm nền IPS LCD cho iPad Air 10.9 Wi-Fi New 2020 c&ugrave;ng với c&ocirc;ng nghệ True-Tone cho khả năng t&aacute;i tạo m&agrave;u sắc ch&iacute;nh x&aacute;c, gần với thực tế hỗ trợ cho c&ocirc;ng việc chỉnh sửa ảnh, video,&hellip;hiệu quả hơn. B&ecirc;n cạnh đ&oacute; m&agrave;n h&igrave;nh n&agrave;y c&ograve;n sở hữu độ s&aacute;ng 500 nits để h&igrave;nh ảnh lu&ocirc;n hiển thị tốt trong những điều kiện &aacute;nh s&aacute;ng kh&aacute;c nhau, gi&uacute;p bạn sử dụng iPad tốt ngay cả khi ở ngo&agrave;i trời.</p>\n<h5>Chip A14 cho sức mạnh ấn tượng v&agrave; bộ nhớ 128GB lưu trữ rộng r&atilde;i</h5>\n<p>Sức mạnh của m&aacute;y đến từ con chip A14 Bionic để mang đến tốc độ xử l&yacute; vượt trội hơn, nhanh ch&oacute;ng cho sức mạnh kh&ocirc;ng thua g&igrave; một chiếc PC. B&ecirc;n cạnh đ&oacute; c&ograve;n c&oacute; th&ocirc;ng tin iPad Air 10.9 Wi-Fi New 2020&nbsp;sẽ c&oacute; b&agrave;n ph&iacute;m Magic Keyboard ri&ecirc;ng để c&oacute; thể gi&uacute;p bạn biến chiếc m&aacute;y t&iacute;nh bảng của m&igrave;nh th&agrave;nh một chiếc laptop một c&aacute;ch nhanh ch&oacute;ng v&agrave; đơn giản.</p>\n<p><img src=\"https://salt.tikicdn.com/ts/tmp/3b/43/64/9f90695df79a92d59f8709c9bf35cfce.jpg\" alt=\"iPad Air 10.9 Wi-Fi 64GB New 2020 - H&agrave;ng Nhập Khẩu Ch&iacute;nh H&atilde;ng\" width=\"750\" height=\"443\" /></p>\n<p>Apple iPad Air 10.9 Wi-Fi New 2020 c&oacute; bộ nhớ 64GB tương đối rộng r&atilde;i để bạn c&oacute; thể lưu trữ được nhiều dữ liệu hơn, thoải m&aacute;i c&agrave;i đặt c&aacute;c ứng dụng, tr&ograve; chơi phục vụ cho nhu cầu sử dụng của bạn.</p>\n<h5>Hệ thống camera với cảm biến LiDAR hỗ trợ quay phim chất lượng 4K si&ecirc;u n&eacute;t</h5>\n<p>Một trong những sự cải tiến mới của iPad Air 10.9 Wi-Fi New 2020 ch&iacute;nh l&agrave; hệ thống camera với camera ch&iacute;nh g&oacute;c rộng 12MP c&ugrave;ng với cảm biến chiều s&acirc;u TOF 3D LiDAR hỗ trợ quay phim với chất lượng 4K cho h&igrave;nh ảnh cực kỳ sắc n&eacute;t v&agrave; sinh động. B&ecirc;n cạnh đ&oacute;, iPad cũng được hỗ trợ những t&iacute;nh năng chụp ảnh th&ocirc;ng minh như x&oacute;a ph&ocirc;ng, lấy n&eacute;t tự động,&hellip;cho ảnh chụp kh&ocirc;ng thua k&eacute;m bất kỳ thiết bị n&agrave;o.</p>\n<p><img src=\"https://salt.tikicdn.com/ts/tmp/19/29/d7/9486bb7236347842010ab9ef2dde68d0.jpg\" alt=\"iPad Air 10.9 Wi-Fi 64GB New 2020 - H&agrave;ng Nhập Khẩu Ch&iacute;nh H&atilde;ng\" width=\"750\" height=\"472\" /></p>\n<p>Camera trước c&oacute; cảm biến 7MP v&agrave; hỗ trợ quay phim 1080p, hỗ trợ video call chất lượng cao mang đến những trải nghiệm tuyệt vời cho người d&ugrave;ng. Bạn c&oacute; thể sử dụng iPad để quay lại vlog hằng ng&agrave;y thay cho một chiếc m&aacute;y quay, m&aacute;y ảnh v&agrave; chia sẻ ngay với bạn b&egrave;, người th&acirc;n,&hellip;v&ocirc; c&ugrave;ng tiện lợi.</p>\n<h5>Dung lượng pin lớn cho 10 giờ lướt web</h5>\n<p>Apple cũng đ&atilde; n&acirc;ng cấp dung lượng pin cho iPad Air 10.9 Wi-Fi New 2020 với dung lượng lớn, cho 10 giờ lướt web bằng wifi, 9 giờ sử dụng mạng di động. Mặc d&ugrave; dung lượng trước đ&acirc;y của những thế hệ iPad trước cũng đ&atilde; đ&aacute;p ứng rất tốt về thời lượng sử dụng ch&iacute;nh v&igrave; thế sự n&acirc;ng cấp n&agrave;y chắc chắn sẽ gi&uacute;p người d&ugrave;ng c&agrave;ng y&ecirc;n t&acirc;m hơn khi sử dụng thiết bị suốt cả ng&agrave;y d&agrave;i m&agrave; kh&ocirc;ng lo hết pin.</p>\n<p><img src=\"https://salt.tikicdn.com/ts/tmp/b0/bb/93/cd86a920f10974d3c3af4ba306baae33.jpg\" alt=\"iPad Air 10.9 Wi-Fi 64GB New 2020 - H&agrave;ng Nhập Khẩu Ch&iacute;nh H&atilde;ng\" width=\"750\" height=\"803\" /></p>\n<p>B&ecirc;n cạnh đ&oacute; Apple cũng t&iacute;ch hợp c&ocirc;ng nghệ sạc nhanh 20W cho iPad Air 10.9 Wi-Fi New 2020 để gi&uacute;p người d&ugrave;ng c&oacute; thể nạp năng lượng cho iPad nhanh ch&oacute;ng. Bạn c&oacute; thể sử dụng thiết bị của bạn li&ecirc;n tục v&agrave; nhanh nạp lại pin cho thiết bị, giải quyết nỗi lo lắng về pin iPad.</p>\n<p><img src=\"https://salt.tikicdn.com/ts/tmp/08/10/58/1421d2f373a3d118a5eb0d218fb12de0.jpg\" alt=\"iPad Air 10.9 Wi-Fi 64GB New 2020 - H&agrave;ng Nhập Khẩu Ch&iacute;nh H&atilde;ng\" width=\"750\" height=\"375\" /></p>\n<p>&nbsp;</p>\n<p>Gi&aacute; sản phẩm tr&ecirc;n Tiki đ&atilde; bao gồm thuế theo luật hiện h&agrave;nh. Tuy nhi&ecirc;n tuỳ v&agrave;o từng loại sản phẩm hoặc phương thức, địa chỉ giao h&agrave;ng m&agrave; c&oacute; thể ph&aacute;t sinh th&ecirc;m chi ph&iacute; kh&aacute;c như ph&iacute; vận chuyển, phụ ph&iacute; h&agrave;ng cồng kềnh, ...</p>","CategoryID":"71b43f31-30ce-40f8-9d09-7cfb8276c7eb","Category":null,"Discount":18,"Quanlity":98,"Image":"[\"https://firebasestorage.googleapis.com/v0/b/duanimage-50853.appspot.com/o/images%2Ff82a7ce86c8b49bfe9797bfc0adf85cc.jpg?alt=media&token=7fdfa838-51cd-42da-bbd5-69706e535fc8\",\"https://firebasestorage.googleapis.com/v0/b/duanimage-50853.appspot.com/o/images%2F1cda272052fbd4743268694f7a8cb021.jpg?alt=media&token=6e66fb5e-fd7b-49e3-bc59-16f8ba340218\",\"https://firebasestorage.googleapis.com/v0/b/duanimage-50853.appspot.com/o/images%2F03513d8545b25aef3980d2b72f0266a0.jpg?alt=media&token=98773887-0816-4b17-a253-4e03582ebb0d\",\"https://firebasestorage.googleapis.com/v0/b/duanimage-50853.appspot.com/o/images%2Ffc78304d937382dd87e5e1385c665172.jpg?alt=media&token=2633c2f2-5768-40e6-b017-81f325901e24\",\"https://firebasestorage.googleapis.com/v0/b/duanimage-50853.appspot.com/o/images%2F80d146eb7aeec8604dfa143e4212bb53.jpg?alt=media&token=6954755d-f2ae-47a8-9ec2-fc352cf5b536\"]","Images":["https://firebasestorage.googleapis.com/v0/b/duanimage-50853.appspot.com/o/images%2Ff82a7ce86c8b49bfe9797bfc0adf85cc.jpg?alt=media&token=7fdfa838-51cd-42da-bbd5-69706e535fc8","https://firebasestorage.googleapis.com/v0/b/duanimage-50853.appspot.com/o/images%2F1cda272052fbd4743268694f7a8cb021.jpg?alt=media&token=6e66fb5e-fd7b-49e3-bc59-16f8ba340218","https://firebasestorage.googleapis.com/v0/b/duanimage-50853.appspot.com/o/images%2F03513d8545b25aef3980d2b72f0266a0.jpg?alt=media&token=98773887-0816-4b17-a253-4e03582ebb0d","https://firebasestorage.googleapis.com/v0/b/duanimage-50853.appspot.com/o/images%2Ffc78304d937382dd87e5e1385c665172.jpg?alt=media&token=2633c2f2-5768-40e6-b017-81f325901e24","https://firebasestorage.googleapis.com/v0/b/duanimage-50853.appspot.com/o/images%2F80d146eb7aeec8604dfa143e4212bb53.jpg?alt=media&token=6954755d-f2ae-47a8-9ec2-fc352cf5b536"],"AddedTime":"2021-06-09T22:34:15","LastModify":"2021-06-09T22:34:15","StoreID":"756beya9-79b2-4001-a942-08b209244e79","Store":null,"SoldQuanlity":0,"RatingsCount":1,"Ratings":null,"Star":5.0}}]',15036800,'2021-06-10 11:47:12.000','2021-06-10 12:15:39.000',1,N'3ac62180-79b1-41b4-a4b8-0cba6364e57e',N'88888888-8888-8888-8888-888888888888',N'["f5d20757-c541-4422-bb97-c8bdc7389fbf","73bc29fc-009c-4c5b-a1cd-de2c16abeaba"]'),
	 (N'1e734498-a2a3-4003-92d7-2d1f86833c7c',N'e8472aab-ca79-4287-b985-9e50426fd39a',N'[{"ID":"0565d576-7cb5-4f66-b7a5-464bbb6fddb2","BuyerID":"e8472aab-ca79-4287-b985-9e50426fd39a","ProductID":"087621c0-e1ed-4ded-a2b6-610dadbef060","AddedTime":"2021-06-11T00:33:58","Status":null,"Quantity":1,"Product":{"ID":"087621c0-e1ed-4ded-a2b6-610dadbef060","Name":"Điện thoại Xiaomi Redmi 8 (4GB/64GB) - Hàng Chính Hãng","Price":2990000,"Color":"Đen","Size":"ss","Detail":"<p>co cai lll</p>","Description":"<p>asdasda</p>","CategoryID":"4d309a66-5958-455f-94c2-3223cc12c615","Category":null,"Discount":5,"Quanlity":25,"Image":"[\"https://salt.tikicdn.com/cache/w1200/ts/product/14/71/dc/4eaa1c5b79e21195b85614288eff4ab5.png\",\"https://vcdn.tikicdn.com/ts/review/ee/aa/23/355b972924f50c87a29c8c8cb715990d.jpg\",\"https://firebasestorage.googleapis.com/v0/b/duanimage-50853.appspot.com/o/images%2Fimage%202.png?alt=media&token=26c1280f-16a7-4b2f-8da6-fb3db4fb34ff\",\"https://firebasestorage.googleapis.com/v0/b/duanimage-50853.appspot.com/o/images%2Fimage%201%20(2).png?alt=media&token=d4cf0a15-565c-422e-8ad6-4ef46e9412d0\",\"https://firebasestorage.googleapis.com/v0/b/duanimage-50853.appspot.com/o/images%2Fth%C6%B0%C6%A1ng-m%E1%BA%A1i-%C4%91i%E1%BB%87n-t%E1%BB%AD.jpg?alt=media&token=ad52525a-f7ff-440c-b381-3172d116f728\"]","Images":["https://salt.tikicdn.com/cache/w1200/ts/product/14/71/dc/4eaa1c5b79e21195b85614288eff4ab5.png","https://vcdn.tikicdn.com/ts/review/ee/aa/23/355b972924f50c87a29c8c8cb715990d.jpg","https://firebasestorage.googleapis.com/v0/b/duanimage-50853.appspot.com/o/images%2Fimage%202.png?alt=media&token=26c1280f-16a7-4b2f-8da6-fb3db4fb34ff","https://firebasestorage.googleapis.com/v0/b/duanimage-50853.appspot.com/o/images%2Fimage%201%20(2).png?alt=media&token=d4cf0a15-565c-422e-8ad6-4ef46e9412d0","https://firebasestorage.googleapis.com/v0/b/duanimage-50853.appspot.com/o/images%2Fth%C6%B0%C6%A1ng-m%E1%BA%A1i-%C4%91i%E1%BB%87n-t%E1%BB%AD.jpg?alt=media&token=ad52525a-f7ff-440c-b381-3172d116f728"],"AddedTime":"2021-04-06T00:00:00","LastModify":"2021-06-08T10:01:34","StoreID":"336be9a9-b9b2-4511-a942-08b20d244e79","Store":null,"SoldQuanlity":10,"RatingsCount":8,"Ratings":null,"Star":4.76}}]',2840500,'2021-06-11 00:34:03.000',NULL,2,N'040e521a-2d69-4271-81f3-074e42f4fc54',N'88888888-8888-8888-8888-888888888888',NULL),
	 (N'259782ea-65ce-40f4-9699-68f4d7fb5f33',N'a0a12e57-31d4-4532-8906-ec7768d4fcc3',N'[{"ID":"700a551d-d106-44f7-8546-502103b8b47b","BuyerID":"a0a12e57-31d4-4532-8906-ec7768d4fcc3","ProductID":"087621c0-e1ed-4ded-a2b6-610dadbef060","AddedTime":"2021-06-11T09:27:46","Status":null,"Quantity":1,"Product":{"ID":"087621c0-e1ed-4ded-a2b6-610dadbef060","Name":"Điện thoại Xiaomi Redmi 8 (4GB/64GB) - Hàng Chính Hãng","Price":2990000,"Color":"Đen","Size":"ss","Detail":"<p>co cai lll</p>","Description":"<p>asdasda</p>","CategoryID":"4d309a66-5958-455f-94c2-3223cc12c615","Category":null,"Discount":5,"Quanlity":21,"Image":"[\"https://salt.tikicdn.com/cache/w1200/ts/product/14/71/dc/4eaa1c5b79e21195b85614288eff4ab5.png\",\"https://vcdn.tikicdn.com/ts/review/ee/aa/23/355b972924f50c87a29c8c8cb715990d.jpg\",\"https://firebasestorage.googleapis.com/v0/b/duanimage-50853.appspot.com/o/images%2Fimage%202.png?alt=media&token=26c1280f-16a7-4b2f-8da6-fb3db4fb34ff\",\"https://firebasestorage.googleapis.com/v0/b/duanimage-50853.appspot.com/o/images%2Fimage%201%20(2).png?alt=media&token=d4cf0a15-565c-422e-8ad6-4ef46e9412d0\",\"https://firebasestorage.googleapis.com/v0/b/duanimage-50853.appspot.com/o/images%2Fth%C6%B0%C6%A1ng-m%E1%BA%A1i-%C4%91i%E1%BB%87n-t%E1%BB%AD.jpg?alt=media&token=ad52525a-f7ff-440c-b381-3172d116f728\"]","Images":["https://salt.tikicdn.com/cache/w1200/ts/product/14/71/dc/4eaa1c5b79e21195b85614288eff4ab5.png","https://vcdn.tikicdn.com/ts/review/ee/aa/23/355b972924f50c87a29c8c8cb715990d.jpg","https://firebasestorage.googleapis.com/v0/b/duanimage-50853.appspot.com/o/images%2Fimage%202.png?alt=media&token=26c1280f-16a7-4b2f-8da6-fb3db4fb34ff","https://firebasestorage.googleapis.com/v0/b/duanimage-50853.appspot.com/o/images%2Fimage%201%20(2).png?alt=media&token=d4cf0a15-565c-422e-8ad6-4ef46e9412d0","https://firebasestorage.googleapis.com/v0/b/duanimage-50853.appspot.com/o/images%2Fth%C6%B0%C6%A1ng-m%E1%BA%A1i-%C4%91i%E1%BB%87n-t%E1%BB%AD.jpg?alt=media&token=ad52525a-f7ff-440c-b381-3172d116f728"],"AddedTime":"2021-04-06T00:00:00","LastModify":"2021-06-08T10:01:34","StoreID":"336be9a9-b9b2-4511-a942-08b20d244e79","Store":null,"SoldQuanlity":10,"RatingsCount":9,"Ratings":null,"Star":4.68}},{"ID":"932d25a1-43e8-4075-aaf1-56eb87eea70c","BuyerID":"a0a12e57-31d4-4532-8906-ec7768d4fcc3","ProductID":"f5d20757-c541-4422-bb97-c8bdc7389fbf","AddedTime":"2021-06-11T09:27:58","Status":null,"Quantity":1,"Product":{"ID":"f5d20757-c541-4422-bb97-c8bdc7389fbf","Name":"iPad Air 10.9 Wi-Fi 64GB New 2020 - Hàng Chính Hãng","Price":17990000,"Color":"Đen","Size":"247.6 x 178.5 x 6.1 mm","Detail":"<table>\n<tbody>\n<tr>\n<td>Bluetooth</td>\n<td>A2DP, EDR, 5.0</td>\n</tr>\n<tr>\n<td>Thương hiệu</td>\n<td>Apple</td>\n</tr>\n<tr>\n<td>Xuất xứ thương hiệu</td>\n<td>Mỹ</td>\n</tr>\n<tr>\n<td>Camera sau</td>\n<td>12 MP</td>\n</tr>\n<tr>\n<td>Camera trước</td>\n<td>7MP</td>\n</tr>\n<tr>\n<td>Chip đồ họa (GPU)</td>\n<td>Apple GPU 6 nh&acirc;n</td>\n</tr>\n<tr>\n<td>Chức năng kh&aacute;c</td>\n<td>Mở kh&oacute;a bằng v&acirc;n tay</td>\n</tr>\n<tr>\n<td>K&iacute;ch thước</td>\n<td>247.6 x 178.5 x 6.1 mm</td>\n</tr>\n<tr>\n<td>Phụ kiện đi k&egrave;m</td>\n<td>C&aacute;p, sạc, s&aacute;ch hướng dẫn</td>\n</tr>\n<tr>\n<td>Model</td>\n<td>ipad Air 2020</td>\n</tr>\n<tr>\n<td>Jack tai nghe</td>\n<td>USB Type-C</td>\n</tr>\n<tr>\n<td>Nghe nhạc</td>\n<td>C&oacute;</td>\n</tr>\n<tr>\n<td>Xuất xứ</td>\n<td>Trung Quốc</td>\n</tr>\n<tr>\n<td>Cổng sạc</td>\n<td>USB Type-C</td>\n</tr>\n<tr>\n<td>Trọng lượng</td>\n<td>458g</td>\n</tr>\n<tr>\n<td>Quay phim</td>\n<td>4K@24/30/60fps, 1080p@30/60/120/240fps; gyro-EIS</td>\n</tr>\n<tr>\n<td>Độ ph&acirc;n giải</td>\n<td>2360 x 1640 Pixels</td>\n</tr>\n<tr>\n<td>ROM</td>\n<td>64 GB</td>\n</tr>\n<tr>\n<td>K&iacute;ch thước m&agrave;n h&igrave;nh</td>\n<td>10.9 inch</td>\n</tr>\n<tr>\n<td>T&iacute;nh năng camera</td>\n<td>Chụp h&igrave;nh g&oacute;c rộng, Chống rung EIS, Tự đ&ocirc;̣ng l&acirc;́y nét, HDR</td>\n</tr>\n<tr>\n<td>Video call</td>\n<td>Hỗ trợ VideoCall th&ocirc;ng qua ứng dụng</td>\n</tr>\n<tr>\n<td>Wifi</td>\n<td>Wi-Fi 802.11 a/b/g/n/ac/ax</td>\n</tr>\n<tr>\n<td>Xem phim</td>\n<td>C&oacute;</td>\n</tr>\n<tr>\n<td>SKU</td>\n<td>4574548326206</td>\n</tr>\n</tbody>\n</table>","Description":"<p>M&atilde; Part: ZA/A<br />C&ocirc;ng nghệ m&agrave;n h&igrave;nh: Liquid Retina<br />Độ ph&acirc;n giải: 2360 x 1640 Pixels<br />Kích thước màn hình: 10.9\"<br />Hệ điều h&agrave;nh: iPadOS 14<br />Loại CPU (Chipset): Apple A14 Bionic 6 nh&acirc;n<br />Camera sau: 12 MP<br />Camera trước: 7 MP<br />Pin: 28.6W lithium‑polymer, sạc nhanh 20W</p>\n<h5>iPad Air 10.9 Wi-Fi New 2020 &ndash; Chip A14 mạnh mẽ cho trải nghiệm ho&agrave;n hảo</h5>\n<p>Apple lu&ocirc;n khiến cho cộng đồng c&ocirc;ng nghệ đứng ngồi kh&ocirc;ng y&ecirc;n mỗi khi cho ra mắt những sản phẩm Tablet mới. Với mẫu&nbsp;<strong>iPad Air 10.9 Wi-Fi New 2020</strong>&nbsp;được dự kiến cho ra mắt năm 2020 sẽ mang những thay đổi về mặt thiết kế cũng như những t&iacute;nh năng mới được t&iacute;ch hợp để tối ưu h&oacute;a về hiệu năng, mang đến cho người d&ugrave;ng những trải nghiệm tốt hơn.</p>\n<p><img src=\"https://salt.tikicdn.com/ts/tmp/59/9b/38/58b41429f3d1ea6df9d69d2ca2f2026b.jpg\" alt=\"iPad Air 10.9 Wi-Fi 64GB New 2020 - H&agrave;ng Nhập Khẩu Ch&iacute;nh H&atilde;ng\" width=\"750\" height=\"642\" /></p>\n<h5>Thiết kế tinh tế, m&agrave;u sắc thời thượng với độ mỏng 6.1mm</h5>\n<p><strong>iPad Air 10.9 Wi-Fi New 2020</strong>&nbsp;sẽ c&oacute; thiết kế ho&agrave;n to&agrave;n mới với kiểu d&aacute;ng tương tự với iPad Pro 2020 nhưng với k&iacute;ch thước nhỏ gọn hơn 247.6 x 178.5 mm v&agrave; độ mỏng chỉ 6.1 mm c&ugrave;ng trọng lượng chưa đến 500g gi&uacute;p bạn dễ d&agrave;ng mang theo iPad để sử dụng ở bất cứ đ&acirc;u.</p>\n<p><img src=\"https://salt.tikicdn.com/ts/tmp/d6/ea/b4/424a9086e123882dd5ae75519942c6a1.jpg\" alt=\"iPad Air 10.9 Wi-Fi 64GB New 2020 - H&agrave;ng Nhập Khẩu Ch&iacute;nh H&atilde;ng\" width=\"750\" height=\"587\" /></p>\n<p>Thiết kế nguy&ecirc;n khối mang đến tổng thể sang trọng cho iPad Air 10.9 Wi-Fi New 2020 c&ugrave;ng với gam m&agrave;u mới thời thượng, n&uacute;t home được loại bỏ để tạo n&ecirc;n kh&ocirc;ng gian hiển thị rộng hơn.&nbsp;</p>\n<p><img src=\"https://salt.tikicdn.com/ts/tmp/2d/ef/c5/84001156b3d3bfc8d9c3b968113656fb.jpg\" alt=\"iPad Air 10.9 Wi-Fi 64GB New 2020 - H&agrave;ng Nhập Khẩu Ch&iacute;nh H&atilde;ng\" width=\"750\" height=\"623\" /></p>\n<p>Thiết kế của iPad Air 10.9 Wi-Fi New 2020 sẽ vu&ocirc;ng vắn hơn so với những d&ograve;ng iPad trước đ&acirc;y, c&aacute;c g&oacute;c cạnh được bo tr&ograve;n nhẹ nh&agrave;ng để tạo cảm gi&aacute;c mềm mại hơn cho tổng thể.</p>\n<p><img src=\"https://salt.tikicdn.com/ts/tmp/87/74/59/f4fe189c7e1de8454b1dfe6f6e3b4a23.jpg\" alt=\"iPad Air 10.9 Wi-Fi 64GB New 2020 - H&agrave;ng Nhập Khẩu Ch&iacute;nh H&atilde;ng\" width=\"750\" height=\"610\" /></p>\n<h5>M&agrave;n h&igrave;nh c&oacute; tần số qu&eacute;t 60Hz, tấm nền IPS LCD v&agrave; k&iacute;ch thước 10.9 inch</h5>\n<p>Để mang đến kh&ocirc;ng gian hiển thị tuyệt vời cho người d&ugrave;ng, Apple đ&atilde; trang bị m&agrave;n h&igrave;nh c&oacute; tần số qu&eacute;t đến 60Hz cho iPad Air 10.9 Wi-Fi New 2020, gi&uacute;p h&igrave;nh ảnh hiển thị mượt m&agrave;, c&aacute;c chuyển động h&igrave;nh ảnh trơn tru cũng như hạn chế t&igrave;nh trạng giật lag. Nhờ vậy bạn c&oacute; thể tận hưởng những thước phim ấn tượng, chơi game (đặc biệt l&agrave; những game c&oacute; g&oacute;c nh&igrave;n thứ nhất) một c&aacute;ch tuyệt vời nhất. Độ ph&acirc;n giải 2360 x 1640 pixels cho h&igrave;nh ảnh sắc n&eacute;t v&agrave; ch&acirc;n thực.</p>\n<p><img src=\"https://salt.tikicdn.com/ts/tmp/20/de/70/77f0240c254ff1b4ae74664abc0b0b2e.jpg\" alt=\"iPad Air 10.9 Wi-Fi 64GB New 2020 - H&agrave;ng Nhập Khẩu Ch&iacute;nh H&atilde;ng\" width=\"750\" height=\"530\" /></p>\n<p>Sử dụng tấm nền IPS LCD cho iPad Air 10.9 Wi-Fi New 2020 c&ugrave;ng với c&ocirc;ng nghệ True-Tone cho khả năng t&aacute;i tạo m&agrave;u sắc ch&iacute;nh x&aacute;c, gần với thực tế hỗ trợ cho c&ocirc;ng việc chỉnh sửa ảnh, video,&hellip;hiệu quả hơn. B&ecirc;n cạnh đ&oacute; m&agrave;n h&igrave;nh n&agrave;y c&ograve;n sở hữu độ s&aacute;ng 500 nits để h&igrave;nh ảnh lu&ocirc;n hiển thị tốt trong những điều kiện &aacute;nh s&aacute;ng kh&aacute;c nhau, gi&uacute;p bạn sử dụng iPad tốt ngay cả khi ở ngo&agrave;i trời.</p>\n<h5>Chip A14 cho sức mạnh ấn tượng v&agrave; bộ nhớ 128GB lưu trữ rộng r&atilde;i</h5>\n<p>Sức mạnh của m&aacute;y đến từ con chip A14 Bionic để mang đến tốc độ xử l&yacute; vượt trội hơn, nhanh ch&oacute;ng cho sức mạnh kh&ocirc;ng thua g&igrave; một chiếc PC. B&ecirc;n cạnh đ&oacute; c&ograve;n c&oacute; th&ocirc;ng tin iPad Air 10.9 Wi-Fi New 2020&nbsp;sẽ c&oacute; b&agrave;n ph&iacute;m Magic Keyboard ri&ecirc;ng để c&oacute; thể gi&uacute;p bạn biến chiếc m&aacute;y t&iacute;nh bảng của m&igrave;nh th&agrave;nh một chiếc laptop một c&aacute;ch nhanh ch&oacute;ng v&agrave; đơn giản.</p>\n<p><img src=\"https://salt.tikicdn.com/ts/tmp/3b/43/64/9f90695df79a92d59f8709c9bf35cfce.jpg\" alt=\"iPad Air 10.9 Wi-Fi 64GB New 2020 - H&agrave;ng Nhập Khẩu Ch&iacute;nh H&atilde;ng\" width=\"750\" height=\"443\" /></p>\n<p>Apple iPad Air 10.9 Wi-Fi New 2020 c&oacute; bộ nhớ 64GB tương đối rộng r&atilde;i để bạn c&oacute; thể lưu trữ được nhiều dữ liệu hơn, thoải m&aacute;i c&agrave;i đặt c&aacute;c ứng dụng, tr&ograve; chơi phục vụ cho nhu cầu sử dụng của bạn.</p>\n<h5>Hệ thống camera với cảm biến LiDAR hỗ trợ quay phim chất lượng 4K si&ecirc;u n&eacute;t</h5>\n<p>Một trong những sự cải tiến mới của iPad Air 10.9 Wi-Fi New 2020 ch&iacute;nh l&agrave; hệ thống camera với camera ch&iacute;nh g&oacute;c rộng 12MP c&ugrave;ng với cảm biến chiều s&acirc;u TOF 3D LiDAR hỗ trợ quay phim với chất lượng 4K cho h&igrave;nh ảnh cực kỳ sắc n&eacute;t v&agrave; sinh động. B&ecirc;n cạnh đ&oacute;, iPad cũng được hỗ trợ những t&iacute;nh năng chụp ảnh th&ocirc;ng minh như x&oacute;a ph&ocirc;ng, lấy n&eacute;t tự động,&hellip;cho ảnh chụp kh&ocirc;ng thua k&eacute;m bất kỳ thiết bị n&agrave;o.</p>\n<p><img src=\"https://salt.tikicdn.com/ts/tmp/19/29/d7/9486bb7236347842010ab9ef2dde68d0.jpg\" alt=\"iPad Air 10.9 Wi-Fi 64GB New 2020 - H&agrave;ng Nhập Khẩu Ch&iacute;nh H&atilde;ng\" width=\"750\" height=\"472\" /></p>\n<p>Camera trước c&oacute; cảm biến 7MP v&agrave; hỗ trợ quay phim 1080p, hỗ trợ video call chất lượng cao mang đến những trải nghiệm tuyệt vời cho người d&ugrave;ng. Bạn c&oacute; thể sử dụng iPad để quay lại vlog hằng ng&agrave;y thay cho một chiếc m&aacute;y quay, m&aacute;y ảnh v&agrave; chia sẻ ngay với bạn b&egrave;, người th&acirc;n,&hellip;v&ocirc; c&ugrave;ng tiện lợi.</p>\n<h5>Dung lượng pin lớn cho 10 giờ lướt web</h5>\n<p>Apple cũng đ&atilde; n&acirc;ng cấp dung lượng pin cho iPad Air 10.9 Wi-Fi New 2020 với dung lượng lớn, cho 10 giờ lướt web bằng wifi, 9 giờ sử dụng mạng di động. Mặc d&ugrave; dung lượng trước đ&acirc;y của những thế hệ iPad trước cũng đ&atilde; đ&aacute;p ứng rất tốt về thời lượng sử dụng ch&iacute;nh v&igrave; thế sự n&acirc;ng cấp n&agrave;y chắc chắn sẽ gi&uacute;p người d&ugrave;ng c&agrave;ng y&ecirc;n t&acirc;m hơn khi sử dụng thiết bị suốt cả ng&agrave;y d&agrave;i m&agrave; kh&ocirc;ng lo hết pin.</p>\n<p><img src=\"https://salt.tikicdn.com/ts/tmp/b0/bb/93/cd86a920f10974d3c3af4ba306baae33.jpg\" alt=\"iPad Air 10.9 Wi-Fi 64GB New 2020 - H&agrave;ng Nhập Khẩu Ch&iacute;nh H&atilde;ng\" width=\"750\" height=\"803\" /></p>\n<p>B&ecirc;n cạnh đ&oacute; Apple cũng t&iacute;ch hợp c&ocirc;ng nghệ sạc nhanh 20W cho iPad Air 10.9 Wi-Fi New 2020 để gi&uacute;p người d&ugrave;ng c&oacute; thể nạp năng lượng cho iPad nhanh ch&oacute;ng. Bạn c&oacute; thể sử dụng thiết bị của bạn li&ecirc;n tục v&agrave; nhanh nạp lại pin cho thiết bị, giải quyết nỗi lo lắng về pin iPad.</p>\n<p><img src=\"https://salt.tikicdn.com/ts/tmp/08/10/58/1421d2f373a3d118a5eb0d218fb12de0.jpg\" alt=\"iPad Air 10.9 Wi-Fi 64GB New 2020 - H&agrave;ng Nhập Khẩu Ch&iacute;nh H&atilde;ng\" width=\"750\" height=\"375\" /></p>\n<p>&nbsp;</p>\n<p>Gi&aacute; sản phẩm tr&ecirc;n Tiki đ&atilde; bao gồm thuế theo luật hiện h&agrave;nh. Tuy nhi&ecirc;n tuỳ v&agrave;o từng loại sản phẩm hoặc phương thức, địa chỉ giao h&agrave;ng m&agrave; c&oacute; thể ph&aacute;t sinh th&ecirc;m chi ph&iacute; kh&aacute;c như ph&iacute; vận chuyển, phụ ph&iacute; h&agrave;ng cồng kềnh, ...</p>","CategoryID":"71b43f31-30ce-40f8-9d09-7cfb8276c7eb","Category":null,"Discount":18,"Quanlity":91,"Image":"[\"https://firebasestorage.googleapis.com/v0/b/duanimage-50853.appspot.com/o/images%2Ff82a7ce86c8b49bfe9797bfc0adf85cc.jpg?alt=media&token=7fdfa838-51cd-42da-bbd5-69706e535fc8\",\"https://firebasestorage.googleapis.com/v0/b/duanimage-50853.appspot.com/o/images%2F1cda272052fbd4743268694f7a8cb021.jpg?alt=media&token=6e66fb5e-fd7b-49e3-bc59-16f8ba340218\",\"https://firebasestorage.googleapis.com/v0/b/duanimage-50853.appspot.com/o/images%2F03513d8545b25aef3980d2b72f0266a0.jpg?alt=media&token=98773887-0816-4b17-a253-4e03582ebb0d\",\"https://firebasestorage.googleapis.com/v0/b/duanimage-50853.appspot.com/o/images%2Ffc78304d937382dd87e5e1385c665172.jpg?alt=media&token=2633c2f2-5768-40e6-b017-81f325901e24\",\"https://firebasestorage.googleapis.com/v0/b/duanimage-50853.appspot.com/o/images%2F80d146eb7aeec8604dfa143e4212bb53.jpg?alt=media&token=6954755d-f2ae-47a8-9ec2-fc352cf5b536\"]","Images":["https://firebasestorage.googleapis.com/v0/b/duanimage-50853.appspot.com/o/images%2Ff82a7ce86c8b49bfe9797bfc0adf85cc.jpg?alt=media&token=7fdfa838-51cd-42da-bbd5-69706e535fc8","https://firebasestorage.googleapis.com/v0/b/duanimage-50853.appspot.com/o/images%2F1cda272052fbd4743268694f7a8cb021.jpg?alt=media&token=6e66fb5e-fd7b-49e3-bc59-16f8ba340218","https://firebasestorage.googleapis.com/v0/b/duanimage-50853.appspot.com/o/images%2F03513d8545b25aef3980d2b72f0266a0.jpg?alt=media&token=98773887-0816-4b17-a253-4e03582ebb0d","https://firebasestorage.googleapis.com/v0/b/duanimage-50853.appspot.com/o/images%2Ffc78304d937382dd87e5e1385c665172.jpg?alt=media&token=2633c2f2-5768-40e6-b017-81f325901e24","https://firebasestorage.googleapis.com/v0/b/duanimage-50853.appspot.com/o/images%2F80d146eb7aeec8604dfa143e4212bb53.jpg?alt=media&token=6954755d-f2ae-47a8-9ec2-fc352cf5b536"],"AddedTime":"2021-06-09T22:34:15","LastModify":"2021-06-09T22:34:15","StoreID":"756beya9-79b2-4001-a942-08b209244e79","Store":null,"SoldQuanlity":0,"RatingsCount":1,"Ratings":null,"Star":5.0}}]',17592300,'2021-06-11 09:28:13.000','2021-06-11 09:36:43.000',1,N'be161729-7553-410c-a595-fe3d1cea264f',N'88888888-8888-8888-8888-888888888888',N'["087621c0-e1ed-4ded-a2b6-610dadbef060","f5d20757-c541-4422-bb97-c8bdc7389fbf"]'),
	 (N'357b0bfc-5062-4420-8bb4-c46870e29289',N'87660958-cf24-4b94-9eca-2cec66a711d3',N'[{"ID":"0f9a6aa1-1f2d-44cb-8d04-98c7523a62ee","BuyerID":"87660958-cf24-4b94-9eca-2cec66a711d3","ProductID":"f5d20757-c541-4422-bb97-c8bdc7389fbf","AddedTime":"2021-06-10T13:36:53","Status":null,"Quantity":1,"Product":{"ID":"f5d20757-c541-4422-bb97-c8bdc7389fbf","Name":"iPad Air 10.9 Wi-Fi 64GB New 2020 - Hàng Chính Hãng","Price":17990000,"Color":"Đen","Size":"247.6 x 178.5 x 6.1 mm","Detail":"<table>\n<tbody>\n<tr>\n<td>Bluetooth</td>\n<td>A2DP, EDR, 5.0</td>\n</tr>\n<tr>\n<td>Thương hiệu</td>\n<td>Apple</td>\n</tr>\n<tr>\n<td>Xuất xứ thương hiệu</td>\n<td>Mỹ</td>\n</tr>\n<tr>\n<td>Camera sau</td>\n<td>12 MP</td>\n</tr>\n<tr>\n<td>Camera trước</td>\n<td>7MP</td>\n</tr>\n<tr>\n<td>Chip đồ họa (GPU)</td>\n<td>Apple GPU 6 nh&acirc;n</td>\n</tr>\n<tr>\n<td>Chức năng kh&aacute;c</td>\n<td>Mở kh&oacute;a bằng v&acirc;n tay</td>\n</tr>\n<tr>\n<td>K&iacute;ch thước</td>\n<td>247.6 x 178.5 x 6.1 mm</td>\n</tr>\n<tr>\n<td>Phụ kiện đi k&egrave;m</td>\n<td>C&aacute;p, sạc, s&aacute;ch hướng dẫn</td>\n</tr>\n<tr>\n<td>Model</td>\n<td>ipad Air 2020</td>\n</tr>\n<tr>\n<td>Jack tai nghe</td>\n<td>USB Type-C</td>\n</tr>\n<tr>\n<td>Nghe nhạc</td>\n<td>C&oacute;</td>\n</tr>\n<tr>\n<td>Xuất xứ</td>\n<td>Trung Quốc</td>\n</tr>\n<tr>\n<td>Cổng sạc</td>\n<td>USB Type-C</td>\n</tr>\n<tr>\n<td>Trọng lượng</td>\n<td>458g</td>\n</tr>\n<tr>\n<td>Quay phim</td>\n<td>4K@24/30/60fps, 1080p@30/60/120/240fps; gyro-EIS</td>\n</tr>\n<tr>\n<td>Độ ph&acirc;n giải</td>\n<td>2360 x 1640 Pixels</td>\n</tr>\n<tr>\n<td>ROM</td>\n<td>64 GB</td>\n</tr>\n<tr>\n<td>K&iacute;ch thước m&agrave;n h&igrave;nh</td>\n<td>10.9 inch</td>\n</tr>\n<tr>\n<td>T&iacute;nh năng camera</td>\n<td>Chụp h&igrave;nh g&oacute;c rộng, Chống rung EIS, Tự đ&ocirc;̣ng l&acirc;́y nét, HDR</td>\n</tr>\n<tr>\n<td>Video call</td>\n<td>Hỗ trợ VideoCall th&ocirc;ng qua ứng dụng</td>\n</tr>\n<tr>\n<td>Wifi</td>\n<td>Wi-Fi 802.11 a/b/g/n/ac/ax</td>\n</tr>\n<tr>\n<td>Xem phim</td>\n<td>C&oacute;</td>\n</tr>\n<tr>\n<td>SKU</td>\n<td>4574548326206</td>\n</tr>\n</tbody>\n</table>","Description":"<p>M&atilde; Part: ZA/A<br />C&ocirc;ng nghệ m&agrave;n h&igrave;nh: Liquid Retina<br />Độ ph&acirc;n giải: 2360 x 1640 Pixels<br />Kích thước màn hình: 10.9\"<br />Hệ điều h&agrave;nh: iPadOS 14<br />Loại CPU (Chipset): Apple A14 Bionic 6 nh&acirc;n<br />Camera sau: 12 MP<br />Camera trước: 7 MP<br />Pin: 28.6W lithium‑polymer, sạc nhanh 20W</p>\n<h5>iPad Air 10.9 Wi-Fi New 2020 &ndash; Chip A14 mạnh mẽ cho trải nghiệm ho&agrave;n hảo</h5>\n<p>Apple lu&ocirc;n khiến cho cộng đồng c&ocirc;ng nghệ đứng ngồi kh&ocirc;ng y&ecirc;n mỗi khi cho ra mắt những sản phẩm Tablet mới. Với mẫu&nbsp;<strong>iPad Air 10.9 Wi-Fi New 2020</strong>&nbsp;được dự kiến cho ra mắt năm 2020 sẽ mang những thay đổi về mặt thiết kế cũng như những t&iacute;nh năng mới được t&iacute;ch hợp để tối ưu h&oacute;a về hiệu năng, mang đến cho người d&ugrave;ng những trải nghiệm tốt hơn.</p>\n<p><img src=\"https://salt.tikicdn.com/ts/tmp/59/9b/38/58b41429f3d1ea6df9d69d2ca2f2026b.jpg\" alt=\"iPad Air 10.9 Wi-Fi 64GB New 2020 - H&agrave;ng Nhập Khẩu Ch&iacute;nh H&atilde;ng\" width=\"750\" height=\"642\" /></p>\n<h5>Thiết kế tinh tế, m&agrave;u sắc thời thượng với độ mỏng 6.1mm</h5>\n<p><strong>iPad Air 10.9 Wi-Fi New 2020</strong>&nbsp;sẽ c&oacute; thiết kế ho&agrave;n to&agrave;n mới với kiểu d&aacute;ng tương tự với iPad Pro 2020 nhưng với k&iacute;ch thước nhỏ gọn hơn 247.6 x 178.5 mm v&agrave; độ mỏng chỉ 6.1 mm c&ugrave;ng trọng lượng chưa đến 500g gi&uacute;p bạn dễ d&agrave;ng mang theo iPad để sử dụng ở bất cứ đ&acirc;u.</p>\n<p><img src=\"https://salt.tikicdn.com/ts/tmp/d6/ea/b4/424a9086e123882dd5ae75519942c6a1.jpg\" alt=\"iPad Air 10.9 Wi-Fi 64GB New 2020 - H&agrave;ng Nhập Khẩu Ch&iacute;nh H&atilde;ng\" width=\"750\" height=\"587\" /></p>\n<p>Thiết kế nguy&ecirc;n khối mang đến tổng thể sang trọng cho iPad Air 10.9 Wi-Fi New 2020 c&ugrave;ng với gam m&agrave;u mới thời thượng, n&uacute;t home được loại bỏ để tạo n&ecirc;n kh&ocirc;ng gian hiển thị rộng hơn.&nbsp;</p>\n<p><img src=\"https://salt.tikicdn.com/ts/tmp/2d/ef/c5/84001156b3d3bfc8d9c3b968113656fb.jpg\" alt=\"iPad Air 10.9 Wi-Fi 64GB New 2020 - H&agrave;ng Nhập Khẩu Ch&iacute;nh H&atilde;ng\" width=\"750\" height=\"623\" /></p>\n<p>Thiết kế của iPad Air 10.9 Wi-Fi New 2020 sẽ vu&ocirc;ng vắn hơn so với những d&ograve;ng iPad trước đ&acirc;y, c&aacute;c g&oacute;c cạnh được bo tr&ograve;n nhẹ nh&agrave;ng để tạo cảm gi&aacute;c mềm mại hơn cho tổng thể.</p>\n<p><img src=\"https://salt.tikicdn.com/ts/tmp/87/74/59/f4fe189c7e1de8454b1dfe6f6e3b4a23.jpg\" alt=\"iPad Air 10.9 Wi-Fi 64GB New 2020 - H&agrave;ng Nhập Khẩu Ch&iacute;nh H&atilde;ng\" width=\"750\" height=\"610\" /></p>\n<h5>M&agrave;n h&igrave;nh c&oacute; tần số qu&eacute;t 60Hz, tấm nền IPS LCD v&agrave; k&iacute;ch thước 10.9 inch</h5>\n<p>Để mang đến kh&ocirc;ng gian hiển thị tuyệt vời cho người d&ugrave;ng, Apple đ&atilde; trang bị m&agrave;n h&igrave;nh c&oacute; tần số qu&eacute;t đến 60Hz cho iPad Air 10.9 Wi-Fi New 2020, gi&uacute;p h&igrave;nh ảnh hiển thị mượt m&agrave;, c&aacute;c chuyển động h&igrave;nh ảnh trơn tru cũng như hạn chế t&igrave;nh trạng giật lag. Nhờ vậy bạn c&oacute; thể tận hưởng những thước phim ấn tượng, chơi game (đặc biệt l&agrave; những game c&oacute; g&oacute;c nh&igrave;n thứ nhất) một c&aacute;ch tuyệt vời nhất. Độ ph&acirc;n giải 2360 x 1640 pixels cho h&igrave;nh ảnh sắc n&eacute;t v&agrave; ch&acirc;n thực.</p>\n<p><img src=\"https://salt.tikicdn.com/ts/tmp/20/de/70/77f0240c254ff1b4ae74664abc0b0b2e.jpg\" alt=\"iPad Air 10.9 Wi-Fi 64GB New 2020 - H&agrave;ng Nhập Khẩu Ch&iacute;nh H&atilde;ng\" width=\"750\" height=\"530\" /></p>\n<p>Sử dụng tấm nền IPS LCD cho iPad Air 10.9 Wi-Fi New 2020 c&ugrave;ng với c&ocirc;ng nghệ True-Tone cho khả năng t&aacute;i tạo m&agrave;u sắc ch&iacute;nh x&aacute;c, gần với thực tế hỗ trợ cho c&ocirc;ng việc chỉnh sửa ảnh, video,&hellip;hiệu quả hơn. B&ecirc;n cạnh đ&oacute; m&agrave;n h&igrave;nh n&agrave;y c&ograve;n sở hữu độ s&aacute;ng 500 nits để h&igrave;nh ảnh lu&ocirc;n hiển thị tốt trong những điều kiện &aacute;nh s&aacute;ng kh&aacute;c nhau, gi&uacute;p bạn sử dụng iPad tốt ngay cả khi ở ngo&agrave;i trời.</p>\n<h5>Chip A14 cho sức mạnh ấn tượng v&agrave; bộ nhớ 128GB lưu trữ rộng r&atilde;i</h5>\n<p>Sức mạnh của m&aacute;y đến từ con chip A14 Bionic để mang đến tốc độ xử l&yacute; vượt trội hơn, nhanh ch&oacute;ng cho sức mạnh kh&ocirc;ng thua g&igrave; một chiếc PC. B&ecirc;n cạnh đ&oacute; c&ograve;n c&oacute; th&ocirc;ng tin iPad Air 10.9 Wi-Fi New 2020&nbsp;sẽ c&oacute; b&agrave;n ph&iacute;m Magic Keyboard ri&ecirc;ng để c&oacute; thể gi&uacute;p bạn biến chiếc m&aacute;y t&iacute;nh bảng của m&igrave;nh th&agrave;nh một chiếc laptop một c&aacute;ch nhanh ch&oacute;ng v&agrave; đơn giản.</p>\n<p><img src=\"https://salt.tikicdn.com/ts/tmp/3b/43/64/9f90695df79a92d59f8709c9bf35cfce.jpg\" alt=\"iPad Air 10.9 Wi-Fi 64GB New 2020 - H&agrave;ng Nhập Khẩu Ch&iacute;nh H&atilde;ng\" width=\"750\" height=\"443\" /></p>\n<p>Apple iPad Air 10.9 Wi-Fi New 2020 c&oacute; bộ nhớ 64GB tương đối rộng r&atilde;i để bạn c&oacute; thể lưu trữ được nhiều dữ liệu hơn, thoải m&aacute;i c&agrave;i đặt c&aacute;c ứng dụng, tr&ograve; chơi phục vụ cho nhu cầu sử dụng của bạn.</p>\n<h5>Hệ thống camera với cảm biến LiDAR hỗ trợ quay phim chất lượng 4K si&ecirc;u n&eacute;t</h5>\n<p>Một trong những sự cải tiến mới của iPad Air 10.9 Wi-Fi New 2020 ch&iacute;nh l&agrave; hệ thống camera với camera ch&iacute;nh g&oacute;c rộng 12MP c&ugrave;ng với cảm biến chiều s&acirc;u TOF 3D LiDAR hỗ trợ quay phim với chất lượng 4K cho h&igrave;nh ảnh cực kỳ sắc n&eacute;t v&agrave; sinh động. B&ecirc;n cạnh đ&oacute;, iPad cũng được hỗ trợ những t&iacute;nh năng chụp ảnh th&ocirc;ng minh như x&oacute;a ph&ocirc;ng, lấy n&eacute;t tự động,&hellip;cho ảnh chụp kh&ocirc;ng thua k&eacute;m bất kỳ thiết bị n&agrave;o.</p>\n<p><img src=\"https://salt.tikicdn.com/ts/tmp/19/29/d7/9486bb7236347842010ab9ef2dde68d0.jpg\" alt=\"iPad Air 10.9 Wi-Fi 64GB New 2020 - H&agrave;ng Nhập Khẩu Ch&iacute;nh H&atilde;ng\" width=\"750\" height=\"472\" /></p>\n<p>Camera trước c&oacute; cảm biến 7MP v&agrave; hỗ trợ quay phim 1080p, hỗ trợ video call chất lượng cao mang đến những trải nghiệm tuyệt vời cho người d&ugrave;ng. Bạn c&oacute; thể sử dụng iPad để quay lại vlog hằng ng&agrave;y thay cho một chiếc m&aacute;y quay, m&aacute;y ảnh v&agrave; chia sẻ ngay với bạn b&egrave;, người th&acirc;n,&hellip;v&ocirc; c&ugrave;ng tiện lợi.</p>\n<h5>Dung lượng pin lớn cho 10 giờ lướt web</h5>\n<p>Apple cũng đ&atilde; n&acirc;ng cấp dung lượng pin cho iPad Air 10.9 Wi-Fi New 2020 với dung lượng lớn, cho 10 giờ lướt web bằng wifi, 9 giờ sử dụng mạng di động. Mặc d&ugrave; dung lượng trước đ&acirc;y của những thế hệ iPad trước cũng đ&atilde; đ&aacute;p ứng rất tốt về thời lượng sử dụng ch&iacute;nh v&igrave; thế sự n&acirc;ng cấp n&agrave;y chắc chắn sẽ gi&uacute;p người d&ugrave;ng c&agrave;ng y&ecirc;n t&acirc;m hơn khi sử dụng thiết bị suốt cả ng&agrave;y d&agrave;i m&agrave; kh&ocirc;ng lo hết pin.</p>\n<p><img src=\"https://salt.tikicdn.com/ts/tmp/b0/bb/93/cd86a920f10974d3c3af4ba306baae33.jpg\" alt=\"iPad Air 10.9 Wi-Fi 64GB New 2020 - H&agrave;ng Nhập Khẩu Ch&iacute;nh H&atilde;ng\" width=\"750\" height=\"803\" /></p>\n<p>B&ecirc;n cạnh đ&oacute; Apple cũng t&iacute;ch hợp c&ocirc;ng nghệ sạc nhanh 20W cho iPad Air 10.9 Wi-Fi New 2020 để gi&uacute;p người d&ugrave;ng c&oacute; thể nạp năng lượng cho iPad nhanh ch&oacute;ng. Bạn c&oacute; thể sử dụng thiết bị của bạn li&ecirc;n tục v&agrave; nhanh nạp lại pin cho thiết bị, giải quyết nỗi lo lắng về pin iPad.</p>\n<p><img src=\"https://salt.tikicdn.com/ts/tmp/08/10/58/1421d2f373a3d118a5eb0d218fb12de0.jpg\" alt=\"iPad Air 10.9 Wi-Fi 64GB New 2020 - H&agrave;ng Nhập Khẩu Ch&iacute;nh H&atilde;ng\" width=\"750\" height=\"375\" /></p>\n<p>&nbsp;</p>\n<p>Gi&aacute; sản phẩm tr&ecirc;n Tiki đ&atilde; bao gồm thuế theo luật hiện h&agrave;nh. Tuy nhi&ecirc;n tuỳ v&agrave;o từng loại sản phẩm hoặc phương thức, địa chỉ giao h&agrave;ng m&agrave; c&oacute; thể ph&aacute;t sinh th&ecirc;m chi ph&iacute; kh&aacute;c như ph&iacute; vận chuyển, phụ ph&iacute; h&agrave;ng cồng kềnh, ...</p>","CategoryID":"71b43f31-30ce-40f8-9d09-7cfb8276c7eb","Category":null,"Discount":18,"Quanlity":97,"Image":"[\"https://firebasestorage.googleapis.com/v0/b/duanimage-50853.appspot.com/o/images%2Ff82a7ce86c8b49bfe9797bfc0adf85cc.jpg?alt=media&token=7fdfa838-51cd-42da-bbd5-69706e535fc8\",\"https://firebasestorage.googleapis.com/v0/b/duanimage-50853.appspot.com/o/images%2F1cda272052fbd4743268694f7a8cb021.jpg?alt=media&token=6e66fb5e-fd7b-49e3-bc59-16f8ba340218\",\"https://firebasestorage.googleapis.com/v0/b/duanimage-50853.appspot.com/o/images%2F03513d8545b25aef3980d2b72f0266a0.jpg?alt=media&token=98773887-0816-4b17-a253-4e03582ebb0d\",\"https://firebasestorage.googleapis.com/v0/b/duanimage-50853.appspot.com/o/images%2Ffc78304d937382dd87e5e1385c665172.jpg?alt=media&token=2633c2f2-5768-40e6-b017-81f325901e24\",\"https://firebasestorage.googleapis.com/v0/b/duanimage-50853.appspot.com/o/images%2F80d146eb7aeec8604dfa143e4212bb53.jpg?alt=media&token=6954755d-f2ae-47a8-9ec2-fc352cf5b536\"]","Images":["https://firebasestorage.googleapis.com/v0/b/duanimage-50853.appspot.com/o/images%2Ff82a7ce86c8b49bfe9797bfc0adf85cc.jpg?alt=media&token=7fdfa838-51cd-42da-bbd5-69706e535fc8","https://firebasestorage.googleapis.com/v0/b/duanimage-50853.appspot.com/o/images%2F1cda272052fbd4743268694f7a8cb021.jpg?alt=media&token=6e66fb5e-fd7b-49e3-bc59-16f8ba340218","https://firebasestorage.googleapis.com/v0/b/duanimage-50853.appspot.com/o/images%2F03513d8545b25aef3980d2b72f0266a0.jpg?alt=media&token=98773887-0816-4b17-a253-4e03582ebb0d","https://firebasestorage.googleapis.com/v0/b/duanimage-50853.appspot.com/o/images%2Ffc78304d937382dd87e5e1385c665172.jpg?alt=media&token=2633c2f2-5768-40e6-b017-81f325901e24","https://firebasestorage.googleapis.com/v0/b/duanimage-50853.appspot.com/o/images%2F80d146eb7aeec8604dfa143e4212bb53.jpg?alt=media&token=6954755d-f2ae-47a8-9ec2-fc352cf5b536"],"AddedTime":"2021-06-09T22:34:15","LastModify":"2021-06-09T22:34:15","StoreID":"756beya9-79b2-4001-a942-08b209244e79","Store":null,"SoldQuanlity":0,"RatingsCount":1,"Ratings":null,"Star":5.0}},{"ID":"42af3fc0-494e-4ddb-a6d0-1e076c9e65d9","BuyerID":"87660958-cf24-4b94-9eca-2cec66a711d3","ProductID":"087621c0-e1ed-4ded-a2b6-610dadbef060","AddedTime":"2021-06-10T13:36:53","Status":null,"Quantity":1,"Product":{"ID":"087621c0-e1ed-4ded-a2b6-610dadbef060","Name":"Điện thoại Xiaomi Redmi 8 (4GB/64GB) - Hàng Chính Hãng","Price":2990000,"Color":"Đen","Size":"ss","Detail":"<p>co cai lll</p>","Description":"<p>asdasda</p>","CategoryID":"4d309a66-5958-455f-94c2-3223cc12c615","Category":null,"Discount":5,"Quanlity":32,"Image":"[\"https://salt.tikicdn.com/cache/w1200/ts/product/14/71/dc/4eaa1c5b79e21195b85614288eff4ab5.png\",\"https://vcdn.tikicdn.com/ts/review/ee/aa/23/355b972924f50c87a29c8c8cb715990d.jpg\",\"https://firebasestorage.googleapis.com/v0/b/duanimage-50853.appspot.com/o/images%2Fimage%202.png?alt=media&token=26c1280f-16a7-4b2f-8da6-fb3db4fb34ff\",\"https://firebasestorage.googleapis.com/v0/b/duanimage-50853.appspot.com/o/images%2Fimage%201%20(2).png?alt=media&token=d4cf0a15-565c-422e-8ad6-4ef46e9412d0\",\"https://firebasestorage.googleapis.com/v0/b/duanimage-50853.appspot.com/o/images%2Fth%C6%B0%C6%A1ng-m%E1%BA%A1i-%C4%91i%E1%BB%87n-t%E1%BB%AD.jpg?alt=media&token=ad52525a-f7ff-440c-b381-3172d116f728\"]","Images":["https://salt.tikicdn.com/cache/w1200/ts/product/14/71/dc/4eaa1c5b79e21195b85614288eff4ab5.png","https://vcdn.tikicdn.com/ts/review/ee/aa/23/355b972924f50c87a29c8c8cb715990d.jpg","https://firebasestorage.googleapis.com/v0/b/duanimage-50853.appspot.com/o/images%2Fimage%202.png?alt=media&token=26c1280f-16a7-4b2f-8da6-fb3db4fb34ff","https://firebasestorage.googleapis.com/v0/b/duanimage-50853.appspot.com/o/images%2Fimage%201%20(2).png?alt=media&token=d4cf0a15-565c-422e-8ad6-4ef46e9412d0","https://firebasestorage.googleapis.com/v0/b/duanimage-50853.appspot.com/o/images%2Fth%C6%B0%C6%A1ng-m%E1%BA%A1i-%C4%91i%E1%BB%87n-t%E1%BB%AD.jpg?alt=media&token=ad52525a-f7ff-440c-b381-3172d116f728"],"AddedTime":"2021-04-06T00:00:00","LastModify":"2021-06-08T10:01:34","StoreID":"336be9a9-b9b2-4511-a942-08b20d244e79","Store":null,"SoldQuanlity":10,"RatingsCount":8,"Ratings":null,"Star":4.76}}]',17592300,'2021-06-10 13:37:15.000','2021-06-10 13:52:51.000',1,N'3ac62180-79b1-41b4-a4b8-0cba6364e57e',N'88888888-8888-8888-8888-888888888888',N'["f5d20757-c541-4422-bb97-c8bdc7389fbf","087621c0-e1ed-4ded-a2b6-610dadbef060"]'),
	 (N'41a5142b-d93b-4e8c-8c03-649dbd8468e8',N'e8472aab-ca79-4287-b985-9e50426fd39a',N'[{"ID":"92d66d33-b871-412f-8a77-a058ffe395dc","BuyerID":"e8472aab-ca79-4287-b985-9e50426fd39a","ProductID":"f5d20757-c541-4422-bb97-c8bdc7389fbf","AddedTime":"2021-06-11T00:32:48","Status":null,"Quantity":1,"Product":{"ID":"f5d20757-c541-4422-bb97-c8bdc7389fbf","Name":"iPad Air 10.9 Wi-Fi 64GB New 2020 - Hàng Chính Hãng","Price":17990000,"Color":"Đen","Size":"247.6 x 178.5 x 6.1 mm","Detail":"<table>\n<tbody>\n<tr>\n<td>Bluetooth</td>\n<td>A2DP, EDR, 5.0</td>\n</tr>\n<tr>\n<td>Thương hiệu</td>\n<td>Apple</td>\n</tr>\n<tr>\n<td>Xuất xứ thương hiệu</td>\n<td>Mỹ</td>\n</tr>\n<tr>\n<td>Camera sau</td>\n<td>12 MP</td>\n</tr>\n<tr>\n<td>Camera trước</td>\n<td>7MP</td>\n</tr>\n<tr>\n<td>Chip đồ họa (GPU)</td>\n<td>Apple GPU 6 nh&acirc;n</td>\n</tr>\n<tr>\n<td>Chức năng kh&aacute;c</td>\n<td>Mở kh&oacute;a bằng v&acirc;n tay</td>\n</tr>\n<tr>\n<td>K&iacute;ch thước</td>\n<td>247.6 x 178.5 x 6.1 mm</td>\n</tr>\n<tr>\n<td>Phụ kiện đi k&egrave;m</td>\n<td>C&aacute;p, sạc, s&aacute;ch hướng dẫn</td>\n</tr>\n<tr>\n<td>Model</td>\n<td>ipad Air 2020</td>\n</tr>\n<tr>\n<td>Jack tai nghe</td>\n<td>USB Type-C</td>\n</tr>\n<tr>\n<td>Nghe nhạc</td>\n<td>C&oacute;</td>\n</tr>\n<tr>\n<td>Xuất xứ</td>\n<td>Trung Quốc</td>\n</tr>\n<tr>\n<td>Cổng sạc</td>\n<td>USB Type-C</td>\n</tr>\n<tr>\n<td>Trọng lượng</td>\n<td>458g</td>\n</tr>\n<tr>\n<td>Quay phim</td>\n<td>4K@24/30/60fps, 1080p@30/60/120/240fps; gyro-EIS</td>\n</tr>\n<tr>\n<td>Độ ph&acirc;n giải</td>\n<td>2360 x 1640 Pixels</td>\n</tr>\n<tr>\n<td>ROM</td>\n<td>64 GB</td>\n</tr>\n<tr>\n<td>K&iacute;ch thước m&agrave;n h&igrave;nh</td>\n<td>10.9 inch</td>\n</tr>\n<tr>\n<td>T&iacute;nh năng camera</td>\n<td>Chụp h&igrave;nh g&oacute;c rộng, Chống rung EIS, Tự đ&ocirc;̣ng l&acirc;́y nét, HDR</td>\n</tr>\n<tr>\n<td>Video call</td>\n<td>Hỗ trợ VideoCall th&ocirc;ng qua ứng dụng</td>\n</tr>\n<tr>\n<td>Wifi</td>\n<td>Wi-Fi 802.11 a/b/g/n/ac/ax</td>\n</tr>\n<tr>\n<td>Xem phim</td>\n<td>C&oacute;</td>\n</tr>\n<tr>\n<td>SKU</td>\n<td>4574548326206</td>\n</tr>\n</tbody>\n</table>","Description":"<p>M&atilde; Part: ZA/A<br />C&ocirc;ng nghệ m&agrave;n h&igrave;nh: Liquid Retina<br />Độ ph&acirc;n giải: 2360 x 1640 Pixels<br />Kích thước màn hình: 10.9\"<br />Hệ điều h&agrave;nh: iPadOS 14<br />Loại CPU (Chipset): Apple A14 Bionic 6 nh&acirc;n<br />Camera sau: 12 MP<br />Camera trước: 7 MP<br />Pin: 28.6W lithium‑polymer, sạc nhanh 20W</p>\n<h5>iPad Air 10.9 Wi-Fi New 2020 &ndash; Chip A14 mạnh mẽ cho trải nghiệm ho&agrave;n hảo</h5>\n<p>Apple lu&ocirc;n khiến cho cộng đồng c&ocirc;ng nghệ đứng ngồi kh&ocirc;ng y&ecirc;n mỗi khi cho ra mắt những sản phẩm Tablet mới. Với mẫu&nbsp;<strong>iPad Air 10.9 Wi-Fi New 2020</strong>&nbsp;được dự kiến cho ra mắt năm 2020 sẽ mang những thay đổi về mặt thiết kế cũng như những t&iacute;nh năng mới được t&iacute;ch hợp để tối ưu h&oacute;a về hiệu năng, mang đến cho người d&ugrave;ng những trải nghiệm tốt hơn.</p>\n<p><img src=\"https://salt.tikicdn.com/ts/tmp/59/9b/38/58b41429f3d1ea6df9d69d2ca2f2026b.jpg\" alt=\"iPad Air 10.9 Wi-Fi 64GB New 2020 - H&agrave;ng Nhập Khẩu Ch&iacute;nh H&atilde;ng\" width=\"750\" height=\"642\" /></p>\n<h5>Thiết kế tinh tế, m&agrave;u sắc thời thượng với độ mỏng 6.1mm</h5>\n<p><strong>iPad Air 10.9 Wi-Fi New 2020</strong>&nbsp;sẽ c&oacute; thiết kế ho&agrave;n to&agrave;n mới với kiểu d&aacute;ng tương tự với iPad Pro 2020 nhưng với k&iacute;ch thước nhỏ gọn hơn 247.6 x 178.5 mm v&agrave; độ mỏng chỉ 6.1 mm c&ugrave;ng trọng lượng chưa đến 500g gi&uacute;p bạn dễ d&agrave;ng mang theo iPad để sử dụng ở bất cứ đ&acirc;u.</p>\n<p><img src=\"https://salt.tikicdn.com/ts/tmp/d6/ea/b4/424a9086e123882dd5ae75519942c6a1.jpg\" alt=\"iPad Air 10.9 Wi-Fi 64GB New 2020 - H&agrave;ng Nhập Khẩu Ch&iacute;nh H&atilde;ng\" width=\"750\" height=\"587\" /></p>\n<p>Thiết kế nguy&ecirc;n khối mang đến tổng thể sang trọng cho iPad Air 10.9 Wi-Fi New 2020 c&ugrave;ng với gam m&agrave;u mới thời thượng, n&uacute;t home được loại bỏ để tạo n&ecirc;n kh&ocirc;ng gian hiển thị rộng hơn.&nbsp;</p>\n<p><img src=\"https://salt.tikicdn.com/ts/tmp/2d/ef/c5/84001156b3d3bfc8d9c3b968113656fb.jpg\" alt=\"iPad Air 10.9 Wi-Fi 64GB New 2020 - H&agrave;ng Nhập Khẩu Ch&iacute;nh H&atilde;ng\" width=\"750\" height=\"623\" /></p>\n<p>Thiết kế của iPad Air 10.9 Wi-Fi New 2020 sẽ vu&ocirc;ng vắn hơn so với những d&ograve;ng iPad trước đ&acirc;y, c&aacute;c g&oacute;c cạnh được bo tr&ograve;n nhẹ nh&agrave;ng để tạo cảm gi&aacute;c mềm mại hơn cho tổng thể.</p>\n<p><img src=\"https://salt.tikicdn.com/ts/tmp/87/74/59/f4fe189c7e1de8454b1dfe6f6e3b4a23.jpg\" alt=\"iPad Air 10.9 Wi-Fi 64GB New 2020 - H&agrave;ng Nhập Khẩu Ch&iacute;nh H&atilde;ng\" width=\"750\" height=\"610\" /></p>\n<h5>M&agrave;n h&igrave;nh c&oacute; tần số qu&eacute;t 60Hz, tấm nền IPS LCD v&agrave; k&iacute;ch thước 10.9 inch</h5>\n<p>Để mang đến kh&ocirc;ng gian hiển thị tuyệt vời cho người d&ugrave;ng, Apple đ&atilde; trang bị m&agrave;n h&igrave;nh c&oacute; tần số qu&eacute;t đến 60Hz cho iPad Air 10.9 Wi-Fi New 2020, gi&uacute;p h&igrave;nh ảnh hiển thị mượt m&agrave;, c&aacute;c chuyển động h&igrave;nh ảnh trơn tru cũng như hạn chế t&igrave;nh trạng giật lag. Nhờ vậy bạn c&oacute; thể tận hưởng những thước phim ấn tượng, chơi game (đặc biệt l&agrave; những game c&oacute; g&oacute;c nh&igrave;n thứ nhất) một c&aacute;ch tuyệt vời nhất. Độ ph&acirc;n giải 2360 x 1640 pixels cho h&igrave;nh ảnh sắc n&eacute;t v&agrave; ch&acirc;n thực.</p>\n<p><img src=\"https://salt.tikicdn.com/ts/tmp/20/de/70/77f0240c254ff1b4ae74664abc0b0b2e.jpg\" alt=\"iPad Air 10.9 Wi-Fi 64GB New 2020 - H&agrave;ng Nhập Khẩu Ch&iacute;nh H&atilde;ng\" width=\"750\" height=\"530\" /></p>\n<p>Sử dụng tấm nền IPS LCD cho iPad Air 10.9 Wi-Fi New 2020 c&ugrave;ng với c&ocirc;ng nghệ True-Tone cho khả năng t&aacute;i tạo m&agrave;u sắc ch&iacute;nh x&aacute;c, gần với thực tế hỗ trợ cho c&ocirc;ng việc chỉnh sửa ảnh, video,&hellip;hiệu quả hơn. B&ecirc;n cạnh đ&oacute; m&agrave;n h&igrave;nh n&agrave;y c&ograve;n sở hữu độ s&aacute;ng 500 nits để h&igrave;nh ảnh lu&ocirc;n hiển thị tốt trong những điều kiện &aacute;nh s&aacute;ng kh&aacute;c nhau, gi&uacute;p bạn sử dụng iPad tốt ngay cả khi ở ngo&agrave;i trời.</p>\n<h5>Chip A14 cho sức mạnh ấn tượng v&agrave; bộ nhớ 128GB lưu trữ rộng r&atilde;i</h5>\n<p>Sức mạnh của m&aacute;y đến từ con chip A14 Bionic để mang đến tốc độ xử l&yacute; vượt trội hơn, nhanh ch&oacute;ng cho sức mạnh kh&ocirc;ng thua g&igrave; một chiếc PC. B&ecirc;n cạnh đ&oacute; c&ograve;n c&oacute; th&ocirc;ng tin iPad Air 10.9 Wi-Fi New 2020&nbsp;sẽ c&oacute; b&agrave;n ph&iacute;m Magic Keyboard ri&ecirc;ng để c&oacute; thể gi&uacute;p bạn biến chiếc m&aacute;y t&iacute;nh bảng của m&igrave;nh th&agrave;nh một chiếc laptop một c&aacute;ch nhanh ch&oacute;ng v&agrave; đơn giản.</p>\n<p><img src=\"https://salt.tikicdn.com/ts/tmp/3b/43/64/9f90695df79a92d59f8709c9bf35cfce.jpg\" alt=\"iPad Air 10.9 Wi-Fi 64GB New 2020 - H&agrave;ng Nhập Khẩu Ch&iacute;nh H&atilde;ng\" width=\"750\" height=\"443\" /></p>\n<p>Apple iPad Air 10.9 Wi-Fi New 2020 c&oacute; bộ nhớ 64GB tương đối rộng r&atilde;i để bạn c&oacute; thể lưu trữ được nhiều dữ liệu hơn, thoải m&aacute;i c&agrave;i đặt c&aacute;c ứng dụng, tr&ograve; chơi phục vụ cho nhu cầu sử dụng của bạn.</p>\n<h5>Hệ thống camera với cảm biến LiDAR hỗ trợ quay phim chất lượng 4K si&ecirc;u n&eacute;t</h5>\n<p>Một trong những sự cải tiến mới của iPad Air 10.9 Wi-Fi New 2020 ch&iacute;nh l&agrave; hệ thống camera với camera ch&iacute;nh g&oacute;c rộng 12MP c&ugrave;ng với cảm biến chiều s&acirc;u TOF 3D LiDAR hỗ trợ quay phim với chất lượng 4K cho h&igrave;nh ảnh cực kỳ sắc n&eacute;t v&agrave; sinh động. B&ecirc;n cạnh đ&oacute;, iPad cũng được hỗ trợ những t&iacute;nh năng chụp ảnh th&ocirc;ng minh như x&oacute;a ph&ocirc;ng, lấy n&eacute;t tự động,&hellip;cho ảnh chụp kh&ocirc;ng thua k&eacute;m bất kỳ thiết bị n&agrave;o.</p>\n<p><img src=\"https://salt.tikicdn.com/ts/tmp/19/29/d7/9486bb7236347842010ab9ef2dde68d0.jpg\" alt=\"iPad Air 10.9 Wi-Fi 64GB New 2020 - H&agrave;ng Nhập Khẩu Ch&iacute;nh H&atilde;ng\" width=\"750\" height=\"472\" /></p>\n<p>Camera trước c&oacute; cảm biến 7MP v&agrave; hỗ trợ quay phim 1080p, hỗ trợ video call chất lượng cao mang đến những trải nghiệm tuyệt vời cho người d&ugrave;ng. Bạn c&oacute; thể sử dụng iPad để quay lại vlog hằng ng&agrave;y thay cho một chiếc m&aacute;y quay, m&aacute;y ảnh v&agrave; chia sẻ ngay với bạn b&egrave;, người th&acirc;n,&hellip;v&ocirc; c&ugrave;ng tiện lợi.</p>\n<h5>Dung lượng pin lớn cho 10 giờ lướt web</h5>\n<p>Apple cũng đ&atilde; n&acirc;ng cấp dung lượng pin cho iPad Air 10.9 Wi-Fi New 2020 với dung lượng lớn, cho 10 giờ lướt web bằng wifi, 9 giờ sử dụng mạng di động. Mặc d&ugrave; dung lượng trước đ&acirc;y của những thế hệ iPad trước cũng đ&atilde; đ&aacute;p ứng rất tốt về thời lượng sử dụng ch&iacute;nh v&igrave; thế sự n&acirc;ng cấp n&agrave;y chắc chắn sẽ gi&uacute;p người d&ugrave;ng c&agrave;ng y&ecirc;n t&acirc;m hơn khi sử dụng thiết bị suốt cả ng&agrave;y d&agrave;i m&agrave; kh&ocirc;ng lo hết pin.</p>\n<p><img src=\"https://salt.tikicdn.com/ts/tmp/b0/bb/93/cd86a920f10974d3c3af4ba306baae33.jpg\" alt=\"iPad Air 10.9 Wi-Fi 64GB New 2020 - H&agrave;ng Nhập Khẩu Ch&iacute;nh H&atilde;ng\" width=\"750\" height=\"803\" /></p>\n<p>B&ecirc;n cạnh đ&oacute; Apple cũng t&iacute;ch hợp c&ocirc;ng nghệ sạc nhanh 20W cho iPad Air 10.9 Wi-Fi New 2020 để gi&uacute;p người d&ugrave;ng c&oacute; thể nạp năng lượng cho iPad nhanh ch&oacute;ng. Bạn c&oacute; thể sử dụng thiết bị của bạn li&ecirc;n tục v&agrave; nhanh nạp lại pin cho thiết bị, giải quyết nỗi lo lắng về pin iPad.</p>\n<p><img src=\"https://salt.tikicdn.com/ts/tmp/08/10/58/1421d2f373a3d118a5eb0d218fb12de0.jpg\" alt=\"iPad Air 10.9 Wi-Fi 64GB New 2020 - H&agrave;ng Nhập Khẩu Ch&iacute;nh H&atilde;ng\" width=\"750\" height=\"375\" /></p>\n<p>&nbsp;</p>\n<p>Gi&aacute; sản phẩm tr&ecirc;n Tiki đ&atilde; bao gồm thuế theo luật hiện h&agrave;nh. Tuy nhi&ecirc;n tuỳ v&agrave;o từng loại sản phẩm hoặc phương thức, địa chỉ giao h&agrave;ng m&agrave; c&oacute; thể ph&aacute;t sinh th&ecirc;m chi ph&iacute; kh&aacute;c như ph&iacute; vận chuyển, phụ ph&iacute; h&agrave;ng cồng kềnh, ...</p>","CategoryID":"71b43f31-30ce-40f8-9d09-7cfb8276c7eb","Category":null,"Discount":18,"Quanlity":91,"Image":"[\"https://firebasestorage.googleapis.com/v0/b/duanimage-50853.appspot.com/o/images%2Ff82a7ce86c8b49bfe9797bfc0adf85cc.jpg?alt=media&token=7fdfa838-51cd-42da-bbd5-69706e535fc8\",\"https://firebasestorage.googleapis.com/v0/b/duanimage-50853.appspot.com/o/images%2F1cda272052fbd4743268694f7a8cb021.jpg?alt=media&token=6e66fb5e-fd7b-49e3-bc59-16f8ba340218\",\"https://firebasestorage.googleapis.com/v0/b/duanimage-50853.appspot.com/o/images%2F03513d8545b25aef3980d2b72f0266a0.jpg?alt=media&token=98773887-0816-4b17-a253-4e03582ebb0d\",\"https://firebasestorage.googleapis.com/v0/b/duanimage-50853.appspot.com/o/images%2Ffc78304d937382dd87e5e1385c665172.jpg?alt=media&token=2633c2f2-5768-40e6-b017-81f325901e24\",\"https://firebasestorage.googleapis.com/v0/b/duanimage-50853.appspot.com/o/images%2F80d146eb7aeec8604dfa143e4212bb53.jpg?alt=media&token=6954755d-f2ae-47a8-9ec2-fc352cf5b536\"]","Images":["https://firebasestorage.googleapis.com/v0/b/duanimage-50853.appspot.com/o/images%2Ff82a7ce86c8b49bfe9797bfc0adf85cc.jpg?alt=media&token=7fdfa838-51cd-42da-bbd5-69706e535fc8","https://firebasestorage.googleapis.com/v0/b/duanimage-50853.appspot.com/o/images%2F1cda272052fbd4743268694f7a8cb021.jpg?alt=media&token=6e66fb5e-fd7b-49e3-bc59-16f8ba340218","https://firebasestorage.googleapis.com/v0/b/duanimage-50853.appspot.com/o/images%2F03513d8545b25aef3980d2b72f0266a0.jpg?alt=media&token=98773887-0816-4b17-a253-4e03582ebb0d","https://firebasestorage.googleapis.com/v0/b/duanimage-50853.appspot.com/o/images%2Ffc78304d937382dd87e5e1385c665172.jpg?alt=media&token=2633c2f2-5768-40e6-b017-81f325901e24","https://firebasestorage.googleapis.com/v0/b/duanimage-50853.appspot.com/o/images%2F80d146eb7aeec8604dfa143e4212bb53.jpg?alt=media&token=6954755d-f2ae-47a8-9ec2-fc352cf5b536"],"AddedTime":"2021-06-09T22:34:15","LastModify":"2021-06-09T22:34:15","StoreID":"756beya9-79b2-4001-a942-08b209244e79","Store":null,"SoldQuanlity":0,"RatingsCount":1,"Ratings":null,"Star":5.0}},{"ID":"c6995f0a-8734-4ecd-93d8-6bb1d0a3b46d","BuyerID":"e8472aab-ca79-4287-b985-9e50426fd39a","ProductID":"0e543ad2-e503-40fc-8a57-21ade6027f78","AddedTime":"2021-06-10T21:53:51","Status":null,"Quantity":1,"Product":{"ID":"0e543ad2-e503-40fc-8a57-21ade6027f78","Name":"Đạt Anh K62","Price":500000,"Color":"red","Size":"1","Detail":"<table style=\"border-collapse: collapse; width: 100%; height: 84px;\" border=\"1\">\n<tbody>\n<tr style=\"height: 21px;\">\n<td style=\"width: 48.6202%; height: 21px;\">sadsad&aacute;dasd</td>\n<td style=\"width: 48.6202%; height: 21px;\">asd&aacute;dasd</td>\n</tr>\n<tr style=\"height: 21px;\">\n<td style=\"width: 48.6202%; height: 21px;\">&aacute;ddsada</td>\n<td style=\"width: 48.6202%; height: 21px;\">5121231323</td>\n</tr>\n<tr style=\"height: 21px;\">\n<td style=\"width: 48.6202%; height: 21px;\">&aacute;dsad</td>\n<td style=\"width: 48.6202%; height: 21px;\">adssad</td>\n</tr>\n<tr style=\"height: 21px;\">\n<td style=\"width: 48.6202%; height: 21px;\">&aacute;dasd</td>\n<td style=\"width: 48.6202%; height: 21px;\">&aacute;dasd</td>\n</tr>\n</tbody>\n</table>","Description":"<p>K&iacute;ch Thước Bộ Khung gồm: 2 ảnh 30x40cm, 3 ảnh 20x25cm, 2 ảnh 15x20cm (Tổng k&iacute;ch thước sau khi treo khoảng 70x190cm)<br />Khung Ảnh Treo Tường Chất Liệu: Viền Composite<br />Mặt khung: Được l&agrave;m từ mặt k&iacute;nh 2 Li S&aacute;ng Trong, tạo cảm gi&aacute;c ch&acirc;n thực cho bức ảnh.<br />Th&iacute;ch hợp ph&ograve;ng ngủ, ph&ograve;ng kh&aacute;ch, ph&ograve;ng ăn, Tiệm kinh doanh, trang tr&iacute; tường..<br />Tặng k&egrave;m đinh 03 ch&acirc;n chuy&ecirc;n dụng v&agrave; Sơ Đồ Treo, gi&uacute;p bạn dễ d&agrave;ng sử dụng v&agrave; lắp đặt</p>\n<h5>K&iacute;ch Thước Bộ Khung gồm: 2 ảnh 30x40cm, 3 ảnh 20x25cm, 2 ảnh 15x20cm (Tổng k&iacute;ch thước sau khi treo khoảng 70x190cm)</h5>\n<ul>\n<li>\n<h5><em><strong>TẶNG:</strong></em></h5>\n</li>\n<li>&nbsp; &nbsp; &nbsp;- Tặng Bộ ảnh như h&igrave;nh Mẫu<br />&nbsp; &nbsp; &nbsp;- Tặng sơ đồ định vị kh&ocirc;ng cần đo đạc (lắp đơn giản trong 15 ph&uacute;t)<br />&nbsp; &nbsp; &nbsp;- Tặng Đinh 3 ch&acirc;n chuy&ecirc;n dụng treo khung ( kh&ocirc;ng cần khoan tường, kh&ocirc;ng l&agrave;m hỏng tường)<br />&nbsp; &nbsp; &nbsp;- Tặng m&oacute;c treo v&agrave; tất cả c&aacute;c phụ kiện k&egrave;m theo khung.</li>\n<li><em><strong>Chất liệu:</strong></em>&nbsp;khung Composite viền khung mỏng tạo t&iacute;nh thẩm mĩ cao,</li>\n<li><strong>Mặt khung:</strong>&nbsp;Được l&agrave;m từ mặt k&iacute;nh 2 Li S&aacute;ng Trong, tạo cảm gi&aacute;c ch&acirc;n thực cho bức ảnh.</li>\n<li><em><strong>Đ&oacute;ng g&oacute;i:</strong></em>&nbsp;Th&ugrave;ng Carton, xốp bong b&oacute;ng, bao gồm sẵn m&oacute;c treo tranh chuy&ecirc;n dụng.</li>\n<li><em><strong>Xuất sứ:</strong></em>&nbsp;Việt Nam</li>\n<li>\n<h5><em><strong>&nbsp;Bộ sản phẩm ho&agrave;n chỉnh bao gồm c&oacute;:</strong></em></h5>\n</li>\n<li>- 1 bộ Khung K&egrave;m ảnh như h&igrave;nh mẫu,<br />- 1 bộ m&oacute;c treo gắn sẵn tr&ecirc;n từng khung,<br />- 1 Bộ đinh treo tranh,<br />- 1 Sơ đồ treo tranh kh&ocirc;ng cần đo đạc.</li>\n<li>\n<h5><em><strong>Hướng dẫn bảo quản v&agrave; vệ sinh Khung H&igrave;nh,&nbsp;</strong></em><strong>Trong qu&aacute; tr&igrave;nh sử dụng qu&yacute; kh&aacute;ch lưu &yacute;:</strong></h5>\n</li>\n<li>Tr&aacute;nh lực t&aacute;c động l&ecirc;n bề mặt khung, Hạn chế để nơi c&oacute; nhiệt độ cao v&agrave; tr&aacute;nh &aacute;nh s&aacute;ng mặt trời,</li>\n<li>Kh&ocirc;ng tự &yacute; th&aacute;o/lắp khung ảnh,</li>\n<li>Khi khung chưa sử dụng &uacute;p 2 mặt khung v&agrave;o nhau KH&Ocirc;NG để ngược mặt khung c&aacute;c ốc v&iacute;t phụ kiện sẽ l&agrave;m trầy mặt khung,</li>\n<li>Khi khung ảnh bị bụi c&oacute; thể d&ugrave;ng khăn kh&ocirc; mềm, chổi l&ocirc;ng g&agrave;, hoặc khăn giặt vắt ẩm để lau,</li>\n<li>Kh&ocirc;ng tự &yacute; d&ugrave;ng c&aacute;c dung dịch để tẩy rửa ch&ugrave;i khung ảnh, c&oacute; thể sử dụng nước lau k&iacute;nh chuy&ecirc;n dụng để lau bề mặt k&iacute;nh cho s&aacute;ng đẹp.</li>\n<li>\n<h5><em><strong>Hướng dẫn Qu&yacute; kh&aacute;ch Tự lắp đặt Khung H&igrave;nh tại nh&agrave;,&nbsp;</strong></em><strong><em>Quy tr&igrave;nh lắp đặt tranh cực kỳ đơn giản trong 5 bước:</em></strong></h5>\n</li>\n<li>Phụ kiện shop tặng k&egrave;m gồm:&nbsp;1 bộ đinh treo tranh; 1 sơ đồ định vị treo tranh; v&agrave; m&oacute;c treo đ&atilde; gắn sẵn tr&ecirc;n khung<br />(M&oacute;c khung m&agrave;u đen c&oacute; thể th&aacute;o m&oacute;c ra điều chỉnh th&agrave;nh khung ngang hoặc khung dọc đều được)</li>\n<li>\n<h5><em><strong>&nbsp;Thao t&aacute;c:</strong></em></h5>\n</li>\n<li><strong>Bước 1:</strong>&nbsp;D&aacute;n sơ đồ định vị l&ecirc;n tường, cố định 4 g&oacute;c (vui l&ograve;ng quan s&aacute;t kĩ chiều đ&uacute;ng của sơ đồ v&agrave; d&aacute;n thẳng ngay ngắn l&ecirc;n tường. Bộ tranh treo đ&uacute;ng đều hay kh&ocirc;ng phụ thuộc nhiều v&agrave;o sơ đồ)</li>\n<li><strong>Bước 2:</strong>&nbsp;D&ugrave;ng B&uacute;a Đ&oacute;ng đinh 3 ch&acirc;n v&agrave;o vị tr&iacute; shop đ&atilde; đ&aacute;nh dấu bằng c&aacute;c lỗ tr&ograve;n (d&ugrave;ng b&uacute;a đ&oacute;ng đều 3 c&acirc;y đinh cho đến khi đảm bảo 3 c&acirc;y đinh đ&atilde; v&agrave;o tường chắc chắn)</li>\n<li><strong>Bước 3:</strong>&nbsp;sau khi đ&atilde; đ&oacute;ng tất cả đinh l&ecirc;n c&aacute;c lỗ tr&ograve;n tr&ecirc;n sơ đồ định vị , X&eacute; tờ giấy sơ đồ đi v&agrave; đinh vẫn giữ nguy&ecirc;n</li>\n<li><strong>Bước 4:</strong>&nbsp;M&oacute;c hết khung ảnh l&ecirc;n đinh đ&atilde; đ&oacute;ng, ch&uacute; &yacute; m&oacute;c đinh v&agrave; m&oacute;c khung phải khớp với nhau.</li>\n<li><strong>Bước 5:</strong>&nbsp;Căn chỉnh lại v&agrave; chi&ecirc;m ngưỡng th&agrave;nh quả.</li>\n<li>\n<h5><em><strong><u>LƯU &Yacute; :</u></strong></em></h5>\n</li>\n<li>Đinh treo tranh chỉ sử dụng cho tranh &lt;3kg</li>\n<li>Đinh treo tranh chỉ treo với tường xi măng b&igrave;nh thường. Trường hợp tường b&ecirc; t&ocirc;ng, thạch cao, hoặc tường vữa khi đ&oacute;ng đinh sẽ kh&ocirc;ng v&agrave;o hoặc vữa tường v&igrave; vậy kh&aacute;ch h&agrave;ng vui l&ograve;ng khoan tường kh&ocirc;ng sử dụng đinh để treo tranh.</li>\n</ul>\n<p>Gi&aacute; sản phẩm tr&ecirc;n Tiki đ&atilde; bao gồm thuế theo luật hiện h&agrave;nh. Tuy nhi&ecirc;n tuỳ v&agrave;o từng loại sản phẩm hoặc phương thức, địa chỉ giao h&agrave;ng m&agrave; c&oacute; thể ph&aacute;t sinh th&ecirc;m chi ph&iacute; kh&aacute;c như ph&iacute; vận chuyển, phụ ph&iacute; h&agrave;ng cồng kềnh, ...</p>\n<div id=\"simple-translate\">\n<div>\n<div class=\"simple-translate-button \" style=\"background-image: url(''chrome-extension://ibplnjkanclpjokhdolnendpplpjiace/icons/512.png''); height: 22px; width: 22px; top: 10px; left: 10px;\">&nbsp;</div>\n<div class=\"simple-translate-panel isShow\" style=\"width: 300px; height: 100px; top: 10px; left: 10px; font-size: 13px; background-color: #ffffff;\">\n<div class=\"simple-translate-result-wrapper\" style=\"overflow: hidden;\">\n<div class=\"simple-translate-move\" draggable=\"true\">&nbsp;</div>\n<div class=\"simple-translate-result-contents\">\n<p class=\"simple-translate-result\" dir=\"auto\" style=\"color: #000000;\">ad</p>\n<p class=\"simple-translate-candidate\" dir=\"auto\" style=\"color: #737373;\">đ&ocirc;̣ng từ: give, provide, bestow, hand, inflict, administer</p>\n</div>\n</div>\n</div>\n</div>\n</div>","CategoryID":"e2a5751a-396b-4b43-90ae-90891d07c75d","Category":null,"Discount":0,"Quanlity":-5,"Image":"[\"https://firebasestorage.googleapis.com/v0/b/duanimage-50853.appspot.com/o/images%2FCV.jpg?alt=media&token=dde4dc64-3a41-4935-a648-aa11d93d1d72\",\"https://firebasestorage.googleapis.com/v0/b/duanimage-50853.appspot.com/o/images%2FScreenshot_20210126-114405.png?alt=media&token=2af65c0a-40e1-425a-8d19-077510af0833\",\"https://firebasestorage.googleapis.com/v0/b/duanimage-50853.appspot.com/o/images%2FScreenshot%20from%202021-01-14%2016-22-02.png?alt=media&token=c63e76c1-7981-4d00-8beb-dbf8144bbf43\",\"https://firebasestorage.googleapis.com/v0/b/duanimage-50853.appspot.com/o/images%2FScreenshot%20from%202021-01-20%2013-37-37.png?alt=media&token=c8b10cef-bcea-4de6-9b26-be14073bdca6\",\"https://firebasestorage.googleapis.com/v0/b/duanimage-50853.appspot.com/o/images%2FScreenshot%20from%202021-01-20%2018-01-17.png?alt=media&token=ecc44082-ffb3-4dba-b5da-588e0843d8e0\",\"https://firebasestorage.googleapis.com/v0/b/duanimage-50853.appspot.com/o/images%2FScreenshot%20from%202021-01-22%2017-27-29.png?alt=media&token=3a92b7d6-d32e-4725-986d-07e206e7411e\",\"https://firebasestorage.googleapis.com/v0/b/duanimage-50853.appspot.com/o/images%2FScreenshot%20from%202021-02-01%2013-52-15.png?alt=media&token=64c5fd96-6af1-4ed9-a2bb-7983015b8400\"]","Images":["https://firebasestorage.googleapis.com/v0/b/duanimage-50853.appspot.com/o/images%2FCV.jpg?alt=media&token=dde4dc64-3a41-4935-a648-aa11d93d1d72","https://firebasestorage.googleapis.com/v0/b/duanimage-50853.appspot.com/o/images%2FScreenshot_20210126-114405.png?alt=media&token=2af65c0a-40e1-425a-8d19-077510af0833","https://firebasestorage.googleapis.com/v0/b/duanimage-50853.appspot.com/o/images%2FScreenshot%20from%202021-01-14%2016-22-02.png?alt=media&token=c63e76c1-7981-4d00-8beb-dbf8144bbf43","https://firebasestorage.googleapis.com/v0/b/duanimage-50853.appspot.com/o/images%2FScreenshot%20from%202021-01-20%2013-37-37.png?alt=media&token=c8b10cef-bcea-4de6-9b26-be14073bdca6","https://firebasestorage.googleapis.com/v0/b/duanimage-50853.appspot.com/o/images%2FScreenshot%20from%202021-01-20%2018-01-17.png?alt=media&token=ecc44082-ffb3-4dba-b5da-588e0843d8e0","https://firebasestorage.googleapis.com/v0/b/duanimage-50853.appspot.com/o/images%2FScreenshot%20from%202021-01-22%2017-27-29.png?alt=media&token=3a92b7d6-d32e-4725-986d-07e206e7411e","https://firebasestorage.googleapis.com/v0/b/duanimage-50853.appspot.com/o/images%2FScreenshot%20from%202021-02-01%2013-52-15.png?alt=media&token=64c5fd96-6af1-4ed9-a2bb-7983015b8400"],"AddedTime":"2021-05-16T23:33:05","LastModify":"2021-06-07T10:33:20","StoreID":"336be9a9-b9b2-4511-a942-08b20d244e79","Store":null,"SoldQuanlity":0,"RatingsCount":1,"Ratings":null,"Star":5.0}}]',15251800,'2021-06-11 00:32:57.000',NULL,2,N'040e521a-2d69-4271-81f3-074e42f4fc54',N'88888888-8888-8888-8888-888888888888',NULL),
	 (N'4d1bf2eb-d288-4514-b059-a48a5cff4c0f',N'87660958-cf24-4b94-9eca-2cec66a711d3',N'[{"ID":"2e142c73-4937-4623-8998-114d115fb1d0","BuyerID":"87660958-cf24-4b94-9eca-2cec66a711d3","ProductID":"087621c0-e1ed-4ded-a2b6-610dadbef060","AddedTime":"2021-06-10T19:37:57","Status":null,"Quantity":1,"Product":{"ID":"087621c0-e1ed-4ded-a2b6-610dadbef060","Name":"Điện thoại Xiaomi Redmi 8 (4GB/64GB) - Hàng Chính Hãng","Price":2990000,"Color":"Đen","Size":"ss","Detail":"<p>co cai lll</p>","Description":"<p>asdasda</p>","CategoryID":"4d309a66-5958-455f-94c2-3223cc12c615","Category":null,"Discount":5,"Quanlity":26,"Image":"[\"https://salt.tikicdn.com/cache/w1200/ts/product/14/71/dc/4eaa1c5b79e21195b85614288eff4ab5.png\",\"https://vcdn.tikicdn.com/ts/review/ee/aa/23/355b972924f50c87a29c8c8cb715990d.jpg\",\"https://firebasestorage.googleapis.com/v0/b/duanimage-50853.appspot.com/o/images%2Fimage%202.png?alt=media&token=26c1280f-16a7-4b2f-8da6-fb3db4fb34ff\",\"https://firebasestorage.googleapis.com/v0/b/duanimage-50853.appspot.com/o/images%2Fimage%201%20(2).png?alt=media&token=d4cf0a15-565c-422e-8ad6-4ef46e9412d0\",\"https://firebasestorage.googleapis.com/v0/b/duanimage-50853.appspot.com/o/images%2Fth%C6%B0%C6%A1ng-m%E1%BA%A1i-%C4%91i%E1%BB%87n-t%E1%BB%AD.jpg?alt=media&token=ad52525a-f7ff-440c-b381-3172d116f728\"]","Images":["https://salt.tikicdn.com/cache/w1200/ts/product/14/71/dc/4eaa1c5b79e21195b85614288eff4ab5.png","https://vcdn.tikicdn.com/ts/review/ee/aa/23/355b972924f50c87a29c8c8cb715990d.jpg","https://firebasestorage.googleapis.com/v0/b/duanimage-50853.appspot.com/o/images%2Fimage%202.png?alt=media&token=26c1280f-16a7-4b2f-8da6-fb3db4fb34ff","https://firebasestorage.googleapis.com/v0/b/duanimage-50853.appspot.com/o/images%2Fimage%201%20(2).png?alt=media&token=d4cf0a15-565c-422e-8ad6-4ef46e9412d0","https://firebasestorage.googleapis.com/v0/b/duanimage-50853.appspot.com/o/images%2Fth%C6%B0%C6%A1ng-m%E1%BA%A1i-%C4%91i%E1%BB%87n-t%E1%BB%AD.jpg?alt=media&token=ad52525a-f7ff-440c-b381-3172d116f728"],"AddedTime":"2021-04-06T00:00:00","LastModify":"2021-06-08T10:01:34","StoreID":"336be9a9-b9b2-4511-a942-08b20d244e79","Store":null,"SoldQuanlity":10,"RatingsCount":8,"Ratings":null,"Star":4.76}},{"ID":"e0d172fc-2f47-4311-91b3-ced077c5a0a4","BuyerID":"87660958-cf24-4b94-9eca-2cec66a711d3","ProductID":"f5d20757-c541-4422-bb97-c8bdc7389fbf","AddedTime":"2021-06-10T19:39:21","Status":null,"Quantity":1,"Product":{"ID":"f5d20757-c541-4422-bb97-c8bdc7389fbf","Name":"iPad Air 10.9 Wi-Fi 64GB New 2020 - Hàng Chính Hãng","Price":17990000,"Color":"Đen","Size":"247.6 x 178.5 x 6.1 mm","Detail":"<table>\n<tbody>\n<tr>\n<td>Bluetooth</td>\n<td>A2DP, EDR, 5.0</td>\n</tr>\n<tr>\n<td>Thương hiệu</td>\n<td>Apple</td>\n</tr>\n<tr>\n<td>Xuất xứ thương hiệu</td>\n<td>Mỹ</td>\n</tr>\n<tr>\n<td>Camera sau</td>\n<td>12 MP</td>\n</tr>\n<tr>\n<td>Camera trước</td>\n<td>7MP</td>\n</tr>\n<tr>\n<td>Chip đồ họa (GPU)</td>\n<td>Apple GPU 6 nh&acirc;n</td>\n</tr>\n<tr>\n<td>Chức năng kh&aacute;c</td>\n<td>Mở kh&oacute;a bằng v&acirc;n tay</td>\n</tr>\n<tr>\n<td>K&iacute;ch thước</td>\n<td>247.6 x 178.5 x 6.1 mm</td>\n</tr>\n<tr>\n<td>Phụ kiện đi k&egrave;m</td>\n<td>C&aacute;p, sạc, s&aacute;ch hướng dẫn</td>\n</tr>\n<tr>\n<td>Model</td>\n<td>ipad Air 2020</td>\n</tr>\n<tr>\n<td>Jack tai nghe</td>\n<td>USB Type-C</td>\n</tr>\n<tr>\n<td>Nghe nhạc</td>\n<td>C&oacute;</td>\n</tr>\n<tr>\n<td>Xuất xứ</td>\n<td>Trung Quốc</td>\n</tr>\n<tr>\n<td>Cổng sạc</td>\n<td>USB Type-C</td>\n</tr>\n<tr>\n<td>Trọng lượng</td>\n<td>458g</td>\n</tr>\n<tr>\n<td>Quay phim</td>\n<td>4K@24/30/60fps, 1080p@30/60/120/240fps; gyro-EIS</td>\n</tr>\n<tr>\n<td>Độ ph&acirc;n giải</td>\n<td>2360 x 1640 Pixels</td>\n</tr>\n<tr>\n<td>ROM</td>\n<td>64 GB</td>\n</tr>\n<tr>\n<td>K&iacute;ch thước m&agrave;n h&igrave;nh</td>\n<td>10.9 inch</td>\n</tr>\n<tr>\n<td>T&iacute;nh năng camera</td>\n<td>Chụp h&igrave;nh g&oacute;c rộng, Chống rung EIS, Tự đ&ocirc;̣ng l&acirc;́y nét, HDR</td>\n</tr>\n<tr>\n<td>Video call</td>\n<td>Hỗ trợ VideoCall th&ocirc;ng qua ứng dụng</td>\n</tr>\n<tr>\n<td>Wifi</td>\n<td>Wi-Fi 802.11 a/b/g/n/ac/ax</td>\n</tr>\n<tr>\n<td>Xem phim</td>\n<td>C&oacute;</td>\n</tr>\n<tr>\n<td>SKU</td>\n<td>4574548326206</td>\n</tr>\n</tbody>\n</table>","Description":"<p>M&atilde; Part: ZA/A<br />C&ocirc;ng nghệ m&agrave;n h&igrave;nh: Liquid Retina<br />Độ ph&acirc;n giải: 2360 x 1640 Pixels<br />Kích thước màn hình: 10.9\"<br />Hệ điều h&agrave;nh: iPadOS 14<br />Loại CPU (Chipset): Apple A14 Bionic 6 nh&acirc;n<br />Camera sau: 12 MP<br />Camera trước: 7 MP<br />Pin: 28.6W lithium‑polymer, sạc nhanh 20W</p>\n<h5>iPad Air 10.9 Wi-Fi New 2020 &ndash; Chip A14 mạnh mẽ cho trải nghiệm ho&agrave;n hảo</h5>\n<p>Apple lu&ocirc;n khiến cho cộng đồng c&ocirc;ng nghệ đứng ngồi kh&ocirc;ng y&ecirc;n mỗi khi cho ra mắt những sản phẩm Tablet mới. Với mẫu&nbsp;<strong>iPad Air 10.9 Wi-Fi New 2020</strong>&nbsp;được dự kiến cho ra mắt năm 2020 sẽ mang những thay đổi về mặt thiết kế cũng như những t&iacute;nh năng mới được t&iacute;ch hợp để tối ưu h&oacute;a về hiệu năng, mang đến cho người d&ugrave;ng những trải nghiệm tốt hơn.</p>\n<p><img src=\"https://salt.tikicdn.com/ts/tmp/59/9b/38/58b41429f3d1ea6df9d69d2ca2f2026b.jpg\" alt=\"iPad Air 10.9 Wi-Fi 64GB New 2020 - H&agrave;ng Nhập Khẩu Ch&iacute;nh H&atilde;ng\" width=\"750\" height=\"642\" /></p>\n<h5>Thiết kế tinh tế, m&agrave;u sắc thời thượng với độ mỏng 6.1mm</h5>\n<p><strong>iPad Air 10.9 Wi-Fi New 2020</strong>&nbsp;sẽ c&oacute; thiết kế ho&agrave;n to&agrave;n mới với kiểu d&aacute;ng tương tự với iPad Pro 2020 nhưng với k&iacute;ch thước nhỏ gọn hơn 247.6 x 178.5 mm v&agrave; độ mỏng chỉ 6.1 mm c&ugrave;ng trọng lượng chưa đến 500g gi&uacute;p bạn dễ d&agrave;ng mang theo iPad để sử dụng ở bất cứ đ&acirc;u.</p>\n<p><img src=\"https://salt.tikicdn.com/ts/tmp/d6/ea/b4/424a9086e123882dd5ae75519942c6a1.jpg\" alt=\"iPad Air 10.9 Wi-Fi 64GB New 2020 - H&agrave;ng Nhập Khẩu Ch&iacute;nh H&atilde;ng\" width=\"750\" height=\"587\" /></p>\n<p>Thiết kế nguy&ecirc;n khối mang đến tổng thể sang trọng cho iPad Air 10.9 Wi-Fi New 2020 c&ugrave;ng với gam m&agrave;u mới thời thượng, n&uacute;t home được loại bỏ để tạo n&ecirc;n kh&ocirc;ng gian hiển thị rộng hơn.&nbsp;</p>\n<p><img src=\"https://salt.tikicdn.com/ts/tmp/2d/ef/c5/84001156b3d3bfc8d9c3b968113656fb.jpg\" alt=\"iPad Air 10.9 Wi-Fi 64GB New 2020 - H&agrave;ng Nhập Khẩu Ch&iacute;nh H&atilde;ng\" width=\"750\" height=\"623\" /></p>\n<p>Thiết kế của iPad Air 10.9 Wi-Fi New 2020 sẽ vu&ocirc;ng vắn hơn so với những d&ograve;ng iPad trước đ&acirc;y, c&aacute;c g&oacute;c cạnh được bo tr&ograve;n nhẹ nh&agrave;ng để tạo cảm gi&aacute;c mềm mại hơn cho tổng thể.</p>\n<p><img src=\"https://salt.tikicdn.com/ts/tmp/87/74/59/f4fe189c7e1de8454b1dfe6f6e3b4a23.jpg\" alt=\"iPad Air 10.9 Wi-Fi 64GB New 2020 - H&agrave;ng Nhập Khẩu Ch&iacute;nh H&atilde;ng\" width=\"750\" height=\"610\" /></p>\n<h5>M&agrave;n h&igrave;nh c&oacute; tần số qu&eacute;t 60Hz, tấm nền IPS LCD v&agrave; k&iacute;ch thước 10.9 inch</h5>\n<p>Để mang đến kh&ocirc;ng gian hiển thị tuyệt vời cho người d&ugrave;ng, Apple đ&atilde; trang bị m&agrave;n h&igrave;nh c&oacute; tần số qu&eacute;t đến 60Hz cho iPad Air 10.9 Wi-Fi New 2020, gi&uacute;p h&igrave;nh ảnh hiển thị mượt m&agrave;, c&aacute;c chuyển động h&igrave;nh ảnh trơn tru cũng như hạn chế t&igrave;nh trạng giật lag. Nhờ vậy bạn c&oacute; thể tận hưởng những thước phim ấn tượng, chơi game (đặc biệt l&agrave; những game c&oacute; g&oacute;c nh&igrave;n thứ nhất) một c&aacute;ch tuyệt vời nhất. Độ ph&acirc;n giải 2360 x 1640 pixels cho h&igrave;nh ảnh sắc n&eacute;t v&agrave; ch&acirc;n thực.</p>\n<p><img src=\"https://salt.tikicdn.com/ts/tmp/20/de/70/77f0240c254ff1b4ae74664abc0b0b2e.jpg\" alt=\"iPad Air 10.9 Wi-Fi 64GB New 2020 - H&agrave;ng Nhập Khẩu Ch&iacute;nh H&atilde;ng\" width=\"750\" height=\"530\" /></p>\n<p>Sử dụng tấm nền IPS LCD cho iPad Air 10.9 Wi-Fi New 2020 c&ugrave;ng với c&ocirc;ng nghệ True-Tone cho khả năng t&aacute;i tạo m&agrave;u sắc ch&iacute;nh x&aacute;c, gần với thực tế hỗ trợ cho c&ocirc;ng việc chỉnh sửa ảnh, video,&hellip;hiệu quả hơn. B&ecirc;n cạnh đ&oacute; m&agrave;n h&igrave;nh n&agrave;y c&ograve;n sở hữu độ s&aacute;ng 500 nits để h&igrave;nh ảnh lu&ocirc;n hiển thị tốt trong những điều kiện &aacute;nh s&aacute;ng kh&aacute;c nhau, gi&uacute;p bạn sử dụng iPad tốt ngay cả khi ở ngo&agrave;i trời.</p>\n<h5>Chip A14 cho sức mạnh ấn tượng v&agrave; bộ nhớ 128GB lưu trữ rộng r&atilde;i</h5>\n<p>Sức mạnh của m&aacute;y đến từ con chip A14 Bionic để mang đến tốc độ xử l&yacute; vượt trội hơn, nhanh ch&oacute;ng cho sức mạnh kh&ocirc;ng thua g&igrave; một chiếc PC. B&ecirc;n cạnh đ&oacute; c&ograve;n c&oacute; th&ocirc;ng tin iPad Air 10.9 Wi-Fi New 2020&nbsp;sẽ c&oacute; b&agrave;n ph&iacute;m Magic Keyboard ri&ecirc;ng để c&oacute; thể gi&uacute;p bạn biến chiếc m&aacute;y t&iacute;nh bảng của m&igrave;nh th&agrave;nh một chiếc laptop một c&aacute;ch nhanh ch&oacute;ng v&agrave; đơn giản.</p>\n<p><img src=\"https://salt.tikicdn.com/ts/tmp/3b/43/64/9f90695df79a92d59f8709c9bf35cfce.jpg\" alt=\"iPad Air 10.9 Wi-Fi 64GB New 2020 - H&agrave;ng Nhập Khẩu Ch&iacute;nh H&atilde;ng\" width=\"750\" height=\"443\" /></p>\n<p>Apple iPad Air 10.9 Wi-Fi New 2020 c&oacute; bộ nhớ 64GB tương đối rộng r&atilde;i để bạn c&oacute; thể lưu trữ được nhiều dữ liệu hơn, thoải m&aacute;i c&agrave;i đặt c&aacute;c ứng dụng, tr&ograve; chơi phục vụ cho nhu cầu sử dụng của bạn.</p>\n<h5>Hệ thống camera với cảm biến LiDAR hỗ trợ quay phim chất lượng 4K si&ecirc;u n&eacute;t</h5>\n<p>Một trong những sự cải tiến mới của iPad Air 10.9 Wi-Fi New 2020 ch&iacute;nh l&agrave; hệ thống camera với camera ch&iacute;nh g&oacute;c rộng 12MP c&ugrave;ng với cảm biến chiều s&acirc;u TOF 3D LiDAR hỗ trợ quay phim với chất lượng 4K cho h&igrave;nh ảnh cực kỳ sắc n&eacute;t v&agrave; sinh động. B&ecirc;n cạnh đ&oacute;, iPad cũng được hỗ trợ những t&iacute;nh năng chụp ảnh th&ocirc;ng minh như x&oacute;a ph&ocirc;ng, lấy n&eacute;t tự động,&hellip;cho ảnh chụp kh&ocirc;ng thua k&eacute;m bất kỳ thiết bị n&agrave;o.</p>\n<p><img src=\"https://salt.tikicdn.com/ts/tmp/19/29/d7/9486bb7236347842010ab9ef2dde68d0.jpg\" alt=\"iPad Air 10.9 Wi-Fi 64GB New 2020 - H&agrave;ng Nhập Khẩu Ch&iacute;nh H&atilde;ng\" width=\"750\" height=\"472\" /></p>\n<p>Camera trước c&oacute; cảm biến 7MP v&agrave; hỗ trợ quay phim 1080p, hỗ trợ video call chất lượng cao mang đến những trải nghiệm tuyệt vời cho người d&ugrave;ng. Bạn c&oacute; thể sử dụng iPad để quay lại vlog hằng ng&agrave;y thay cho một chiếc m&aacute;y quay, m&aacute;y ảnh v&agrave; chia sẻ ngay với bạn b&egrave;, người th&acirc;n,&hellip;v&ocirc; c&ugrave;ng tiện lợi.</p>\n<h5>Dung lượng pin lớn cho 10 giờ lướt web</h5>\n<p>Apple cũng đ&atilde; n&acirc;ng cấp dung lượng pin cho iPad Air 10.9 Wi-Fi New 2020 với dung lượng lớn, cho 10 giờ lướt web bằng wifi, 9 giờ sử dụng mạng di động. Mặc d&ugrave; dung lượng trước đ&acirc;y của những thế hệ iPad trước cũng đ&atilde; đ&aacute;p ứng rất tốt về thời lượng sử dụng ch&iacute;nh v&igrave; thế sự n&acirc;ng cấp n&agrave;y chắc chắn sẽ gi&uacute;p người d&ugrave;ng c&agrave;ng y&ecirc;n t&acirc;m hơn khi sử dụng thiết bị suốt cả ng&agrave;y d&agrave;i m&agrave; kh&ocirc;ng lo hết pin.</p>\n<p><img src=\"https://salt.tikicdn.com/ts/tmp/b0/bb/93/cd86a920f10974d3c3af4ba306baae33.jpg\" alt=\"iPad Air 10.9 Wi-Fi 64GB New 2020 - H&agrave;ng Nhập Khẩu Ch&iacute;nh H&atilde;ng\" width=\"750\" height=\"803\" /></p>\n<p>B&ecirc;n cạnh đ&oacute; Apple cũng t&iacute;ch hợp c&ocirc;ng nghệ sạc nhanh 20W cho iPad Air 10.9 Wi-Fi New 2020 để gi&uacute;p người d&ugrave;ng c&oacute; thể nạp năng lượng cho iPad nhanh ch&oacute;ng. Bạn c&oacute; thể sử dụng thiết bị của bạn li&ecirc;n tục v&agrave; nhanh nạp lại pin cho thiết bị, giải quyết nỗi lo lắng về pin iPad.</p>\n<p><img src=\"https://salt.tikicdn.com/ts/tmp/08/10/58/1421d2f373a3d118a5eb0d218fb12de0.jpg\" alt=\"iPad Air 10.9 Wi-Fi 64GB New 2020 - H&agrave;ng Nhập Khẩu Ch&iacute;nh H&atilde;ng\" width=\"750\" height=\"375\" /></p>\n<p>&nbsp;</p>\n<p>Gi&aacute; sản phẩm tr&ecirc;n Tiki đ&atilde; bao gồm thuế theo luật hiện h&agrave;nh. Tuy nhi&ecirc;n tuỳ v&agrave;o từng loại sản phẩm hoặc phương thức, địa chỉ giao h&agrave;ng m&agrave; c&oacute; thể ph&aacute;t sinh th&ecirc;m chi ph&iacute; kh&aacute;c như ph&iacute; vận chuyển, phụ ph&iacute; h&agrave;ng cồng kềnh, ...</p>","CategoryID":"71b43f31-30ce-40f8-9d09-7cfb8276c7eb","Category":null,"Discount":18,"Quanlity":92,"Image":"[\"https://firebasestorage.googleapis.com/v0/b/duanimage-50853.appspot.com/o/images%2Ff82a7ce86c8b49bfe9797bfc0adf85cc.jpg?alt=media&token=7fdfa838-51cd-42da-bbd5-69706e535fc8\",\"https://firebasestorage.googleapis.com/v0/b/duanimage-50853.appspot.com/o/images%2F1cda272052fbd4743268694f7a8cb021.jpg?alt=media&token=6e66fb5e-fd7b-49e3-bc59-16f8ba340218\",\"https://firebasestorage.googleapis.com/v0/b/duanimage-50853.appspot.com/o/images%2F03513d8545b25aef3980d2b72f0266a0.jpg?alt=media&token=98773887-0816-4b17-a253-4e03582ebb0d\",\"https://firebasestorage.googleapis.com/v0/b/duanimage-50853.appspot.com/o/images%2Ffc78304d937382dd87e5e1385c665172.jpg?alt=media&token=2633c2f2-5768-40e6-b017-81f325901e24\",\"https://firebasestorage.googleapis.com/v0/b/duanimage-50853.appspot.com/o/images%2F80d146eb7aeec8604dfa143e4212bb53.jpg?alt=media&token=6954755d-f2ae-47a8-9ec2-fc352cf5b536\"]","Images":["https://firebasestorage.googleapis.com/v0/b/duanimage-50853.appspot.com/o/images%2Ff82a7ce86c8b49bfe9797bfc0adf85cc.jpg?alt=media&token=7fdfa838-51cd-42da-bbd5-69706e535fc8","https://firebasestorage.googleapis.com/v0/b/duanimage-50853.appspot.com/o/images%2F1cda272052fbd4743268694f7a8cb021.jpg?alt=media&token=6e66fb5e-fd7b-49e3-bc59-16f8ba340218","https://firebasestorage.googleapis.com/v0/b/duanimage-50853.appspot.com/o/images%2F03513d8545b25aef3980d2b72f0266a0.jpg?alt=media&token=98773887-0816-4b17-a253-4e03582ebb0d","https://firebasestorage.googleapis.com/v0/b/duanimage-50853.appspot.com/o/images%2Ffc78304d937382dd87e5e1385c665172.jpg?alt=media&token=2633c2f2-5768-40e6-b017-81f325901e24","https://firebasestorage.googleapis.com/v0/b/duanimage-50853.appspot.com/o/images%2F80d146eb7aeec8604dfa143e4212bb53.jpg?alt=media&token=6954755d-f2ae-47a8-9ec2-fc352cf5b536"],"AddedTime":"2021-06-09T22:34:15","LastModify":"2021-06-09T22:34:15","StoreID":"756beya9-79b2-4001-a942-08b209244e79","Store":null,"SoldQuanlity":0,"RatingsCount":1,"Ratings":null,"Star":5.0}},{"ID":"f449b90d-fd24-4d23-b3b1-f68cca330ebc","BuyerID":"87660958-cf24-4b94-9eca-2cec66a711d3","ProductID":"0e543ad2-e503-40fc-8a57-21ade6027f78","AddedTime":"2021-06-10T19:38:09","Status":null,"Quantity":1,"Product":{"ID":"0e543ad2-e503-40fc-8a57-21ade6027f78","Name":"Đạt Anh K62","Price":500000,"Color":"red","Size":"1","Detail":"<table style=\"border-collapse: collapse; width: 100%; height: 84px;\" border=\"1\">\n<tbody>\n<tr style=\"height: 21px;\">\n<td style=\"width: 48.6202%; height: 21px;\">sadsad&aacute;dasd</td>\n<td style=\"width: 48.6202%; height: 21px;\">asd&aacute;dasd</td>\n</tr>\n<tr style=\"height: 21px;\">\n<td style=\"width: 48.6202%; height: 21px;\">&aacute;ddsada</td>\n<td style=\"width: 48.6202%; height: 21px;\">5121231323</td>\n</tr>\n<tr style=\"height: 21px;\">\n<td style=\"width: 48.6202%; height: 21px;\">&aacute;dsad</td>\n<td style=\"width: 48.6202%; height: 21px;\">adssad</td>\n</tr>\n<tr style=\"height: 21px;\">\n<td style=\"width: 48.6202%; height: 21px;\">&aacute;dasd</td>\n<td style=\"width: 48.6202%; height: 21px;\">&aacute;dasd</td>\n</tr>\n</tbody>\n</table>","Description":"<p>K&iacute;ch Thước Bộ Khung gồm: 2 ảnh 30x40cm, 3 ảnh 20x25cm, 2 ảnh 15x20cm (Tổng k&iacute;ch thước sau khi treo khoảng 70x190cm)<br />Khung Ảnh Treo Tường Chất Liệu: Viền Composite<br />Mặt khung: Được l&agrave;m từ mặt k&iacute;nh 2 Li S&aacute;ng Trong, tạo cảm gi&aacute;c ch&acirc;n thực cho bức ảnh.<br />Th&iacute;ch hợp ph&ograve;ng ngủ, ph&ograve;ng kh&aacute;ch, ph&ograve;ng ăn, Tiệm kinh doanh, trang tr&iacute; tường..<br />Tặng k&egrave;m đinh 03 ch&acirc;n chuy&ecirc;n dụng v&agrave; Sơ Đồ Treo, gi&uacute;p bạn dễ d&agrave;ng sử dụng v&agrave; lắp đặt</p>\n<h5>K&iacute;ch Thước Bộ Khung gồm: 2 ảnh 30x40cm, 3 ảnh 20x25cm, 2 ảnh 15x20cm (Tổng k&iacute;ch thước sau khi treo khoảng 70x190cm)</h5>\n<ul>\n<li>\n<h5><em><strong>TẶNG:</strong></em></h5>\n</li>\n<li>&nbsp; &nbsp; &nbsp;- Tặng Bộ ảnh như h&igrave;nh Mẫu<br />&nbsp; &nbsp; &nbsp;- Tặng sơ đồ định vị kh&ocirc;ng cần đo đạc (lắp đơn giản trong 15 ph&uacute;t)<br />&nbsp; &nbsp; &nbsp;- Tặng Đinh 3 ch&acirc;n chuy&ecirc;n dụng treo khung ( kh&ocirc;ng cần khoan tường, kh&ocirc;ng l&agrave;m hỏng tường)<br />&nbsp; &nbsp; &nbsp;- Tặng m&oacute;c treo v&agrave; tất cả c&aacute;c phụ kiện k&egrave;m theo khung.</li>\n<li><em><strong>Chất liệu:</strong></em>&nbsp;khung Composite viền khung mỏng tạo t&iacute;nh thẩm mĩ cao,</li>\n<li><strong>Mặt khung:</strong>&nbsp;Được l&agrave;m từ mặt k&iacute;nh 2 Li S&aacute;ng Trong, tạo cảm gi&aacute;c ch&acirc;n thực cho bức ảnh.</li>\n<li><em><strong>Đ&oacute;ng g&oacute;i:</strong></em>&nbsp;Th&ugrave;ng Carton, xốp bong b&oacute;ng, bao gồm sẵn m&oacute;c treo tranh chuy&ecirc;n dụng.</li>\n<li><em><strong>Xuất sứ:</strong></em>&nbsp;Việt Nam</li>\n<li>\n<h5><em><strong>&nbsp;Bộ sản phẩm ho&agrave;n chỉnh bao gồm c&oacute;:</strong></em></h5>\n</li>\n<li>- 1 bộ Khung K&egrave;m ảnh như h&igrave;nh mẫu,<br />- 1 bộ m&oacute;c treo gắn sẵn tr&ecirc;n từng khung,<br />- 1 Bộ đinh treo tranh,<br />- 1 Sơ đồ treo tranh kh&ocirc;ng cần đo đạc.</li>\n<li>\n<h5><em><strong>Hướng dẫn bảo quản v&agrave; vệ sinh Khung H&igrave;nh,&nbsp;</strong></em><strong>Trong qu&aacute; tr&igrave;nh sử dụng qu&yacute; kh&aacute;ch lưu &yacute;:</strong></h5>\n</li>\n<li>Tr&aacute;nh lực t&aacute;c động l&ecirc;n bề mặt khung, Hạn chế để nơi c&oacute; nhiệt độ cao v&agrave; tr&aacute;nh &aacute;nh s&aacute;ng mặt trời,</li>\n<li>Kh&ocirc;ng tự &yacute; th&aacute;o/lắp khung ảnh,</li>\n<li>Khi khung chưa sử dụng &uacute;p 2 mặt khung v&agrave;o nhau KH&Ocirc;NG để ngược mặt khung c&aacute;c ốc v&iacute;t phụ kiện sẽ l&agrave;m trầy mặt khung,</li>\n<li>Khi khung ảnh bị bụi c&oacute; thể d&ugrave;ng khăn kh&ocirc; mềm, chổi l&ocirc;ng g&agrave;, hoặc khăn giặt vắt ẩm để lau,</li>\n<li>Kh&ocirc;ng tự &yacute; d&ugrave;ng c&aacute;c dung dịch để tẩy rửa ch&ugrave;i khung ảnh, c&oacute; thể sử dụng nước lau k&iacute;nh chuy&ecirc;n dụng để lau bề mặt k&iacute;nh cho s&aacute;ng đẹp.</li>\n<li>\n<h5><em><strong>Hướng dẫn Qu&yacute; kh&aacute;ch Tự lắp đặt Khung H&igrave;nh tại nh&agrave;,&nbsp;</strong></em><strong><em>Quy tr&igrave;nh lắp đặt tranh cực kỳ đơn giản trong 5 bước:</em></strong></h5>\n</li>\n<li>Phụ kiện shop tặng k&egrave;m gồm:&nbsp;1 bộ đinh treo tranh; 1 sơ đồ định vị treo tranh; v&agrave; m&oacute;c treo đ&atilde; gắn sẵn tr&ecirc;n khung<br />(M&oacute;c khung m&agrave;u đen c&oacute; thể th&aacute;o m&oacute;c ra điều chỉnh th&agrave;nh khung ngang hoặc khung dọc đều được)</li>\n<li>\n<h5><em><strong>&nbsp;Thao t&aacute;c:</strong></em></h5>\n</li>\n<li><strong>Bước 1:</strong>&nbsp;D&aacute;n sơ đồ định vị l&ecirc;n tường, cố định 4 g&oacute;c (vui l&ograve;ng quan s&aacute;t kĩ chiều đ&uacute;ng của sơ đồ v&agrave; d&aacute;n thẳng ngay ngắn l&ecirc;n tường. Bộ tranh treo đ&uacute;ng đều hay kh&ocirc;ng phụ thuộc nhiều v&agrave;o sơ đồ)</li>\n<li><strong>Bước 2:</strong>&nbsp;D&ugrave;ng B&uacute;a Đ&oacute;ng đinh 3 ch&acirc;n v&agrave;o vị tr&iacute; shop đ&atilde; đ&aacute;nh dấu bằng c&aacute;c lỗ tr&ograve;n (d&ugrave;ng b&uacute;a đ&oacute;ng đều 3 c&acirc;y đinh cho đến khi đảm bảo 3 c&acirc;y đinh đ&atilde; v&agrave;o tường chắc chắn)</li>\n<li><strong>Bước 3:</strong>&nbsp;sau khi đ&atilde; đ&oacute;ng tất cả đinh l&ecirc;n c&aacute;c lỗ tr&ograve;n tr&ecirc;n sơ đồ định vị , X&eacute; tờ giấy sơ đồ đi v&agrave; đinh vẫn giữ nguy&ecirc;n</li>\n<li><strong>Bước 4:</strong>&nbsp;M&oacute;c hết khung ảnh l&ecirc;n đinh đ&atilde; đ&oacute;ng, ch&uacute; &yacute; m&oacute;c đinh v&agrave; m&oacute;c khung phải khớp với nhau.</li>\n<li><strong>Bước 5:</strong>&nbsp;Căn chỉnh lại v&agrave; chi&ecirc;m ngưỡng th&agrave;nh quả.</li>\n<li>\n<h5><em><strong><u>LƯU &Yacute; :</u></strong></em></h5>\n</li>\n<li>Đinh treo tranh chỉ sử dụng cho tranh &lt;3kg</li>\n<li>Đinh treo tranh chỉ treo với tường xi măng b&igrave;nh thường. Trường hợp tường b&ecirc; t&ocirc;ng, thạch cao, hoặc tường vữa khi đ&oacute;ng đinh sẽ kh&ocirc;ng v&agrave;o hoặc vữa tường v&igrave; vậy kh&aacute;ch h&agrave;ng vui l&ograve;ng khoan tường kh&ocirc;ng sử dụng đinh để treo tranh.</li>\n</ul>\n<p>Gi&aacute; sản phẩm tr&ecirc;n Tiki đ&atilde; bao gồm thuế theo luật hiện h&agrave;nh. Tuy nhi&ecirc;n tuỳ v&agrave;o từng loại sản phẩm hoặc phương thức, địa chỉ giao h&agrave;ng m&agrave; c&oacute; thể ph&aacute;t sinh th&ecirc;m chi ph&iacute; kh&aacute;c như ph&iacute; vận chuyển, phụ ph&iacute; h&agrave;ng cồng kềnh, ...</p>\n<div id=\"simple-translate\">\n<div>\n<div class=\"simple-translate-button \" style=\"background-image: url(''chrome-extension://ibplnjkanclpjokhdolnendpplpjiace/icons/512.png''); height: 22px; width: 22px; top: 10px; left: 10px;\">&nbsp;</div>\n<div class=\"simple-translate-panel isShow\" style=\"width: 300px; height: 100px; top: 10px; left: 10px; font-size: 13px; background-color: #ffffff;\">\n<div class=\"simple-translate-result-wrapper\" style=\"overflow: hidden;\">\n<div class=\"simple-translate-move\" draggable=\"true\">&nbsp;</div>\n<div class=\"simple-translate-result-contents\">\n<p class=\"simple-translate-result\" dir=\"auto\" style=\"color: #000000;\">ad</p>\n<p class=\"simple-translate-candidate\" dir=\"auto\" style=\"color: #737373;\">đ&ocirc;̣ng từ: give, provide, bestow, hand, inflict, administer</p>\n</div>\n</div>\n</div>\n</div>\n</div>","CategoryID":"e2a5751a-396b-4b43-90ae-90891d07c75d","Category":null,"Discount":0,"Quanlity":-4,"Image":"[\"https://firebasestorage.googleapis.com/v0/b/duanimage-50853.appspot.com/o/images%2FCV.jpg?alt=media&token=dde4dc64-3a41-4935-a648-aa11d93d1d72\",\"https://firebasestorage.googleapis.com/v0/b/duanimage-50853.appspot.com/o/images%2FScreenshot_20210126-114405.png?alt=media&token=2af65c0a-40e1-425a-8d19-077510af0833\",\"https://firebasestorage.googleapis.com/v0/b/duanimage-50853.appspot.com/o/images%2FScreenshot%20from%202021-01-14%2016-22-02.png?alt=media&token=c63e76c1-7981-4d00-8beb-dbf8144bbf43\",\"https://firebasestorage.googleapis.com/v0/b/duanimage-50853.appspot.com/o/images%2FScreenshot%20from%202021-01-20%2013-37-37.png?alt=media&token=c8b10cef-bcea-4de6-9b26-be14073bdca6\",\"https://firebasestorage.googleapis.com/v0/b/duanimage-50853.appspot.com/o/images%2FScreenshot%20from%202021-01-20%2018-01-17.png?alt=media&token=ecc44082-ffb3-4dba-b5da-588e0843d8e0\",\"https://firebasestorage.googleapis.com/v0/b/duanimage-50853.appspot.com/o/images%2FScreenshot%20from%202021-01-22%2017-27-29.png?alt=media&token=3a92b7d6-d32e-4725-986d-07e206e7411e\",\"https://firebasestorage.googleapis.com/v0/b/duanimage-50853.appspot.com/o/images%2FScreenshot%20from%202021-02-01%2013-52-15.png?alt=media&token=64c5fd96-6af1-4ed9-a2bb-7983015b8400\"]","Images":["https://firebasestorage.googleapis.com/v0/b/duanimage-50853.appspot.com/o/images%2FCV.jpg?alt=media&token=dde4dc64-3a41-4935-a648-aa11d93d1d72","https://firebasestorage.googleapis.com/v0/b/duanimage-50853.appspot.com/o/images%2FScreenshot_20210126-114405.png?alt=media&token=2af65c0a-40e1-425a-8d19-077510af0833","https://firebasestorage.googleapis.com/v0/b/duanimage-50853.appspot.com/o/images%2FScreenshot%20from%202021-01-14%2016-22-02.png?alt=media&token=c63e76c1-7981-4d00-8beb-dbf8144bbf43","https://firebasestorage.googleapis.com/v0/b/duanimage-50853.appspot.com/o/images%2FScreenshot%20from%202021-01-20%2013-37-37.png?alt=media&token=c8b10cef-bcea-4de6-9b26-be14073bdca6","https://firebasestorage.googleapis.com/v0/b/duanimage-50853.appspot.com/o/images%2FScreenshot%20from%202021-01-20%2018-01-17.png?alt=media&token=ecc44082-ffb3-4dba-b5da-588e0843d8e0","https://firebasestorage.googleapis.com/v0/b/duanimage-50853.appspot.com/o/images%2FScreenshot%20from%202021-01-22%2017-27-29.png?alt=media&token=3a92b7d6-d32e-4725-986d-07e206e7411e","https://firebasestorage.googleapis.com/v0/b/duanimage-50853.appspot.com/o/images%2FScreenshot%20from%202021-02-01%2013-52-15.png?alt=media&token=64c5fd96-6af1-4ed9-a2bb-7983015b8400"],"AddedTime":"2021-05-16T23:33:05","LastModify":"2021-06-07T10:33:20","StoreID":"336be9a9-b9b2-4511-a942-08b20d244e79","Store":null,"SoldQuanlity":0,"RatingsCount":0,"Ratings":null,"Star":0.0}}]',18092300,'2021-06-10 19:39:38.000','2021-06-10 19:40:36.000',1,N'3ac62180-79b1-41b4-a4b8-0cba6364e57e',N'88888888-8888-8888-8888-888888888888',N'["087621c0-e1ed-4ded-a2b6-610dadbef060","0e543ad2-e503-40fc-8a57-21ade6027f78","f5d20757-c541-4422-bb97-c8bdc7389fbf"]'),
	 (N'535d025e-a5f3-4f43-a23a-bbec943ceab7',N'87660958-cf24-4b94-9eca-2cec66a711d3',N'[{"ID":"bf8b7c28-8dbb-4b3c-a8f5-d815f5ba0f6a","BuyerID":"87660958-cf24-4b94-9eca-2cec66a711d3","ProductID":"8f78c462-0fde-4289-894e-0e788682e08b","AddedTime":"2021-06-11T09:48:24","Status":null,"Quantity":1,"Product":{"ID":"8f78c462-0fde-4289-894e-0e788682e08b","Name":"Combo 2 Hộp NESCAFÉ 3in1 Cà Phê Rang Xay Hòa Tan Đậm Đà Hài Hòa","Price":97999,"Color":"đen","Size":"100g","Detail":"<table>\n<tbody>\n<tr>\n<td>Thương hiệu</td>\n<td>NESCAF&Eacute;</td>\n</tr>\n<tr>\n<td>Xuất xứ thương hiệu</td>\n<td>Thụy Sỹ</td>\n</tr>\n<tr>\n<td>Hạn sử dụng</td>\n<td>12 th&aacute;ng kể từ ng&agrave;y sản xuất</td>\n</tr>\n<tr>\n<td>Hướng dẫn bảo quản</td>\n<td>\n<p>Bảo quản sản phẩm nơi kh&ocirc; r&aacute;o, tho&aacute;ng m&aacute;t, tr&aacute;nh &aacute;nh nắng trực tiếp.</p>\n</td>\n</tr>\n<tr>\n<td>Hướng dẫn sử dụng</td>\n<td>\n<ul>\n<li>Uống n&oacute;ng: H&ograve;a 1 g&oacute;i NESCAF&Eacute; 3in1 với 70ml nước n&oacute;ng v&agrave; khuấy đều</li>\n<li>Uống lạnh: H&ograve;a 2 g&oacute;i NESCAF&Eacute; 3in1 với 70ml nước n&oacute;ng, khuấy đều v&agrave; th&ecirc;m đ&aacute;.</li>\n</ul>\n</td>\n</tr>\n<tr>\n<td>Xuất xứ</td>\n<td>Việt Nam</td>\n</tr>\n<tr>\n<td>Th&agrave;nh phần</td>\n<td>\n<p>Đường, bột kem pha c&agrave; ph&ecirc; (c&oacute; chứa c&agrave; ph&ecirc; rang xay nhuyễn (1,1%)) (c&oacute; chứa sữa - contain milk), c&agrave; ph&ecirc; h&ograve;a tan (12%), maltodextrin, muối i-ốt, hương tổng hợp d&ugrave;ng trong thực phẩm, chất điều chỉnh độ chua 500(ii).</p>\n</td>\n</tr>\n<tr>\n<td>SKU</td>\n<td>5765320795528</td>\n</tr>\n</tbody>\n</table>","Description":"<ul>\n<li><strong>Combo 2 Hộp NESCAF&Eacute; 3in1 C&agrave; Ph&ecirc; Rang Xay H&ograve;a Tan Đậm Đ&agrave; H&agrave;i H&ograve;a</strong>&nbsp;mang đến cho bạn hương vị đậm đ&agrave;, nổi bật gu c&agrave; ph&ecirc; h&agrave;i h&ograve;a giữa vị c&agrave; ph&ecirc; v&agrave; vị sữa. Nay thơm ngon hơn với c&ocirc;ng nghệ bổ sung c&agrave; ph&ecirc; rang xay nhuyễn độc quyền.</li>\n<li>NESCAF&Eacute; tự h&agrave;o tạo ra một thế hệ c&agrave; ph&ecirc; ho&agrave;n to&agrave;n mới, kết hợp ho&agrave;n hảo giữa c&agrave; ph&ecirc; Rang Xay v&agrave; c&agrave; ph&ecirc; H&ograve;a Tan m&agrave; ở đ&oacute;, sản phẩm C&agrave; Ph&ecirc; Rang Xay H&ograve;a Tan:<br />\n<ul>\n<li>Giữ lại trọn vẹn hương thơm đặc trưng l&ocirc;i cuốn của c&agrave; ph&ecirc; Rang Xay</li>\n<li>L&agrave;m cho t&aacute;ch c&agrave; ph&ecirc; 3in1 nay c&agrave;ng đậm đ&agrave; kh&oacute; cưỡng</li>\n</ul>\n</li>\n</ul>\n<p>Gi&aacute; sản phẩm tr&ecirc;n Tiki đ&atilde; bao gồm thuế theo luật hiện h&agrave;nh. Tuy nhi&ecirc;n tuỳ v&agrave;o từng loại sản phẩm hoặc phương thức, địa chỉ giao h&agrave;ng m&agrave; c&oacute; thể ph&aacute;t sinh th&ecirc;m chi ph&iacute; kh&aacute;c như ph&iacute; vận chuyển, phụ ph&iacute; h&agrave;ng cồng kềnh, ...</p>\n<p>test sửa</p>","CategoryID":"e2a5751a-396b-4b43-90ae-90891d07c75d","Category":null,"Discount":0,"Quanlity":50,"Image":"[\"https://firebasestorage.googleapis.com/v0/b/duanimage-50853.appspot.com/o/images%2F4abb8eaacfb4741bddb94dfcdb27945e.jpg?alt=media&token=239d5e9f-3bd5-4bff-a8fc-da0042b4a973\",\"https://firebasestorage.googleapis.com/v0/b/duanimage-50853.appspot.com/o/images%2F4d18f47361671b23886a0fbff4387428.jpg?alt=media&token=bc8bab3d-5d18-45d5-a8c1-a3800e6eddec\"]","Images":["https://firebasestorage.googleapis.com/v0/b/duanimage-50853.appspot.com/o/images%2F4abb8eaacfb4741bddb94dfcdb27945e.jpg?alt=media&token=239d5e9f-3bd5-4bff-a8fc-da0042b4a973","https://firebasestorage.googleapis.com/v0/b/duanimage-50853.appspot.com/o/images%2F4d18f47361671b23886a0fbff4387428.jpg?alt=media&token=bc8bab3d-5d18-45d5-a8c1-a3800e6eddec"],"AddedTime":"2021-06-11T09:42:56","LastModify":"2021-06-11T09:45:25","StoreID":"e4a32ddd-35fd-4a93-a477-0e9cf515febd","Store":null,"SoldQuanlity":0,"RatingsCount":0,"Ratings":null,"Star":0.0}}]',97999,'2021-06-11 09:48:29.000','2021-06-11 09:48:39.000',1,N'3ac62180-79b1-41b4-a4b8-0cba6364e57e',N'88888888-8888-8888-8888-888888888888',N'["8f78c462-0fde-4289-894e-0e788682e08b"]'),
	 (N'69ed9b92-85b5-423a-abe2-fb68852eadfd',N'87660958-cf24-4b94-9eca-2cec66a711d3',N'[{"ID":"4e121c89-98b7-4942-ab87-bcd4de025e7e","BuyerID":"87660958-cf24-4b94-9eca-2cec66a711d3","ProductID":"087621c0-e1ed-4ded-a2b6-610dadbef060","AddedTime":"2021-06-14T08:34:36","Status":null,"Quantity":1,"Product":{"ID":"087621c0-e1ed-4ded-a2b6-610dadbef060","Name":"Điện thoại Xiaomi Redmi 8 (4GB/64GB) - Hàng Chính Hãng","Price":2990000,"Color":"Đen","Size":"ss","Detail":"<p>co cai lll</p>","Description":"<p>asdasda</p>","CategoryID":"4d309a66-5958-455f-94c2-3223cc12c615","Category":null,"Discount":5,"Quanlity":20,"Image":"[\"https://salt.tikicdn.com/cache/w1200/ts/product/14/71/dc/4eaa1c5b79e21195b85614288eff4ab5.png\",\"https://vcdn.tikicdn.com/ts/review/ee/aa/23/355b972924f50c87a29c8c8cb715990d.jpg\",\"https://firebasestorage.googleapis.com/v0/b/duanimage-50853.appspot.com/o/images%2Fimage%202.png?alt=media&token=26c1280f-16a7-4b2f-8da6-fb3db4fb34ff\",\"https://firebasestorage.googleapis.com/v0/b/duanimage-50853.appspot.com/o/images%2Fimage%201%20(2).png?alt=media&token=d4cf0a15-565c-422e-8ad6-4ef46e9412d0\",\"https://firebasestorage.googleapis.com/v0/b/duanimage-50853.appspot.com/o/images%2Fth%C6%B0%C6%A1ng-m%E1%BA%A1i-%C4%91i%E1%BB%87n-t%E1%BB%AD.jpg?alt=media&token=ad52525a-f7ff-440c-b381-3172d116f728\"]","Images":["https://salt.tikicdn.com/cache/w1200/ts/product/14/71/dc/4eaa1c5b79e21195b85614288eff4ab5.png","https://vcdn.tikicdn.com/ts/review/ee/aa/23/355b972924f50c87a29c8c8cb715990d.jpg","https://firebasestorage.googleapis.com/v0/b/duanimage-50853.appspot.com/o/images%2Fimage%202.png?alt=media&token=26c1280f-16a7-4b2f-8da6-fb3db4fb34ff","https://firebasestorage.googleapis.com/v0/b/duanimage-50853.appspot.com/o/images%2Fimage%201%20(2).png?alt=media&token=d4cf0a15-565c-422e-8ad6-4ef46e9412d0","https://firebasestorage.googleapis.com/v0/b/duanimage-50853.appspot.com/o/images%2Fth%C6%B0%C6%A1ng-m%E1%BA%A1i-%C4%91i%E1%BB%87n-t%E1%BB%AD.jpg?alt=media&token=ad52525a-f7ff-440c-b381-3172d116f728"],"AddedTime":"2021-04-06T00:00:00","LastModify":"2021-06-08T10:01:34","StoreID":"336be9a9-b9b2-4511-a942-08b20d244e79","Store":null,"SoldQuanlity":10,"RatingsCount":9,"Ratings":null,"Star":4.68}},{"ID":"5c20e1d7-1283-4ef4-b8d4-3640edd00d91","BuyerID":"87660958-cf24-4b94-9eca-2cec66a711d3","ProductID":"37ca18f1-ea88-4a16-8218-2e0af7014a01","AddedTime":"2021-06-14T08:34:37","Status":null,"Quantity":1,"Product":{"ID":"37ca18f1-ea88-4a16-8218-2e0af7014a01","Name":"Bàn phím có dây Prolink PKCM2006 - Hàng Chính Hãng","Price":190000,"Color":"2","Size":"2","Detail":"<p>Prolink</p>","Description":"<p>Cảm gi&aacute;c bấm ph&iacute;m &ecirc;m, nhạy, phản hồi nhanh.</p>","CategoryID":"7f42eb0c-f1f5-47f7-9b2c-9e042a0f971a","Category":null,"Discount":10,"Quanlity":3,"Image":"[\"https://salt.tikicdn.com/cache/w1200/ts/product/dd/ed/f4/c3ae8cb299c381d89ff64456fae9f00b.jpg\"]","Images":["https://salt.tikicdn.com/cache/w1200/ts/product/dd/ed/f4/c3ae8cb299c381d89ff64456fae9f00b.jpg"],"AddedTime":"2021-04-10T00:00:00","LastModify":"2021-06-03T23:39:02","StoreID":"336be9a9-b9b2-4511-a942-08b20d244e79","Store":null,"SoldQuanlity":0,"RatingsCount":0,"Ratings":null,"Star":0.0}},{"ID":"8522173c-054e-4fd2-ad10-53aa8ab76f5d","BuyerID":"87660958-cf24-4b94-9eca-2cec66a711d3","ProductID":"0e543ad2-e503-40fc-8a57-21ade6027f78","AddedTime":"2021-06-14T08:34:39","Status":null,"Quantity":1,"Product":{"ID":"0e543ad2-e503-40fc-8a57-21ade6027f78","Name":"Đạt Anh K62","Price":500000,"Color":"red","Size":"1","Detail":"<table style=\"border-collapse: collapse; width: 100%; height: 84px;\" border=\"1\">\n<tbody>\n<tr style=\"height: 21px;\">\n<td style=\"width: 48.6202%; height: 21px;\">sadsad&aacute;dasd</td>\n<td style=\"width: 48.6202%; height: 21px;\">asd&aacute;dasd</td>\n</tr>\n<tr style=\"height: 21px;\">\n<td style=\"width: 48.6202%; height: 21px;\">&aacute;ddsada</td>\n<td style=\"width: 48.6202%; height: 21px;\">5121231323</td>\n</tr>\n<tr style=\"height: 21px;\">\n<td style=\"width: 48.6202%; height: 21px;\">&aacute;dsad</td>\n<td style=\"width: 48.6202%; height: 21px;\">adssad</td>\n</tr>\n<tr style=\"height: 21px;\">\n<td style=\"width: 48.6202%; height: 21px;\">&aacute;dasd</td>\n<td style=\"width: 48.6202%; height: 21px;\">&aacute;dasd</td>\n</tr>\n</tbody>\n</table>","Description":"<p>K&iacute;ch Thước Bộ Khung gồm: 2 ảnh 30x40cm, 3 ảnh 20x25cm, 2 ảnh 15x20cm (Tổng k&iacute;ch thước sau khi treo khoảng 70x190cm)<br />Khung Ảnh Treo Tường Chất Liệu: Viền Composite<br />Mặt khung: Được l&agrave;m từ mặt k&iacute;nh 2 Li S&aacute;ng Trong, tạo cảm gi&aacute;c ch&acirc;n thực cho bức ảnh.<br />Th&iacute;ch hợp ph&ograve;ng ngủ, ph&ograve;ng kh&aacute;ch, ph&ograve;ng ăn, Tiệm kinh doanh, trang tr&iacute; tường..<br />Tặng k&egrave;m đinh 03 ch&acirc;n chuy&ecirc;n dụng v&agrave; Sơ Đồ Treo, gi&uacute;p bạn dễ d&agrave;ng sử dụng v&agrave; lắp đặt</p>\n<h5>K&iacute;ch Thước Bộ Khung gồm: 2 ảnh 30x40cm, 3 ảnh 20x25cm, 2 ảnh 15x20cm (Tổng k&iacute;ch thước sau khi treo khoảng 70x190cm)</h5>\n<ul>\n<li>\n<h5><em><strong>TẶNG:</strong></em></h5>\n</li>\n<li>&nbsp; &nbsp; &nbsp;- Tặng Bộ ảnh như h&igrave;nh Mẫu<br />&nbsp; &nbsp; &nbsp;- Tặng sơ đồ định vị kh&ocirc;ng cần đo đạc (lắp đơn giản trong 15 ph&uacute;t)<br />&nbsp; &nbsp; &nbsp;- Tặng Đinh 3 ch&acirc;n chuy&ecirc;n dụng treo khung ( kh&ocirc;ng cần khoan tường, kh&ocirc;ng l&agrave;m hỏng tường)<br />&nbsp; &nbsp; &nbsp;- Tặng m&oacute;c treo v&agrave; tất cả c&aacute;c phụ kiện k&egrave;m theo khung.</li>\n<li><em><strong>Chất liệu:</strong></em>&nbsp;khung Composite viền khung mỏng tạo t&iacute;nh thẩm mĩ cao,</li>\n<li><strong>Mặt khung:</strong>&nbsp;Được l&agrave;m từ mặt k&iacute;nh 2 Li S&aacute;ng Trong, tạo cảm gi&aacute;c ch&acirc;n thực cho bức ảnh.</li>\n<li><em><strong>Đ&oacute;ng g&oacute;i:</strong></em>&nbsp;Th&ugrave;ng Carton, xốp bong b&oacute;ng, bao gồm sẵn m&oacute;c treo tranh chuy&ecirc;n dụng.</li>\n<li><em><strong>Xuất sứ:</strong></em>&nbsp;Việt Nam</li>\n<li>\n<h5><em><strong>&nbsp;Bộ sản phẩm ho&agrave;n chỉnh bao gồm c&oacute;:</strong></em></h5>\n</li>\n<li>- 1 bộ Khung K&egrave;m ảnh như h&igrave;nh mẫu,<br />- 1 bộ m&oacute;c treo gắn sẵn tr&ecirc;n từng khung,<br />- 1 Bộ đinh treo tranh,<br />- 1 Sơ đồ treo tranh kh&ocirc;ng cần đo đạc.</li>\n<li>\n<h5><em><strong>Hướng dẫn bảo quản v&agrave; vệ sinh Khung H&igrave;nh,&nbsp;</strong></em><strong>Trong qu&aacute; tr&igrave;nh sử dụng qu&yacute; kh&aacute;ch lưu &yacute;:</strong></h5>\n</li>\n<li>Tr&aacute;nh lực t&aacute;c động l&ecirc;n bề mặt khung, Hạn chế để nơi c&oacute; nhiệt độ cao v&agrave; tr&aacute;nh &aacute;nh s&aacute;ng mặt trời,</li>\n<li>Kh&ocirc;ng tự &yacute; th&aacute;o/lắp khung ảnh,</li>\n<li>Khi khung chưa sử dụng &uacute;p 2 mặt khung v&agrave;o nhau KH&Ocirc;NG để ngược mặt khung c&aacute;c ốc v&iacute;t phụ kiện sẽ l&agrave;m trầy mặt khung,</li>\n<li>Khi khung ảnh bị bụi c&oacute; thể d&ugrave;ng khăn kh&ocirc; mềm, chổi l&ocirc;ng g&agrave;, hoặc khăn giặt vắt ẩm để lau,</li>\n<li>Kh&ocirc;ng tự &yacute; d&ugrave;ng c&aacute;c dung dịch để tẩy rửa ch&ugrave;i khung ảnh, c&oacute; thể sử dụng nước lau k&iacute;nh chuy&ecirc;n dụng để lau bề mặt k&iacute;nh cho s&aacute;ng đẹp.</li>\n<li>\n<h5><em><strong>Hướng dẫn Qu&yacute; kh&aacute;ch Tự lắp đặt Khung H&igrave;nh tại nh&agrave;,&nbsp;</strong></em><strong><em>Quy tr&igrave;nh lắp đặt tranh cực kỳ đơn giản trong 5 bước:</em></strong></h5>\n</li>\n<li>Phụ kiện shop tặng k&egrave;m gồm:&nbsp;1 bộ đinh treo tranh; 1 sơ đồ định vị treo tranh; v&agrave; m&oacute;c treo đ&atilde; gắn sẵn tr&ecirc;n khung<br />(M&oacute;c khung m&agrave;u đen c&oacute; thể th&aacute;o m&oacute;c ra điều chỉnh th&agrave;nh khung ngang hoặc khung dọc đều được)</li>\n<li>\n<h5><em><strong>&nbsp;Thao t&aacute;c:</strong></em></h5>\n</li>\n<li><strong>Bước 1:</strong>&nbsp;D&aacute;n sơ đồ định vị l&ecirc;n tường, cố định 4 g&oacute;c (vui l&ograve;ng quan s&aacute;t kĩ chiều đ&uacute;ng của sơ đồ v&agrave; d&aacute;n thẳng ngay ngắn l&ecirc;n tường. Bộ tranh treo đ&uacute;ng đều hay kh&ocirc;ng phụ thuộc nhiều v&agrave;o sơ đồ)</li>\n<li><strong>Bước 2:</strong>&nbsp;D&ugrave;ng B&uacute;a Đ&oacute;ng đinh 3 ch&acirc;n v&agrave;o vị tr&iacute; shop đ&atilde; đ&aacute;nh dấu bằng c&aacute;c lỗ tr&ograve;n (d&ugrave;ng b&uacute;a đ&oacute;ng đều 3 c&acirc;y đinh cho đến khi đảm bảo 3 c&acirc;y đinh đ&atilde; v&agrave;o tường chắc chắn)</li>\n<li><strong>Bước 3:</strong>&nbsp;sau khi đ&atilde; đ&oacute;ng tất cả đinh l&ecirc;n c&aacute;c lỗ tr&ograve;n tr&ecirc;n sơ đồ định vị , X&eacute; tờ giấy sơ đồ đi v&agrave; đinh vẫn giữ nguy&ecirc;n</li>\n<li><strong>Bước 4:</strong>&nbsp;M&oacute;c hết khung ảnh l&ecirc;n đinh đ&atilde; đ&oacute;ng, ch&uacute; &yacute; m&oacute;c đinh v&agrave; m&oacute;c khung phải khớp với nhau.</li>\n<li><strong>Bước 5:</strong>&nbsp;Căn chỉnh lại v&agrave; chi&ecirc;m ngưỡng th&agrave;nh quả.</li>\n<li>\n<h5><em><strong><u>LƯU &Yacute; :</u></strong></em></h5>\n</li>\n<li>Đinh treo tranh chỉ sử dụng cho tranh &lt;3kg</li>\n<li>Đinh treo tranh chỉ treo với tường xi măng b&igrave;nh thường. Trường hợp tường b&ecirc; t&ocirc;ng, thạch cao, hoặc tường vữa khi đ&oacute;ng đinh sẽ kh&ocirc;ng v&agrave;o hoặc vữa tường v&igrave; vậy kh&aacute;ch h&agrave;ng vui l&ograve;ng khoan tường kh&ocirc;ng sử dụng đinh để treo tranh.</li>\n</ul>\n<p>Gi&aacute; sản phẩm tr&ecirc;n Tiki đ&atilde; bao gồm thuế theo luật hiện h&agrave;nh. Tuy nhi&ecirc;n tuỳ v&agrave;o từng loại sản phẩm hoặc phương thức, địa chỉ giao h&agrave;ng m&agrave; c&oacute; thể ph&aacute;t sinh th&ecirc;m chi ph&iacute; kh&aacute;c như ph&iacute; vận chuyển, phụ ph&iacute; h&agrave;ng cồng kềnh, ...</p>\n<div id=\"simple-translate\">\n<div>\n<div class=\"simple-translate-button \" style=\"background-image: url(''chrome-extension://ibplnjkanclpjokhdolnendpplpjiace/icons/512.png''); height: 22px; width: 22px; top: 10px; left: 10px;\">&nbsp;</div>\n<div class=\"simple-translate-panel isShow\" style=\"width: 300px; height: 100px; top: 10px; left: 10px; font-size: 13px; background-color: #ffffff;\">\n<div class=\"simple-translate-result-wrapper\" style=\"overflow: hidden;\">\n<div class=\"simple-translate-move\" draggable=\"true\">&nbsp;</div>\n<div class=\"simple-translate-result-contents\">\n<p class=\"simple-translate-result\" dir=\"auto\" style=\"color: #000000;\">ad</p>\n<p class=\"simple-translate-candidate\" dir=\"auto\" style=\"color: #737373;\">đ&ocirc;̣ng từ: give, provide, bestow, hand, inflict, administer</p>\n</div>\n</div>\n</div>\n</div>\n</div>","CategoryID":"e2a5751a-396b-4b43-90ae-90891d07c75d","Category":null,"Discount":0,"Quanlity":-5,"Image":"[\"https://firebasestorage.googleapis.com/v0/b/duanimage-50853.appspot.com/o/images%2FCV.jpg?alt=media&token=dde4dc64-3a41-4935-a648-aa11d93d1d72\",\"https://firebasestorage.googleapis.com/v0/b/duanimage-50853.appspot.com/o/images%2FScreenshot_20210126-114405.png?alt=media&token=2af65c0a-40e1-425a-8d19-077510af0833\",\"https://firebasestorage.googleapis.com/v0/b/duanimage-50853.appspot.com/o/images%2FScreenshot%20from%202021-01-14%2016-22-02.png?alt=media&token=c63e76c1-7981-4d00-8beb-dbf8144bbf43\",\"https://firebasestorage.googleapis.com/v0/b/duanimage-50853.appspot.com/o/images%2FScreenshot%20from%202021-01-20%2013-37-37.png?alt=media&token=c8b10cef-bcea-4de6-9b26-be14073bdca6\",\"https://firebasestorage.googleapis.com/v0/b/duanimage-50853.appspot.com/o/images%2FScreenshot%20from%202021-01-20%2018-01-17.png?alt=media&token=ecc44082-ffb3-4dba-b5da-588e0843d8e0\",\"https://firebasestorage.googleapis.com/v0/b/duanimage-50853.appspot.com/o/images%2FScreenshot%20from%202021-01-22%2017-27-29.png?alt=media&token=3a92b7d6-d32e-4725-986d-07e206e7411e\",\"https://firebasestorage.googleapis.com/v0/b/duanimage-50853.appspot.com/o/images%2FScreenshot%20from%202021-02-01%2013-52-15.png?alt=media&token=64c5fd96-6af1-4ed9-a2bb-7983015b8400\"]","Images":["https://firebasestorage.googleapis.com/v0/b/duanimage-50853.appspot.com/o/images%2FCV.jpg?alt=media&token=dde4dc64-3a41-4935-a648-aa11d93d1d72","https://firebasestorage.googleapis.com/v0/b/duanimage-50853.appspot.com/o/images%2FScreenshot_20210126-114405.png?alt=media&token=2af65c0a-40e1-425a-8d19-077510af0833","https://firebasestorage.googleapis.com/v0/b/duanimage-50853.appspot.com/o/images%2FScreenshot%20from%202021-01-14%2016-22-02.png?alt=media&token=c63e76c1-7981-4d00-8beb-dbf8144bbf43","https://firebasestorage.googleapis.com/v0/b/duanimage-50853.appspot.com/o/images%2FScreenshot%20from%202021-01-20%2013-37-37.png?alt=media&token=c8b10cef-bcea-4de6-9b26-be14073bdca6","https://firebasestorage.googleapis.com/v0/b/duanimage-50853.appspot.com/o/images%2FScreenshot%20from%202021-01-20%2018-01-17.png?alt=media&token=ecc44082-ffb3-4dba-b5da-588e0843d8e0","https://firebasestorage.googleapis.com/v0/b/duanimage-50853.appspot.com/o/images%2FScreenshot%20from%202021-01-22%2017-27-29.png?alt=media&token=3a92b7d6-d32e-4725-986d-07e206e7411e","https://firebasestorage.googleapis.com/v0/b/duanimage-50853.appspot.com/o/images%2FScreenshot%20from%202021-02-01%2013-52-15.png?alt=media&token=64c5fd96-6af1-4ed9-a2bb-7983015b8400"],"AddedTime":"2021-05-16T23:33:05","LastModify":"2021-06-07T10:33:20","StoreID":"336be9a9-b9b2-4511-a942-08b20d244e79","Store":null,"SoldQuanlity":0,"RatingsCount":1,"Ratings":null,"Star":5.0}}]',3511500,'2021-06-14 08:34:51.000','2021-06-14 08:35:06.000',1,N'3ac62180-79b1-41b4-a4b8-0cba6364e57e',N'88888888-8888-8888-8888-888888888888',N'["087621c0-e1ed-4ded-a2b6-610dadbef060","37ca18f1-ea88-4a16-8218-2e0af7014a01","0e543ad2-e503-40fc-8a57-21ade6027f78"]'),
	 (N'6e00a1a4-752f-4690-b849-7ffc17a19530',N'87660958-cf24-4b94-9eca-2cec66a711d3',N'[{"ID":"479b1c90-c881-4f19-81c1-1b5e42ec5bb6","BuyerID":"87660958-cf24-4b94-9eca-2cec66a711d3","ProductID":"f5d20757-c541-4422-bb97-c8bdc7389fbf","AddedTime":"2021-06-10T15:12:08","Status":null,"Quantity":1,"Product":{"ID":"f5d20757-c541-4422-bb97-c8bdc7389fbf","Name":"iPad Air 10.9 Wi-Fi 64GB New 2020 - Hàng Chính Hãng","Price":17990000,"Color":"Đen","Size":"247.6 x 178.5 x 6.1 mm","Detail":"<table>\n<tbody>\n<tr>\n<td>Bluetooth</td>\n<td>A2DP, EDR, 5.0</td>\n</tr>\n<tr>\n<td>Thương hiệu</td>\n<td>Apple</td>\n</tr>\n<tr>\n<td>Xuất xứ thương hiệu</td>\n<td>Mỹ</td>\n</tr>\n<tr>\n<td>Camera sau</td>\n<td>12 MP</td>\n</tr>\n<tr>\n<td>Camera trước</td>\n<td>7MP</td>\n</tr>\n<tr>\n<td>Chip đồ họa (GPU)</td>\n<td>Apple GPU 6 nh&acirc;n</td>\n</tr>\n<tr>\n<td>Chức năng kh&aacute;c</td>\n<td>Mở kh&oacute;a bằng v&acirc;n tay</td>\n</tr>\n<tr>\n<td>K&iacute;ch thước</td>\n<td>247.6 x 178.5 x 6.1 mm</td>\n</tr>\n<tr>\n<td>Phụ kiện đi k&egrave;m</td>\n<td>C&aacute;p, sạc, s&aacute;ch hướng dẫn</td>\n</tr>\n<tr>\n<td>Model</td>\n<td>ipad Air 2020</td>\n</tr>\n<tr>\n<td>Jack tai nghe</td>\n<td>USB Type-C</td>\n</tr>\n<tr>\n<td>Nghe nhạc</td>\n<td>C&oacute;</td>\n</tr>\n<tr>\n<td>Xuất xứ</td>\n<td>Trung Quốc</td>\n</tr>\n<tr>\n<td>Cổng sạc</td>\n<td>USB Type-C</td>\n</tr>\n<tr>\n<td>Trọng lượng</td>\n<td>458g</td>\n</tr>\n<tr>\n<td>Quay phim</td>\n<td>4K@24/30/60fps, 1080p@30/60/120/240fps; gyro-EIS</td>\n</tr>\n<tr>\n<td>Độ ph&acirc;n giải</td>\n<td>2360 x 1640 Pixels</td>\n</tr>\n<tr>\n<td>ROM</td>\n<td>64 GB</td>\n</tr>\n<tr>\n<td>K&iacute;ch thước m&agrave;n h&igrave;nh</td>\n<td>10.9 inch</td>\n</tr>\n<tr>\n<td>T&iacute;nh năng camera</td>\n<td>Chụp h&igrave;nh g&oacute;c rộng, Chống rung EIS, Tự đ&ocirc;̣ng l&acirc;́y nét, HDR</td>\n</tr>\n<tr>\n<td>Video call</td>\n<td>Hỗ trợ VideoCall th&ocirc;ng qua ứng dụng</td>\n</tr>\n<tr>\n<td>Wifi</td>\n<td>Wi-Fi 802.11 a/b/g/n/ac/ax</td>\n</tr>\n<tr>\n<td>Xem phim</td>\n<td>C&oacute;</td>\n</tr>\n<tr>\n<td>SKU</td>\n<td>4574548326206</td>\n</tr>\n</tbody>\n</table>","Description":"<p>M&atilde; Part: ZA/A<br />C&ocirc;ng nghệ m&agrave;n h&igrave;nh: Liquid Retina<br />Độ ph&acirc;n giải: 2360 x 1640 Pixels<br />Kích thước màn hình: 10.9\"<br />Hệ điều h&agrave;nh: iPadOS 14<br />Loại CPU (Chipset): Apple A14 Bionic 6 nh&acirc;n<br />Camera sau: 12 MP<br />Camera trước: 7 MP<br />Pin: 28.6W lithium‑polymer, sạc nhanh 20W</p>\n<h5>iPad Air 10.9 Wi-Fi New 2020 &ndash; Chip A14 mạnh mẽ cho trải nghiệm ho&agrave;n hảo</h5>\n<p>Apple lu&ocirc;n khiến cho cộng đồng c&ocirc;ng nghệ đứng ngồi kh&ocirc;ng y&ecirc;n mỗi khi cho ra mắt những sản phẩm Tablet mới. Với mẫu&nbsp;<strong>iPad Air 10.9 Wi-Fi New 2020</strong>&nbsp;được dự kiến cho ra mắt năm 2020 sẽ mang những thay đổi về mặt thiết kế cũng như những t&iacute;nh năng mới được t&iacute;ch hợp để tối ưu h&oacute;a về hiệu năng, mang đến cho người d&ugrave;ng những trải nghiệm tốt hơn.</p>\n<p><img src=\"https://salt.tikicdn.com/ts/tmp/59/9b/38/58b41429f3d1ea6df9d69d2ca2f2026b.jpg\" alt=\"iPad Air 10.9 Wi-Fi 64GB New 2020 - H&agrave;ng Nhập Khẩu Ch&iacute;nh H&atilde;ng\" width=\"750\" height=\"642\" /></p>\n<h5>Thiết kế tinh tế, m&agrave;u sắc thời thượng với độ mỏng 6.1mm</h5>\n<p><strong>iPad Air 10.9 Wi-Fi New 2020</strong>&nbsp;sẽ c&oacute; thiết kế ho&agrave;n to&agrave;n mới với kiểu d&aacute;ng tương tự với iPad Pro 2020 nhưng với k&iacute;ch thước nhỏ gọn hơn 247.6 x 178.5 mm v&agrave; độ mỏng chỉ 6.1 mm c&ugrave;ng trọng lượng chưa đến 500g gi&uacute;p bạn dễ d&agrave;ng mang theo iPad để sử dụng ở bất cứ đ&acirc;u.</p>\n<p><img src=\"https://salt.tikicdn.com/ts/tmp/d6/ea/b4/424a9086e123882dd5ae75519942c6a1.jpg\" alt=\"iPad Air 10.9 Wi-Fi 64GB New 2020 - H&agrave;ng Nhập Khẩu Ch&iacute;nh H&atilde;ng\" width=\"750\" height=\"587\" /></p>\n<p>Thiết kế nguy&ecirc;n khối mang đến tổng thể sang trọng cho iPad Air 10.9 Wi-Fi New 2020 c&ugrave;ng với gam m&agrave;u mới thời thượng, n&uacute;t home được loại bỏ để tạo n&ecirc;n kh&ocirc;ng gian hiển thị rộng hơn.&nbsp;</p>\n<p><img src=\"https://salt.tikicdn.com/ts/tmp/2d/ef/c5/84001156b3d3bfc8d9c3b968113656fb.jpg\" alt=\"iPad Air 10.9 Wi-Fi 64GB New 2020 - H&agrave;ng Nhập Khẩu Ch&iacute;nh H&atilde;ng\" width=\"750\" height=\"623\" /></p>\n<p>Thiết kế của iPad Air 10.9 Wi-Fi New 2020 sẽ vu&ocirc;ng vắn hơn so với những d&ograve;ng iPad trước đ&acirc;y, c&aacute;c g&oacute;c cạnh được bo tr&ograve;n nhẹ nh&agrave;ng để tạo cảm gi&aacute;c mềm mại hơn cho tổng thể.</p>\n<p><img src=\"https://salt.tikicdn.com/ts/tmp/87/74/59/f4fe189c7e1de8454b1dfe6f6e3b4a23.jpg\" alt=\"iPad Air 10.9 Wi-Fi 64GB New 2020 - H&agrave;ng Nhập Khẩu Ch&iacute;nh H&atilde;ng\" width=\"750\" height=\"610\" /></p>\n<h5>M&agrave;n h&igrave;nh c&oacute; tần số qu&eacute;t 60Hz, tấm nền IPS LCD v&agrave; k&iacute;ch thước 10.9 inch</h5>\n<p>Để mang đến kh&ocirc;ng gian hiển thị tuyệt vời cho người d&ugrave;ng, Apple đ&atilde; trang bị m&agrave;n h&igrave;nh c&oacute; tần số qu&eacute;t đến 60Hz cho iPad Air 10.9 Wi-Fi New 2020, gi&uacute;p h&igrave;nh ảnh hiển thị mượt m&agrave;, c&aacute;c chuyển động h&igrave;nh ảnh trơn tru cũng như hạn chế t&igrave;nh trạng giật lag. Nhờ vậy bạn c&oacute; thể tận hưởng những thước phim ấn tượng, chơi game (đặc biệt l&agrave; những game c&oacute; g&oacute;c nh&igrave;n thứ nhất) một c&aacute;ch tuyệt vời nhất. Độ ph&acirc;n giải 2360 x 1640 pixels cho h&igrave;nh ảnh sắc n&eacute;t v&agrave; ch&acirc;n thực.</p>\n<p><img src=\"https://salt.tikicdn.com/ts/tmp/20/de/70/77f0240c254ff1b4ae74664abc0b0b2e.jpg\" alt=\"iPad Air 10.9 Wi-Fi 64GB New 2020 - H&agrave;ng Nhập Khẩu Ch&iacute;nh H&atilde;ng\" width=\"750\" height=\"530\" /></p>\n<p>Sử dụng tấm nền IPS LCD cho iPad Air 10.9 Wi-Fi New 2020 c&ugrave;ng với c&ocirc;ng nghệ True-Tone cho khả năng t&aacute;i tạo m&agrave;u sắc ch&iacute;nh x&aacute;c, gần với thực tế hỗ trợ cho c&ocirc;ng việc chỉnh sửa ảnh, video,&hellip;hiệu quả hơn. B&ecirc;n cạnh đ&oacute; m&agrave;n h&igrave;nh n&agrave;y c&ograve;n sở hữu độ s&aacute;ng 500 nits để h&igrave;nh ảnh lu&ocirc;n hiển thị tốt trong những điều kiện &aacute;nh s&aacute;ng kh&aacute;c nhau, gi&uacute;p bạn sử dụng iPad tốt ngay cả khi ở ngo&agrave;i trời.</p>\n<h5>Chip A14 cho sức mạnh ấn tượng v&agrave; bộ nhớ 128GB lưu trữ rộng r&atilde;i</h5>\n<p>Sức mạnh của m&aacute;y đến từ con chip A14 Bionic để mang đến tốc độ xử l&yacute; vượt trội hơn, nhanh ch&oacute;ng cho sức mạnh kh&ocirc;ng thua g&igrave; một chiếc PC. B&ecirc;n cạnh đ&oacute; c&ograve;n c&oacute; th&ocirc;ng tin iPad Air 10.9 Wi-Fi New 2020&nbsp;sẽ c&oacute; b&agrave;n ph&iacute;m Magic Keyboard ri&ecirc;ng để c&oacute; thể gi&uacute;p bạn biến chiếc m&aacute;y t&iacute;nh bảng của m&igrave;nh th&agrave;nh một chiếc laptop một c&aacute;ch nhanh ch&oacute;ng v&agrave; đơn giản.</p>\n<p><img src=\"https://salt.tikicdn.com/ts/tmp/3b/43/64/9f90695df79a92d59f8709c9bf35cfce.jpg\" alt=\"iPad Air 10.9 Wi-Fi 64GB New 2020 - H&agrave;ng Nhập Khẩu Ch&iacute;nh H&atilde;ng\" width=\"750\" height=\"443\" /></p>\n<p>Apple iPad Air 10.9 Wi-Fi New 2020 c&oacute; bộ nhớ 64GB tương đối rộng r&atilde;i để bạn c&oacute; thể lưu trữ được nhiều dữ liệu hơn, thoải m&aacute;i c&agrave;i đặt c&aacute;c ứng dụng, tr&ograve; chơi phục vụ cho nhu cầu sử dụng của bạn.</p>\n<h5>Hệ thống camera với cảm biến LiDAR hỗ trợ quay phim chất lượng 4K si&ecirc;u n&eacute;t</h5>\n<p>Một trong những sự cải tiến mới của iPad Air 10.9 Wi-Fi New 2020 ch&iacute;nh l&agrave; hệ thống camera với camera ch&iacute;nh g&oacute;c rộng 12MP c&ugrave;ng với cảm biến chiều s&acirc;u TOF 3D LiDAR hỗ trợ quay phim với chất lượng 4K cho h&igrave;nh ảnh cực kỳ sắc n&eacute;t v&agrave; sinh động. B&ecirc;n cạnh đ&oacute;, iPad cũng được hỗ trợ những t&iacute;nh năng chụp ảnh th&ocirc;ng minh như x&oacute;a ph&ocirc;ng, lấy n&eacute;t tự động,&hellip;cho ảnh chụp kh&ocirc;ng thua k&eacute;m bất kỳ thiết bị n&agrave;o.</p>\n<p><img src=\"https://salt.tikicdn.com/ts/tmp/19/29/d7/9486bb7236347842010ab9ef2dde68d0.jpg\" alt=\"iPad Air 10.9 Wi-Fi 64GB New 2020 - H&agrave;ng Nhập Khẩu Ch&iacute;nh H&atilde;ng\" width=\"750\" height=\"472\" /></p>\n<p>Camera trước c&oacute; cảm biến 7MP v&agrave; hỗ trợ quay phim 1080p, hỗ trợ video call chất lượng cao mang đến những trải nghiệm tuyệt vời cho người d&ugrave;ng. Bạn c&oacute; thể sử dụng iPad để quay lại vlog hằng ng&agrave;y thay cho một chiếc m&aacute;y quay, m&aacute;y ảnh v&agrave; chia sẻ ngay với bạn b&egrave;, người th&acirc;n,&hellip;v&ocirc; c&ugrave;ng tiện lợi.</p>\n<h5>Dung lượng pin lớn cho 10 giờ lướt web</h5>\n<p>Apple cũng đ&atilde; n&acirc;ng cấp dung lượng pin cho iPad Air 10.9 Wi-Fi New 2020 với dung lượng lớn, cho 10 giờ lướt web bằng wifi, 9 giờ sử dụng mạng di động. Mặc d&ugrave; dung lượng trước đ&acirc;y của những thế hệ iPad trước cũng đ&atilde; đ&aacute;p ứng rất tốt về thời lượng sử dụng ch&iacute;nh v&igrave; thế sự n&acirc;ng cấp n&agrave;y chắc chắn sẽ gi&uacute;p người d&ugrave;ng c&agrave;ng y&ecirc;n t&acirc;m hơn khi sử dụng thiết bị suốt cả ng&agrave;y d&agrave;i m&agrave; kh&ocirc;ng lo hết pin.</p>\n<p><img src=\"https://salt.tikicdn.com/ts/tmp/b0/bb/93/cd86a920f10974d3c3af4ba306baae33.jpg\" alt=\"iPad Air 10.9 Wi-Fi 64GB New 2020 - H&agrave;ng Nhập Khẩu Ch&iacute;nh H&atilde;ng\" width=\"750\" height=\"803\" /></p>\n<p>B&ecirc;n cạnh đ&oacute; Apple cũng t&iacute;ch hợp c&ocirc;ng nghệ sạc nhanh 20W cho iPad Air 10.9 Wi-Fi New 2020 để gi&uacute;p người d&ugrave;ng c&oacute; thể nạp năng lượng cho iPad nhanh ch&oacute;ng. Bạn c&oacute; thể sử dụng thiết bị của bạn li&ecirc;n tục v&agrave; nhanh nạp lại pin cho thiết bị, giải quyết nỗi lo lắng về pin iPad.</p>\n<p><img src=\"https://salt.tikicdn.com/ts/tmp/08/10/58/1421d2f373a3d118a5eb0d218fb12de0.jpg\" alt=\"iPad Air 10.9 Wi-Fi 64GB New 2020 - H&agrave;ng Nhập Khẩu Ch&iacute;nh H&atilde;ng\" width=\"750\" height=\"375\" /></p>\n<p>&nbsp;</p>\n<p>Gi&aacute; sản phẩm tr&ecirc;n Tiki đ&atilde; bao gồm thuế theo luật hiện h&agrave;nh. Tuy nhi&ecirc;n tuỳ v&agrave;o từng loại sản phẩm hoặc phương thức, địa chỉ giao h&agrave;ng m&agrave; c&oacute; thể ph&aacute;t sinh th&ecirc;m chi ph&iacute; kh&aacute;c như ph&iacute; vận chuyển, phụ ph&iacute; h&agrave;ng cồng kềnh, ...</p>","CategoryID":"71b43f31-30ce-40f8-9d09-7cfb8276c7eb","Category":null,"Discount":18,"Quanlity":93,"Image":"[\"https://firebasestorage.googleapis.com/v0/b/duanimage-50853.appspot.com/o/images%2Ff82a7ce86c8b49bfe9797bfc0adf85cc.jpg?alt=media&token=7fdfa838-51cd-42da-bbd5-69706e535fc8\",\"https://firebasestorage.googleapis.com/v0/b/duanimage-50853.appspot.com/o/images%2F1cda272052fbd4743268694f7a8cb021.jpg?alt=media&token=6e66fb5e-fd7b-49e3-bc59-16f8ba340218\",\"https://firebasestorage.googleapis.com/v0/b/duanimage-50853.appspot.com/o/images%2F03513d8545b25aef3980d2b72f0266a0.jpg?alt=media&token=98773887-0816-4b17-a253-4e03582ebb0d\",\"https://firebasestorage.googleapis.com/v0/b/duanimage-50853.appspot.com/o/images%2Ffc78304d937382dd87e5e1385c665172.jpg?alt=media&token=2633c2f2-5768-40e6-b017-81f325901e24\",\"https://firebasestorage.googleapis.com/v0/b/duanimage-50853.appspot.com/o/images%2F80d146eb7aeec8604dfa143e4212bb53.jpg?alt=media&token=6954755d-f2ae-47a8-9ec2-fc352cf5b536\"]","Images":["https://firebasestorage.googleapis.com/v0/b/duanimage-50853.appspot.com/o/images%2Ff82a7ce86c8b49bfe9797bfc0adf85cc.jpg?alt=media&token=7fdfa838-51cd-42da-bbd5-69706e535fc8","https://firebasestorage.googleapis.com/v0/b/duanimage-50853.appspot.com/o/images%2F1cda272052fbd4743268694f7a8cb021.jpg?alt=media&token=6e66fb5e-fd7b-49e3-bc59-16f8ba340218","https://firebasestorage.googleapis.com/v0/b/duanimage-50853.appspot.com/o/images%2F03513d8545b25aef3980d2b72f0266a0.jpg?alt=media&token=98773887-0816-4b17-a253-4e03582ebb0d","https://firebasestorage.googleapis.com/v0/b/duanimage-50853.appspot.com/o/images%2Ffc78304d937382dd87e5e1385c665172.jpg?alt=media&token=2633c2f2-5768-40e6-b017-81f325901e24","https://firebasestorage.googleapis.com/v0/b/duanimage-50853.appspot.com/o/images%2F80d146eb7aeec8604dfa143e4212bb53.jpg?alt=media&token=6954755d-f2ae-47a8-9ec2-fc352cf5b536"],"AddedTime":"2021-06-09T22:34:15","LastModify":"2021-06-09T22:34:15","StoreID":"756beya9-79b2-4001-a942-08b209244e79","Store":null,"SoldQuanlity":0,"RatingsCount":1,"Ratings":null,"Star":5.0}},{"ID":"a9c6497c-8ac1-4242-9cdb-f4a193909be8","BuyerID":"87660958-cf24-4b94-9eca-2cec66a711d3","ProductID":"087621c0-e1ed-4ded-a2b6-610dadbef060","AddedTime":"2021-06-10T15:11:21","Status":null,"Quantity":1,"Product":{"ID":"087621c0-e1ed-4ded-a2b6-610dadbef060","Name":"Điện thoại Xiaomi Redmi 8 (4GB/64GB) - Hàng Chính Hãng","Price":2990000,"Color":"Đen","Size":"ss","Detail":"<p>co cai lll</p>","Description":"<p>asdasda</p>","CategoryID":"4d309a66-5958-455f-94c2-3223cc12c615","Category":null,"Discount":5,"Quanlity":27,"Image":"[\"https://salt.tikicdn.com/cache/w1200/ts/product/14/71/dc/4eaa1c5b79e21195b85614288eff4ab5.png\",\"https://vcdn.tikicdn.com/ts/review/ee/aa/23/355b972924f50c87a29c8c8cb715990d.jpg\",\"https://firebasestorage.googleapis.com/v0/b/duanimage-50853.appspot.com/o/images%2Fimage%202.png?alt=media&token=26c1280f-16a7-4b2f-8da6-fb3db4fb34ff\",\"https://firebasestorage.googleapis.com/v0/b/duanimage-50853.appspot.com/o/images%2Fimage%201%20(2).png?alt=media&token=d4cf0a15-565c-422e-8ad6-4ef46e9412d0\",\"https://firebasestorage.googleapis.com/v0/b/duanimage-50853.appspot.com/o/images%2Fth%C6%B0%C6%A1ng-m%E1%BA%A1i-%C4%91i%E1%BB%87n-t%E1%BB%AD.jpg?alt=media&token=ad52525a-f7ff-440c-b381-3172d116f728\"]","Images":["https://salt.tikicdn.com/cache/w1200/ts/product/14/71/dc/4eaa1c5b79e21195b85614288eff4ab5.png","https://vcdn.tikicdn.com/ts/review/ee/aa/23/355b972924f50c87a29c8c8cb715990d.jpg","https://firebasestorage.googleapis.com/v0/b/duanimage-50853.appspot.com/o/images%2Fimage%202.png?alt=media&token=26c1280f-16a7-4b2f-8da6-fb3db4fb34ff","https://firebasestorage.googleapis.com/v0/b/duanimage-50853.appspot.com/o/images%2Fimage%201%20(2).png?alt=media&token=d4cf0a15-565c-422e-8ad6-4ef46e9412d0","https://firebasestorage.googleapis.com/v0/b/duanimage-50853.appspot.com/o/images%2Fth%C6%B0%C6%A1ng-m%E1%BA%A1i-%C4%91i%E1%BB%87n-t%E1%BB%AD.jpg?alt=media&token=ad52525a-f7ff-440c-b381-3172d116f728"],"AddedTime":"2021-04-06T00:00:00","LastModify":"2021-06-08T10:01:34","StoreID":"336be9a9-b9b2-4511-a942-08b20d244e79","Store":null,"SoldQuanlity":10,"RatingsCount":8,"Ratings":null,"Star":4.76}}]',17592300,'2021-06-10 15:12:31.000','2021-06-10 19:37:21.000',1,N'3ac62180-79b1-41b4-a4b8-0cba6364e57e',N'88888888-8888-8888-8888-888888888888',N'["f5d20757-c541-4422-bb97-c8bdc7389fbf","087621c0-e1ed-4ded-a2b6-610dadbef060"]');
INSERT INTO db_a743ce_vuanhlk15.dbo.Bill (ID,BuyerID,ListItem,Total,OrderTime,ShipTime,Status,AddressID,PaymentID,ShippedProductID) VALUES
	 (N'78871633-23ff-4b67-a6a1-4f63ab09fa62',N'87660958-cf24-4b94-9eca-2cec66a711d3',N'[{"ID":"227961f6-28cd-4e1b-af9e-3a6a71966119","BuyerID":"87660958-cf24-4b94-9eca-2cec66a711d3","ProductID":"f5d20757-c541-4422-bb97-c8bdc7389fbf","AddedTime":"2021-06-10T13:50:05","Status":null,"Quantity":1,"Product":{"ID":"f5d20757-c541-4422-bb97-c8bdc7389fbf","Name":"iPad Air 10.9 Wi-Fi 64GB New 2020 - Hàng Chính Hãng","Price":17990000,"Color":"Đen","Size":"247.6 x 178.5 x 6.1 mm","Detail":"<table>\n<tbody>\n<tr>\n<td>Bluetooth</td>\n<td>A2DP, EDR, 5.0</td>\n</tr>\n<tr>\n<td>Thương hiệu</td>\n<td>Apple</td>\n</tr>\n<tr>\n<td>Xuất xứ thương hiệu</td>\n<td>Mỹ</td>\n</tr>\n<tr>\n<td>Camera sau</td>\n<td>12 MP</td>\n</tr>\n<tr>\n<td>Camera trước</td>\n<td>7MP</td>\n</tr>\n<tr>\n<td>Chip đồ họa (GPU)</td>\n<td>Apple GPU 6 nh&acirc;n</td>\n</tr>\n<tr>\n<td>Chức năng kh&aacute;c</td>\n<td>Mở kh&oacute;a bằng v&acirc;n tay</td>\n</tr>\n<tr>\n<td>K&iacute;ch thước</td>\n<td>247.6 x 178.5 x 6.1 mm</td>\n</tr>\n<tr>\n<td>Phụ kiện đi k&egrave;m</td>\n<td>C&aacute;p, sạc, s&aacute;ch hướng dẫn</td>\n</tr>\n<tr>\n<td>Model</td>\n<td>ipad Air 2020</td>\n</tr>\n<tr>\n<td>Jack tai nghe</td>\n<td>USB Type-C</td>\n</tr>\n<tr>\n<td>Nghe nhạc</td>\n<td>C&oacute;</td>\n</tr>\n<tr>\n<td>Xuất xứ</td>\n<td>Trung Quốc</td>\n</tr>\n<tr>\n<td>Cổng sạc</td>\n<td>USB Type-C</td>\n</tr>\n<tr>\n<td>Trọng lượng</td>\n<td>458g</td>\n</tr>\n<tr>\n<td>Quay phim</td>\n<td>4K@24/30/60fps, 1080p@30/60/120/240fps; gyro-EIS</td>\n</tr>\n<tr>\n<td>Độ ph&acirc;n giải</td>\n<td>2360 x 1640 Pixels</td>\n</tr>\n<tr>\n<td>ROM</td>\n<td>64 GB</td>\n</tr>\n<tr>\n<td>K&iacute;ch thước m&agrave;n h&igrave;nh</td>\n<td>10.9 inch</td>\n</tr>\n<tr>\n<td>T&iacute;nh năng camera</td>\n<td>Chụp h&igrave;nh g&oacute;c rộng, Chống rung EIS, Tự đ&ocirc;̣ng l&acirc;́y nét, HDR</td>\n</tr>\n<tr>\n<td>Video call</td>\n<td>Hỗ trợ VideoCall th&ocirc;ng qua ứng dụng</td>\n</tr>\n<tr>\n<td>Wifi</td>\n<td>Wi-Fi 802.11 a/b/g/n/ac/ax</td>\n</tr>\n<tr>\n<td>Xem phim</td>\n<td>C&oacute;</td>\n</tr>\n<tr>\n<td>SKU</td>\n<td>4574548326206</td>\n</tr>\n</tbody>\n</table>","Description":"<p>M&atilde; Part: ZA/A<br />C&ocirc;ng nghệ m&agrave;n h&igrave;nh: Liquid Retina<br />Độ ph&acirc;n giải: 2360 x 1640 Pixels<br />Kích thước màn hình: 10.9\"<br />Hệ điều h&agrave;nh: iPadOS 14<br />Loại CPU (Chipset): Apple A14 Bionic 6 nh&acirc;n<br />Camera sau: 12 MP<br />Camera trước: 7 MP<br />Pin: 28.6W lithium‑polymer, sạc nhanh 20W</p>\n<h5>iPad Air 10.9 Wi-Fi New 2020 &ndash; Chip A14 mạnh mẽ cho trải nghiệm ho&agrave;n hảo</h5>\n<p>Apple lu&ocirc;n khiến cho cộng đồng c&ocirc;ng nghệ đứng ngồi kh&ocirc;ng y&ecirc;n mỗi khi cho ra mắt những sản phẩm Tablet mới. Với mẫu&nbsp;<strong>iPad Air 10.9 Wi-Fi New 2020</strong>&nbsp;được dự kiến cho ra mắt năm 2020 sẽ mang những thay đổi về mặt thiết kế cũng như những t&iacute;nh năng mới được t&iacute;ch hợp để tối ưu h&oacute;a về hiệu năng, mang đến cho người d&ugrave;ng những trải nghiệm tốt hơn.</p>\n<p><img src=\"https://salt.tikicdn.com/ts/tmp/59/9b/38/58b41429f3d1ea6df9d69d2ca2f2026b.jpg\" alt=\"iPad Air 10.9 Wi-Fi 64GB New 2020 - H&agrave;ng Nhập Khẩu Ch&iacute;nh H&atilde;ng\" width=\"750\" height=\"642\" /></p>\n<h5>Thiết kế tinh tế, m&agrave;u sắc thời thượng với độ mỏng 6.1mm</h5>\n<p><strong>iPad Air 10.9 Wi-Fi New 2020</strong>&nbsp;sẽ c&oacute; thiết kế ho&agrave;n to&agrave;n mới với kiểu d&aacute;ng tương tự với iPad Pro 2020 nhưng với k&iacute;ch thước nhỏ gọn hơn 247.6 x 178.5 mm v&agrave; độ mỏng chỉ 6.1 mm c&ugrave;ng trọng lượng chưa đến 500g gi&uacute;p bạn dễ d&agrave;ng mang theo iPad để sử dụng ở bất cứ đ&acirc;u.</p>\n<p><img src=\"https://salt.tikicdn.com/ts/tmp/d6/ea/b4/424a9086e123882dd5ae75519942c6a1.jpg\" alt=\"iPad Air 10.9 Wi-Fi 64GB New 2020 - H&agrave;ng Nhập Khẩu Ch&iacute;nh H&atilde;ng\" width=\"750\" height=\"587\" /></p>\n<p>Thiết kế nguy&ecirc;n khối mang đến tổng thể sang trọng cho iPad Air 10.9 Wi-Fi New 2020 c&ugrave;ng với gam m&agrave;u mới thời thượng, n&uacute;t home được loại bỏ để tạo n&ecirc;n kh&ocirc;ng gian hiển thị rộng hơn.&nbsp;</p>\n<p><img src=\"https://salt.tikicdn.com/ts/tmp/2d/ef/c5/84001156b3d3bfc8d9c3b968113656fb.jpg\" alt=\"iPad Air 10.9 Wi-Fi 64GB New 2020 - H&agrave;ng Nhập Khẩu Ch&iacute;nh H&atilde;ng\" width=\"750\" height=\"623\" /></p>\n<p>Thiết kế của iPad Air 10.9 Wi-Fi New 2020 sẽ vu&ocirc;ng vắn hơn so với những d&ograve;ng iPad trước đ&acirc;y, c&aacute;c g&oacute;c cạnh được bo tr&ograve;n nhẹ nh&agrave;ng để tạo cảm gi&aacute;c mềm mại hơn cho tổng thể.</p>\n<p><img src=\"https://salt.tikicdn.com/ts/tmp/87/74/59/f4fe189c7e1de8454b1dfe6f6e3b4a23.jpg\" alt=\"iPad Air 10.9 Wi-Fi 64GB New 2020 - H&agrave;ng Nhập Khẩu Ch&iacute;nh H&atilde;ng\" width=\"750\" height=\"610\" /></p>\n<h5>M&agrave;n h&igrave;nh c&oacute; tần số qu&eacute;t 60Hz, tấm nền IPS LCD v&agrave; k&iacute;ch thước 10.9 inch</h5>\n<p>Để mang đến kh&ocirc;ng gian hiển thị tuyệt vời cho người d&ugrave;ng, Apple đ&atilde; trang bị m&agrave;n h&igrave;nh c&oacute; tần số qu&eacute;t đến 60Hz cho iPad Air 10.9 Wi-Fi New 2020, gi&uacute;p h&igrave;nh ảnh hiển thị mượt m&agrave;, c&aacute;c chuyển động h&igrave;nh ảnh trơn tru cũng như hạn chế t&igrave;nh trạng giật lag. Nhờ vậy bạn c&oacute; thể tận hưởng những thước phim ấn tượng, chơi game (đặc biệt l&agrave; những game c&oacute; g&oacute;c nh&igrave;n thứ nhất) một c&aacute;ch tuyệt vời nhất. Độ ph&acirc;n giải 2360 x 1640 pixels cho h&igrave;nh ảnh sắc n&eacute;t v&agrave; ch&acirc;n thực.</p>\n<p><img src=\"https://salt.tikicdn.com/ts/tmp/20/de/70/77f0240c254ff1b4ae74664abc0b0b2e.jpg\" alt=\"iPad Air 10.9 Wi-Fi 64GB New 2020 - H&agrave;ng Nhập Khẩu Ch&iacute;nh H&atilde;ng\" width=\"750\" height=\"530\" /></p>\n<p>Sử dụng tấm nền IPS LCD cho iPad Air 10.9 Wi-Fi New 2020 c&ugrave;ng với c&ocirc;ng nghệ True-Tone cho khả năng t&aacute;i tạo m&agrave;u sắc ch&iacute;nh x&aacute;c, gần với thực tế hỗ trợ cho c&ocirc;ng việc chỉnh sửa ảnh, video,&hellip;hiệu quả hơn. B&ecirc;n cạnh đ&oacute; m&agrave;n h&igrave;nh n&agrave;y c&ograve;n sở hữu độ s&aacute;ng 500 nits để h&igrave;nh ảnh lu&ocirc;n hiển thị tốt trong những điều kiện &aacute;nh s&aacute;ng kh&aacute;c nhau, gi&uacute;p bạn sử dụng iPad tốt ngay cả khi ở ngo&agrave;i trời.</p>\n<h5>Chip A14 cho sức mạnh ấn tượng v&agrave; bộ nhớ 128GB lưu trữ rộng r&atilde;i</h5>\n<p>Sức mạnh của m&aacute;y đến từ con chip A14 Bionic để mang đến tốc độ xử l&yacute; vượt trội hơn, nhanh ch&oacute;ng cho sức mạnh kh&ocirc;ng thua g&igrave; một chiếc PC. B&ecirc;n cạnh đ&oacute; c&ograve;n c&oacute; th&ocirc;ng tin iPad Air 10.9 Wi-Fi New 2020&nbsp;sẽ c&oacute; b&agrave;n ph&iacute;m Magic Keyboard ri&ecirc;ng để c&oacute; thể gi&uacute;p bạn biến chiếc m&aacute;y t&iacute;nh bảng của m&igrave;nh th&agrave;nh một chiếc laptop một c&aacute;ch nhanh ch&oacute;ng v&agrave; đơn giản.</p>\n<p><img src=\"https://salt.tikicdn.com/ts/tmp/3b/43/64/9f90695df79a92d59f8709c9bf35cfce.jpg\" alt=\"iPad Air 10.9 Wi-Fi 64GB New 2020 - H&agrave;ng Nhập Khẩu Ch&iacute;nh H&atilde;ng\" width=\"750\" height=\"443\" /></p>\n<p>Apple iPad Air 10.9 Wi-Fi New 2020 c&oacute; bộ nhớ 64GB tương đối rộng r&atilde;i để bạn c&oacute; thể lưu trữ được nhiều dữ liệu hơn, thoải m&aacute;i c&agrave;i đặt c&aacute;c ứng dụng, tr&ograve; chơi phục vụ cho nhu cầu sử dụng của bạn.</p>\n<h5>Hệ thống camera với cảm biến LiDAR hỗ trợ quay phim chất lượng 4K si&ecirc;u n&eacute;t</h5>\n<p>Một trong những sự cải tiến mới của iPad Air 10.9 Wi-Fi New 2020 ch&iacute;nh l&agrave; hệ thống camera với camera ch&iacute;nh g&oacute;c rộng 12MP c&ugrave;ng với cảm biến chiều s&acirc;u TOF 3D LiDAR hỗ trợ quay phim với chất lượng 4K cho h&igrave;nh ảnh cực kỳ sắc n&eacute;t v&agrave; sinh động. B&ecirc;n cạnh đ&oacute;, iPad cũng được hỗ trợ những t&iacute;nh năng chụp ảnh th&ocirc;ng minh như x&oacute;a ph&ocirc;ng, lấy n&eacute;t tự động,&hellip;cho ảnh chụp kh&ocirc;ng thua k&eacute;m bất kỳ thiết bị n&agrave;o.</p>\n<p><img src=\"https://salt.tikicdn.com/ts/tmp/19/29/d7/9486bb7236347842010ab9ef2dde68d0.jpg\" alt=\"iPad Air 10.9 Wi-Fi 64GB New 2020 - H&agrave;ng Nhập Khẩu Ch&iacute;nh H&atilde;ng\" width=\"750\" height=\"472\" /></p>\n<p>Camera trước c&oacute; cảm biến 7MP v&agrave; hỗ trợ quay phim 1080p, hỗ trợ video call chất lượng cao mang đến những trải nghiệm tuyệt vời cho người d&ugrave;ng. Bạn c&oacute; thể sử dụng iPad để quay lại vlog hằng ng&agrave;y thay cho một chiếc m&aacute;y quay, m&aacute;y ảnh v&agrave; chia sẻ ngay với bạn b&egrave;, người th&acirc;n,&hellip;v&ocirc; c&ugrave;ng tiện lợi.</p>\n<h5>Dung lượng pin lớn cho 10 giờ lướt web</h5>\n<p>Apple cũng đ&atilde; n&acirc;ng cấp dung lượng pin cho iPad Air 10.9 Wi-Fi New 2020 với dung lượng lớn, cho 10 giờ lướt web bằng wifi, 9 giờ sử dụng mạng di động. Mặc d&ugrave; dung lượng trước đ&acirc;y của những thế hệ iPad trước cũng đ&atilde; đ&aacute;p ứng rất tốt về thời lượng sử dụng ch&iacute;nh v&igrave; thế sự n&acirc;ng cấp n&agrave;y chắc chắn sẽ gi&uacute;p người d&ugrave;ng c&agrave;ng y&ecirc;n t&acirc;m hơn khi sử dụng thiết bị suốt cả ng&agrave;y d&agrave;i m&agrave; kh&ocirc;ng lo hết pin.</p>\n<p><img src=\"https://salt.tikicdn.com/ts/tmp/b0/bb/93/cd86a920f10974d3c3af4ba306baae33.jpg\" alt=\"iPad Air 10.9 Wi-Fi 64GB New 2020 - H&agrave;ng Nhập Khẩu Ch&iacute;nh H&atilde;ng\" width=\"750\" height=\"803\" /></p>\n<p>B&ecirc;n cạnh đ&oacute; Apple cũng t&iacute;ch hợp c&ocirc;ng nghệ sạc nhanh 20W cho iPad Air 10.9 Wi-Fi New 2020 để gi&uacute;p người d&ugrave;ng c&oacute; thể nạp năng lượng cho iPad nhanh ch&oacute;ng. Bạn c&oacute; thể sử dụng thiết bị của bạn li&ecirc;n tục v&agrave; nhanh nạp lại pin cho thiết bị, giải quyết nỗi lo lắng về pin iPad.</p>\n<p><img src=\"https://salt.tikicdn.com/ts/tmp/08/10/58/1421d2f373a3d118a5eb0d218fb12de0.jpg\" alt=\"iPad Air 10.9 Wi-Fi 64GB New 2020 - H&agrave;ng Nhập Khẩu Ch&iacute;nh H&atilde;ng\" width=\"750\" height=\"375\" /></p>\n<p>&nbsp;</p>\n<p>Gi&aacute; sản phẩm tr&ecirc;n Tiki đ&atilde; bao gồm thuế theo luật hiện h&agrave;nh. Tuy nhi&ecirc;n tuỳ v&agrave;o từng loại sản phẩm hoặc phương thức, địa chỉ giao h&agrave;ng m&agrave; c&oacute; thể ph&aacute;t sinh th&ecirc;m chi ph&iacute; kh&aacute;c như ph&iacute; vận chuyển, phụ ph&iacute; h&agrave;ng cồng kềnh, ...</p>","CategoryID":"71b43f31-30ce-40f8-9d09-7cfb8276c7eb","Category":null,"Discount":18,"Quanlity":96,"Image":"[\"https://firebasestorage.googleapis.com/v0/b/duanimage-50853.appspot.com/o/images%2Ff82a7ce86c8b49bfe9797bfc0adf85cc.jpg?alt=media&token=7fdfa838-51cd-42da-bbd5-69706e535fc8\",\"https://firebasestorage.googleapis.com/v0/b/duanimage-50853.appspot.com/o/images%2F1cda272052fbd4743268694f7a8cb021.jpg?alt=media&token=6e66fb5e-fd7b-49e3-bc59-16f8ba340218\",\"https://firebasestorage.googleapis.com/v0/b/duanimage-50853.appspot.com/o/images%2F03513d8545b25aef3980d2b72f0266a0.jpg?alt=media&token=98773887-0816-4b17-a253-4e03582ebb0d\",\"https://firebasestorage.googleapis.com/v0/b/duanimage-50853.appspot.com/o/images%2Ffc78304d937382dd87e5e1385c665172.jpg?alt=media&token=2633c2f2-5768-40e6-b017-81f325901e24\",\"https://firebasestorage.googleapis.com/v0/b/duanimage-50853.appspot.com/o/images%2F80d146eb7aeec8604dfa143e4212bb53.jpg?alt=media&token=6954755d-f2ae-47a8-9ec2-fc352cf5b536\"]","Images":["https://firebasestorage.googleapis.com/v0/b/duanimage-50853.appspot.com/o/images%2Ff82a7ce86c8b49bfe9797bfc0adf85cc.jpg?alt=media&token=7fdfa838-51cd-42da-bbd5-69706e535fc8","https://firebasestorage.googleapis.com/v0/b/duanimage-50853.appspot.com/o/images%2F1cda272052fbd4743268694f7a8cb021.jpg?alt=media&token=6e66fb5e-fd7b-49e3-bc59-16f8ba340218","https://firebasestorage.googleapis.com/v0/b/duanimage-50853.appspot.com/o/images%2F03513d8545b25aef3980d2b72f0266a0.jpg?alt=media&token=98773887-0816-4b17-a253-4e03582ebb0d","https://firebasestorage.googleapis.com/v0/b/duanimage-50853.appspot.com/o/images%2Ffc78304d937382dd87e5e1385c665172.jpg?alt=media&token=2633c2f2-5768-40e6-b017-81f325901e24","https://firebasestorage.googleapis.com/v0/b/duanimage-50853.appspot.com/o/images%2F80d146eb7aeec8604dfa143e4212bb53.jpg?alt=media&token=6954755d-f2ae-47a8-9ec2-fc352cf5b536"],"AddedTime":"2021-06-09T22:34:15","LastModify":"2021-06-09T22:34:15","StoreID":"756beya9-79b2-4001-a942-08b209244e79","Store":null,"SoldQuanlity":0,"RatingsCount":1,"Ratings":null,"Star":5.0}},{"ID":"59ec49b8-a4db-40b2-a722-28495d02d9d6","BuyerID":"87660958-cf24-4b94-9eca-2cec66a711d3","ProductID":"087621c0-e1ed-4ded-a2b6-610dadbef060","AddedTime":"2021-06-10T13:49:53","Status":null,"Quantity":1,"Product":{"ID":"087621c0-e1ed-4ded-a2b6-610dadbef060","Name":"Điện thoại Xiaomi Redmi 8 (4GB/64GB) - Hàng Chính Hãng","Price":2990000,"Color":"Đen","Size":"ss","Detail":"<p>co cai lll</p>","Description":"<p>asdasda</p>","CategoryID":"4d309a66-5958-455f-94c2-3223cc12c615","Category":null,"Discount":5,"Quanlity":31,"Image":"[\"https://salt.tikicdn.com/cache/w1200/ts/product/14/71/dc/4eaa1c5b79e21195b85614288eff4ab5.png\",\"https://vcdn.tikicdn.com/ts/review/ee/aa/23/355b972924f50c87a29c8c8cb715990d.jpg\",\"https://firebasestorage.googleapis.com/v0/b/duanimage-50853.appspot.com/o/images%2Fimage%202.png?alt=media&token=26c1280f-16a7-4b2f-8da6-fb3db4fb34ff\",\"https://firebasestorage.googleapis.com/v0/b/duanimage-50853.appspot.com/o/images%2Fimage%201%20(2).png?alt=media&token=d4cf0a15-565c-422e-8ad6-4ef46e9412d0\",\"https://firebasestorage.googleapis.com/v0/b/duanimage-50853.appspot.com/o/images%2Fth%C6%B0%C6%A1ng-m%E1%BA%A1i-%C4%91i%E1%BB%87n-t%E1%BB%AD.jpg?alt=media&token=ad52525a-f7ff-440c-b381-3172d116f728\"]","Images":["https://salt.tikicdn.com/cache/w1200/ts/product/14/71/dc/4eaa1c5b79e21195b85614288eff4ab5.png","https://vcdn.tikicdn.com/ts/review/ee/aa/23/355b972924f50c87a29c8c8cb715990d.jpg","https://firebasestorage.googleapis.com/v0/b/duanimage-50853.appspot.com/o/images%2Fimage%202.png?alt=media&token=26c1280f-16a7-4b2f-8da6-fb3db4fb34ff","https://firebasestorage.googleapis.com/v0/b/duanimage-50853.appspot.com/o/images%2Fimage%201%20(2).png?alt=media&token=d4cf0a15-565c-422e-8ad6-4ef46e9412d0","https://firebasestorage.googleapis.com/v0/b/duanimage-50853.appspot.com/o/images%2Fth%C6%B0%C6%A1ng-m%E1%BA%A1i-%C4%91i%E1%BB%87n-t%E1%BB%AD.jpg?alt=media&token=ad52525a-f7ff-440c-b381-3172d116f728"],"AddedTime":"2021-04-06T00:00:00","LastModify":"2021-06-08T10:01:34","StoreID":"336be9a9-b9b2-4511-a942-08b20d244e79","Store":null,"SoldQuanlity":10,"RatingsCount":8,"Ratings":null,"Star":4.76}}]',17592300,'2021-06-10 13:50:12.000','2021-06-10 13:51:21.000',1,N'3ac62180-79b1-41b4-a4b8-0cba6364e57e',N'88888888-8888-8888-8888-888888888888',N'["f5d20757-c541-4422-bb97-c8bdc7389fbf","087621c0-e1ed-4ded-a2b6-610dadbef060"]'),
	 (N'8c2cca88-0b7f-4add-b18e-8812735a7668',N'87660958-cf24-4b94-9eca-2cec66a711d3',N'[{"ID":"2feb3ddc-9d3c-40dd-ab06-d33b34692647","BuyerID":"87660958-cf24-4b94-9eca-2cec66a711d3","ProductID":"f5d20757-c541-4422-bb97-c8bdc7389fbf","AddedTime":"2021-06-10T14:35:10","Status":null,"Quantity":1,"Product":{"ID":"f5d20757-c541-4422-bb97-c8bdc7389fbf","Name":"iPad Air 10.9 Wi-Fi 64GB New 2020 - Hàng Chính Hãng","Price":17990000,"Color":"Đen","Size":"247.6 x 178.5 x 6.1 mm","Detail":"<table>\n<tbody>\n<tr>\n<td>Bluetooth</td>\n<td>A2DP, EDR, 5.0</td>\n</tr>\n<tr>\n<td>Thương hiệu</td>\n<td>Apple</td>\n</tr>\n<tr>\n<td>Xuất xứ thương hiệu</td>\n<td>Mỹ</td>\n</tr>\n<tr>\n<td>Camera sau</td>\n<td>12 MP</td>\n</tr>\n<tr>\n<td>Camera trước</td>\n<td>7MP</td>\n</tr>\n<tr>\n<td>Chip đồ họa (GPU)</td>\n<td>Apple GPU 6 nh&acirc;n</td>\n</tr>\n<tr>\n<td>Chức năng kh&aacute;c</td>\n<td>Mở kh&oacute;a bằng v&acirc;n tay</td>\n</tr>\n<tr>\n<td>K&iacute;ch thước</td>\n<td>247.6 x 178.5 x 6.1 mm</td>\n</tr>\n<tr>\n<td>Phụ kiện đi k&egrave;m</td>\n<td>C&aacute;p, sạc, s&aacute;ch hướng dẫn</td>\n</tr>\n<tr>\n<td>Model</td>\n<td>ipad Air 2020</td>\n</tr>\n<tr>\n<td>Jack tai nghe</td>\n<td>USB Type-C</td>\n</tr>\n<tr>\n<td>Nghe nhạc</td>\n<td>C&oacute;</td>\n</tr>\n<tr>\n<td>Xuất xứ</td>\n<td>Trung Quốc</td>\n</tr>\n<tr>\n<td>Cổng sạc</td>\n<td>USB Type-C</td>\n</tr>\n<tr>\n<td>Trọng lượng</td>\n<td>458g</td>\n</tr>\n<tr>\n<td>Quay phim</td>\n<td>4K@24/30/60fps, 1080p@30/60/120/240fps; gyro-EIS</td>\n</tr>\n<tr>\n<td>Độ ph&acirc;n giải</td>\n<td>2360 x 1640 Pixels</td>\n</tr>\n<tr>\n<td>ROM</td>\n<td>64 GB</td>\n</tr>\n<tr>\n<td>K&iacute;ch thước m&agrave;n h&igrave;nh</td>\n<td>10.9 inch</td>\n</tr>\n<tr>\n<td>T&iacute;nh năng camera</td>\n<td>Chụp h&igrave;nh g&oacute;c rộng, Chống rung EIS, Tự đ&ocirc;̣ng l&acirc;́y nét, HDR</td>\n</tr>\n<tr>\n<td>Video call</td>\n<td>Hỗ trợ VideoCall th&ocirc;ng qua ứng dụng</td>\n</tr>\n<tr>\n<td>Wifi</td>\n<td>Wi-Fi 802.11 a/b/g/n/ac/ax</td>\n</tr>\n<tr>\n<td>Xem phim</td>\n<td>C&oacute;</td>\n</tr>\n<tr>\n<td>SKU</td>\n<td>4574548326206</td>\n</tr>\n</tbody>\n</table>","Description":"<p>M&atilde; Part: ZA/A<br />C&ocirc;ng nghệ m&agrave;n h&igrave;nh: Liquid Retina<br />Độ ph&acirc;n giải: 2360 x 1640 Pixels<br />Kích thước màn hình: 10.9\"<br />Hệ điều h&agrave;nh: iPadOS 14<br />Loại CPU (Chipset): Apple A14 Bionic 6 nh&acirc;n<br />Camera sau: 12 MP<br />Camera trước: 7 MP<br />Pin: 28.6W lithium‑polymer, sạc nhanh 20W</p>\n<h5>iPad Air 10.9 Wi-Fi New 2020 &ndash; Chip A14 mạnh mẽ cho trải nghiệm ho&agrave;n hảo</h5>\n<p>Apple lu&ocirc;n khiến cho cộng đồng c&ocirc;ng nghệ đứng ngồi kh&ocirc;ng y&ecirc;n mỗi khi cho ra mắt những sản phẩm Tablet mới. Với mẫu&nbsp;<strong>iPad Air 10.9 Wi-Fi New 2020</strong>&nbsp;được dự kiến cho ra mắt năm 2020 sẽ mang những thay đổi về mặt thiết kế cũng như những t&iacute;nh năng mới được t&iacute;ch hợp để tối ưu h&oacute;a về hiệu năng, mang đến cho người d&ugrave;ng những trải nghiệm tốt hơn.</p>\n<p><img src=\"https://salt.tikicdn.com/ts/tmp/59/9b/38/58b41429f3d1ea6df9d69d2ca2f2026b.jpg\" alt=\"iPad Air 10.9 Wi-Fi 64GB New 2020 - H&agrave;ng Nhập Khẩu Ch&iacute;nh H&atilde;ng\" width=\"750\" height=\"642\" /></p>\n<h5>Thiết kế tinh tế, m&agrave;u sắc thời thượng với độ mỏng 6.1mm</h5>\n<p><strong>iPad Air 10.9 Wi-Fi New 2020</strong>&nbsp;sẽ c&oacute; thiết kế ho&agrave;n to&agrave;n mới với kiểu d&aacute;ng tương tự với iPad Pro 2020 nhưng với k&iacute;ch thước nhỏ gọn hơn 247.6 x 178.5 mm v&agrave; độ mỏng chỉ 6.1 mm c&ugrave;ng trọng lượng chưa đến 500g gi&uacute;p bạn dễ d&agrave;ng mang theo iPad để sử dụng ở bất cứ đ&acirc;u.</p>\n<p><img src=\"https://salt.tikicdn.com/ts/tmp/d6/ea/b4/424a9086e123882dd5ae75519942c6a1.jpg\" alt=\"iPad Air 10.9 Wi-Fi 64GB New 2020 - H&agrave;ng Nhập Khẩu Ch&iacute;nh H&atilde;ng\" width=\"750\" height=\"587\" /></p>\n<p>Thiết kế nguy&ecirc;n khối mang đến tổng thể sang trọng cho iPad Air 10.9 Wi-Fi New 2020 c&ugrave;ng với gam m&agrave;u mới thời thượng, n&uacute;t home được loại bỏ để tạo n&ecirc;n kh&ocirc;ng gian hiển thị rộng hơn.&nbsp;</p>\n<p><img src=\"https://salt.tikicdn.com/ts/tmp/2d/ef/c5/84001156b3d3bfc8d9c3b968113656fb.jpg\" alt=\"iPad Air 10.9 Wi-Fi 64GB New 2020 - H&agrave;ng Nhập Khẩu Ch&iacute;nh H&atilde;ng\" width=\"750\" height=\"623\" /></p>\n<p>Thiết kế của iPad Air 10.9 Wi-Fi New 2020 sẽ vu&ocirc;ng vắn hơn so với những d&ograve;ng iPad trước đ&acirc;y, c&aacute;c g&oacute;c cạnh được bo tr&ograve;n nhẹ nh&agrave;ng để tạo cảm gi&aacute;c mềm mại hơn cho tổng thể.</p>\n<p><img src=\"https://salt.tikicdn.com/ts/tmp/87/74/59/f4fe189c7e1de8454b1dfe6f6e3b4a23.jpg\" alt=\"iPad Air 10.9 Wi-Fi 64GB New 2020 - H&agrave;ng Nhập Khẩu Ch&iacute;nh H&atilde;ng\" width=\"750\" height=\"610\" /></p>\n<h5>M&agrave;n h&igrave;nh c&oacute; tần số qu&eacute;t 60Hz, tấm nền IPS LCD v&agrave; k&iacute;ch thước 10.9 inch</h5>\n<p>Để mang đến kh&ocirc;ng gian hiển thị tuyệt vời cho người d&ugrave;ng, Apple đ&atilde; trang bị m&agrave;n h&igrave;nh c&oacute; tần số qu&eacute;t đến 60Hz cho iPad Air 10.9 Wi-Fi New 2020, gi&uacute;p h&igrave;nh ảnh hiển thị mượt m&agrave;, c&aacute;c chuyển động h&igrave;nh ảnh trơn tru cũng như hạn chế t&igrave;nh trạng giật lag. Nhờ vậy bạn c&oacute; thể tận hưởng những thước phim ấn tượng, chơi game (đặc biệt l&agrave; những game c&oacute; g&oacute;c nh&igrave;n thứ nhất) một c&aacute;ch tuyệt vời nhất. Độ ph&acirc;n giải 2360 x 1640 pixels cho h&igrave;nh ảnh sắc n&eacute;t v&agrave; ch&acirc;n thực.</p>\n<p><img src=\"https://salt.tikicdn.com/ts/tmp/20/de/70/77f0240c254ff1b4ae74664abc0b0b2e.jpg\" alt=\"iPad Air 10.9 Wi-Fi 64GB New 2020 - H&agrave;ng Nhập Khẩu Ch&iacute;nh H&atilde;ng\" width=\"750\" height=\"530\" /></p>\n<p>Sử dụng tấm nền IPS LCD cho iPad Air 10.9 Wi-Fi New 2020 c&ugrave;ng với c&ocirc;ng nghệ True-Tone cho khả năng t&aacute;i tạo m&agrave;u sắc ch&iacute;nh x&aacute;c, gần với thực tế hỗ trợ cho c&ocirc;ng việc chỉnh sửa ảnh, video,&hellip;hiệu quả hơn. B&ecirc;n cạnh đ&oacute; m&agrave;n h&igrave;nh n&agrave;y c&ograve;n sở hữu độ s&aacute;ng 500 nits để h&igrave;nh ảnh lu&ocirc;n hiển thị tốt trong những điều kiện &aacute;nh s&aacute;ng kh&aacute;c nhau, gi&uacute;p bạn sử dụng iPad tốt ngay cả khi ở ngo&agrave;i trời.</p>\n<h5>Chip A14 cho sức mạnh ấn tượng v&agrave; bộ nhớ 128GB lưu trữ rộng r&atilde;i</h5>\n<p>Sức mạnh của m&aacute;y đến từ con chip A14 Bionic để mang đến tốc độ xử l&yacute; vượt trội hơn, nhanh ch&oacute;ng cho sức mạnh kh&ocirc;ng thua g&igrave; một chiếc PC. B&ecirc;n cạnh đ&oacute; c&ograve;n c&oacute; th&ocirc;ng tin iPad Air 10.9 Wi-Fi New 2020&nbsp;sẽ c&oacute; b&agrave;n ph&iacute;m Magic Keyboard ri&ecirc;ng để c&oacute; thể gi&uacute;p bạn biến chiếc m&aacute;y t&iacute;nh bảng của m&igrave;nh th&agrave;nh một chiếc laptop một c&aacute;ch nhanh ch&oacute;ng v&agrave; đơn giản.</p>\n<p><img src=\"https://salt.tikicdn.com/ts/tmp/3b/43/64/9f90695df79a92d59f8709c9bf35cfce.jpg\" alt=\"iPad Air 10.9 Wi-Fi 64GB New 2020 - H&agrave;ng Nhập Khẩu Ch&iacute;nh H&atilde;ng\" width=\"750\" height=\"443\" /></p>\n<p>Apple iPad Air 10.9 Wi-Fi New 2020 c&oacute; bộ nhớ 64GB tương đối rộng r&atilde;i để bạn c&oacute; thể lưu trữ được nhiều dữ liệu hơn, thoải m&aacute;i c&agrave;i đặt c&aacute;c ứng dụng, tr&ograve; chơi phục vụ cho nhu cầu sử dụng của bạn.</p>\n<h5>Hệ thống camera với cảm biến LiDAR hỗ trợ quay phim chất lượng 4K si&ecirc;u n&eacute;t</h5>\n<p>Một trong những sự cải tiến mới của iPad Air 10.9 Wi-Fi New 2020 ch&iacute;nh l&agrave; hệ thống camera với camera ch&iacute;nh g&oacute;c rộng 12MP c&ugrave;ng với cảm biến chiều s&acirc;u TOF 3D LiDAR hỗ trợ quay phim với chất lượng 4K cho h&igrave;nh ảnh cực kỳ sắc n&eacute;t v&agrave; sinh động. B&ecirc;n cạnh đ&oacute;, iPad cũng được hỗ trợ những t&iacute;nh năng chụp ảnh th&ocirc;ng minh như x&oacute;a ph&ocirc;ng, lấy n&eacute;t tự động,&hellip;cho ảnh chụp kh&ocirc;ng thua k&eacute;m bất kỳ thiết bị n&agrave;o.</p>\n<p><img src=\"https://salt.tikicdn.com/ts/tmp/19/29/d7/9486bb7236347842010ab9ef2dde68d0.jpg\" alt=\"iPad Air 10.9 Wi-Fi 64GB New 2020 - H&agrave;ng Nhập Khẩu Ch&iacute;nh H&atilde;ng\" width=\"750\" height=\"472\" /></p>\n<p>Camera trước c&oacute; cảm biến 7MP v&agrave; hỗ trợ quay phim 1080p, hỗ trợ video call chất lượng cao mang đến những trải nghiệm tuyệt vời cho người d&ugrave;ng. Bạn c&oacute; thể sử dụng iPad để quay lại vlog hằng ng&agrave;y thay cho một chiếc m&aacute;y quay, m&aacute;y ảnh v&agrave; chia sẻ ngay với bạn b&egrave;, người th&acirc;n,&hellip;v&ocirc; c&ugrave;ng tiện lợi.</p>\n<h5>Dung lượng pin lớn cho 10 giờ lướt web</h5>\n<p>Apple cũng đ&atilde; n&acirc;ng cấp dung lượng pin cho iPad Air 10.9 Wi-Fi New 2020 với dung lượng lớn, cho 10 giờ lướt web bằng wifi, 9 giờ sử dụng mạng di động. Mặc d&ugrave; dung lượng trước đ&acirc;y của những thế hệ iPad trước cũng đ&atilde; đ&aacute;p ứng rất tốt về thời lượng sử dụng ch&iacute;nh v&igrave; thế sự n&acirc;ng cấp n&agrave;y chắc chắn sẽ gi&uacute;p người d&ugrave;ng c&agrave;ng y&ecirc;n t&acirc;m hơn khi sử dụng thiết bị suốt cả ng&agrave;y d&agrave;i m&agrave; kh&ocirc;ng lo hết pin.</p>\n<p><img src=\"https://salt.tikicdn.com/ts/tmp/b0/bb/93/cd86a920f10974d3c3af4ba306baae33.jpg\" alt=\"iPad Air 10.9 Wi-Fi 64GB New 2020 - H&agrave;ng Nhập Khẩu Ch&iacute;nh H&atilde;ng\" width=\"750\" height=\"803\" /></p>\n<p>B&ecirc;n cạnh đ&oacute; Apple cũng t&iacute;ch hợp c&ocirc;ng nghệ sạc nhanh 20W cho iPad Air 10.9 Wi-Fi New 2020 để gi&uacute;p người d&ugrave;ng c&oacute; thể nạp năng lượng cho iPad nhanh ch&oacute;ng. Bạn c&oacute; thể sử dụng thiết bị của bạn li&ecirc;n tục v&agrave; nhanh nạp lại pin cho thiết bị, giải quyết nỗi lo lắng về pin iPad.</p>\n<p><img src=\"https://salt.tikicdn.com/ts/tmp/08/10/58/1421d2f373a3d118a5eb0d218fb12de0.jpg\" alt=\"iPad Air 10.9 Wi-Fi 64GB New 2020 - H&agrave;ng Nhập Khẩu Ch&iacute;nh H&atilde;ng\" width=\"750\" height=\"375\" /></p>\n<p>&nbsp;</p>\n<p>Gi&aacute; sản phẩm tr&ecirc;n Tiki đ&atilde; bao gồm thuế theo luật hiện h&agrave;nh. Tuy nhi&ecirc;n tuỳ v&agrave;o từng loại sản phẩm hoặc phương thức, địa chỉ giao h&agrave;ng m&agrave; c&oacute; thể ph&aacute;t sinh th&ecirc;m chi ph&iacute; kh&aacute;c như ph&iacute; vận chuyển, phụ ph&iacute; h&agrave;ng cồng kềnh, ...</p>","CategoryID":"71b43f31-30ce-40f8-9d09-7cfb8276c7eb","Category":null,"Discount":18,"Quanlity":94,"Image":"[\"https://firebasestorage.googleapis.com/v0/b/duanimage-50853.appspot.com/o/images%2Ff82a7ce86c8b49bfe9797bfc0adf85cc.jpg?alt=media&token=7fdfa838-51cd-42da-bbd5-69706e535fc8\",\"https://firebasestorage.googleapis.com/v0/b/duanimage-50853.appspot.com/o/images%2F1cda272052fbd4743268694f7a8cb021.jpg?alt=media&token=6e66fb5e-fd7b-49e3-bc59-16f8ba340218\",\"https://firebasestorage.googleapis.com/v0/b/duanimage-50853.appspot.com/o/images%2F03513d8545b25aef3980d2b72f0266a0.jpg?alt=media&token=98773887-0816-4b17-a253-4e03582ebb0d\",\"https://firebasestorage.googleapis.com/v0/b/duanimage-50853.appspot.com/o/images%2Ffc78304d937382dd87e5e1385c665172.jpg?alt=media&token=2633c2f2-5768-40e6-b017-81f325901e24\",\"https://firebasestorage.googleapis.com/v0/b/duanimage-50853.appspot.com/o/images%2F80d146eb7aeec8604dfa143e4212bb53.jpg?alt=media&token=6954755d-f2ae-47a8-9ec2-fc352cf5b536\"]","Images":["https://firebasestorage.googleapis.com/v0/b/duanimage-50853.appspot.com/o/images%2Ff82a7ce86c8b49bfe9797bfc0adf85cc.jpg?alt=media&token=7fdfa838-51cd-42da-bbd5-69706e535fc8","https://firebasestorage.googleapis.com/v0/b/duanimage-50853.appspot.com/o/images%2F1cda272052fbd4743268694f7a8cb021.jpg?alt=media&token=6e66fb5e-fd7b-49e3-bc59-16f8ba340218","https://firebasestorage.googleapis.com/v0/b/duanimage-50853.appspot.com/o/images%2F03513d8545b25aef3980d2b72f0266a0.jpg?alt=media&token=98773887-0816-4b17-a253-4e03582ebb0d","https://firebasestorage.googleapis.com/v0/b/duanimage-50853.appspot.com/o/images%2Ffc78304d937382dd87e5e1385c665172.jpg?alt=media&token=2633c2f2-5768-40e6-b017-81f325901e24","https://firebasestorage.googleapis.com/v0/b/duanimage-50853.appspot.com/o/images%2F80d146eb7aeec8604dfa143e4212bb53.jpg?alt=media&token=6954755d-f2ae-47a8-9ec2-fc352cf5b536"],"AddedTime":"2021-06-09T22:34:15","LastModify":"2021-06-09T22:34:15","StoreID":"756beya9-79b2-4001-a942-08b209244e79","Store":null,"SoldQuanlity":0,"RatingsCount":1,"Ratings":null,"Star":5.0}},{"ID":"58201150-d50a-4f2e-bd3e-9f733492f721","BuyerID":"87660958-cf24-4b94-9eca-2cec66a711d3","ProductID":"087621c0-e1ed-4ded-a2b6-610dadbef060","AddedTime":"2021-06-10T14:34:53","Status":null,"Quantity":1,"Product":{"ID":"087621c0-e1ed-4ded-a2b6-610dadbef060","Name":"Điện thoại Xiaomi Redmi 8 (4GB/64GB) - Hàng Chính Hãng","Price":2990000,"Color":"Đen","Size":"ss","Detail":"<p>co cai lll</p>","Description":"<p>asdasda</p>","CategoryID":"4d309a66-5958-455f-94c2-3223cc12c615","Category":null,"Discount":5,"Quanlity":28,"Image":"[\"https://salt.tikicdn.com/cache/w1200/ts/product/14/71/dc/4eaa1c5b79e21195b85614288eff4ab5.png\",\"https://vcdn.tikicdn.com/ts/review/ee/aa/23/355b972924f50c87a29c8c8cb715990d.jpg\",\"https://firebasestorage.googleapis.com/v0/b/duanimage-50853.appspot.com/o/images%2Fimage%202.png?alt=media&token=26c1280f-16a7-4b2f-8da6-fb3db4fb34ff\",\"https://firebasestorage.googleapis.com/v0/b/duanimage-50853.appspot.com/o/images%2Fimage%201%20(2).png?alt=media&token=d4cf0a15-565c-422e-8ad6-4ef46e9412d0\",\"https://firebasestorage.googleapis.com/v0/b/duanimage-50853.appspot.com/o/images%2Fth%C6%B0%C6%A1ng-m%E1%BA%A1i-%C4%91i%E1%BB%87n-t%E1%BB%AD.jpg?alt=media&token=ad52525a-f7ff-440c-b381-3172d116f728\"]","Images":["https://salt.tikicdn.com/cache/w1200/ts/product/14/71/dc/4eaa1c5b79e21195b85614288eff4ab5.png","https://vcdn.tikicdn.com/ts/review/ee/aa/23/355b972924f50c87a29c8c8cb715990d.jpg","https://firebasestorage.googleapis.com/v0/b/duanimage-50853.appspot.com/o/images%2Fimage%202.png?alt=media&token=26c1280f-16a7-4b2f-8da6-fb3db4fb34ff","https://firebasestorage.googleapis.com/v0/b/duanimage-50853.appspot.com/o/images%2Fimage%201%20(2).png?alt=media&token=d4cf0a15-565c-422e-8ad6-4ef46e9412d0","https://firebasestorage.googleapis.com/v0/b/duanimage-50853.appspot.com/o/images%2Fth%C6%B0%C6%A1ng-m%E1%BA%A1i-%C4%91i%E1%BB%87n-t%E1%BB%AD.jpg?alt=media&token=ad52525a-f7ff-440c-b381-3172d116f728"],"AddedTime":"2021-04-06T00:00:00","LastModify":"2021-06-08T10:01:34","StoreID":"336be9a9-b9b2-4511-a942-08b20d244e79","Store":null,"SoldQuanlity":10,"RatingsCount":8,"Ratings":null,"Star":4.76}}]',17592300,'2021-06-10 14:35:17.000','2021-06-10 15:07:53.000',1,N'3ac62180-79b1-41b4-a4b8-0cba6364e57e',N'88888888-8888-8888-8888-888888888888',N'["087621c0-e1ed-4ded-a2b6-610dadbef060","f5d20757-c541-4422-bb97-c8bdc7389fbf"]'),
	 (N'a2fa8e3d-e9fc-4d38-b5fb-e4ea6e7b6c8c',N'aca06373-1efe-4da9-82eb-b66fe7185754',N'[{"ID":"82edfa37-2cd7-41b3-9a46-41c769784e9c","BuyerID":"aca06373-1efe-4da9-82eb-b66fe7185754","ProductID":"087621c0-e1ed-4ded-a2b6-610dadbef060","AddedTime":"2021-06-11T09:08:15","Status":null,"Quantity":1,"Product":{"ID":"087621c0-e1ed-4ded-a2b6-610dadbef060","Name":"Điện thoại Xiaomi Redmi 8 (4GB/64GB) - Hàng Chính Hãng","Price":2990000,"Color":"Đen","Size":"ss","Detail":"<p>co cai lll</p>","Description":"<p>asdasda</p>","CategoryID":"4d309a66-5958-455f-94c2-3223cc12c615","Category":null,"Discount":5,"Quanlity":23,"Image":"[\"https://salt.tikicdn.com/cache/w1200/ts/product/14/71/dc/4eaa1c5b79e21195b85614288eff4ab5.png\",\"https://vcdn.tikicdn.com/ts/review/ee/aa/23/355b972924f50c87a29c8c8cb715990d.jpg\",\"https://firebasestorage.googleapis.com/v0/b/duanimage-50853.appspot.com/o/images%2Fimage%202.png?alt=media&token=26c1280f-16a7-4b2f-8da6-fb3db4fb34ff\",\"https://firebasestorage.googleapis.com/v0/b/duanimage-50853.appspot.com/o/images%2Fimage%201%20(2).png?alt=media&token=d4cf0a15-565c-422e-8ad6-4ef46e9412d0\",\"https://firebasestorage.googleapis.com/v0/b/duanimage-50853.appspot.com/o/images%2Fth%C6%B0%C6%A1ng-m%E1%BA%A1i-%C4%91i%E1%BB%87n-t%E1%BB%AD.jpg?alt=media&token=ad52525a-f7ff-440c-b381-3172d116f728\"]","Images":["https://salt.tikicdn.com/cache/w1200/ts/product/14/71/dc/4eaa1c5b79e21195b85614288eff4ab5.png","https://vcdn.tikicdn.com/ts/review/ee/aa/23/355b972924f50c87a29c8c8cb715990d.jpg","https://firebasestorage.googleapis.com/v0/b/duanimage-50853.appspot.com/o/images%2Fimage%202.png?alt=media&token=26c1280f-16a7-4b2f-8da6-fb3db4fb34ff","https://firebasestorage.googleapis.com/v0/b/duanimage-50853.appspot.com/o/images%2Fimage%201%20(2).png?alt=media&token=d4cf0a15-565c-422e-8ad6-4ef46e9412d0","https://firebasestorage.googleapis.com/v0/b/duanimage-50853.appspot.com/o/images%2Fth%C6%B0%C6%A1ng-m%E1%BA%A1i-%C4%91i%E1%BB%87n-t%E1%BB%AD.jpg?alt=media&token=ad52525a-f7ff-440c-b381-3172d116f728"],"AddedTime":"2021-04-06T00:00:00","LastModify":"2021-06-08T10:01:34","StoreID":"336be9a9-b9b2-4511-a942-08b20d244e79","Store":null,"SoldQuanlity":10,"RatingsCount":8,"Ratings":null,"Star":4.76}}]',2840500,'2021-06-11 09:08:18.000','2021-06-11 09:08:29.000',1,N'c0954f77-0972-4c2d-8d40-acbc0bf360eb',N'88888888-8888-8888-8888-888888888888',N'["087621c0-e1ed-4ded-a2b6-610dadbef060"]'),
	 (N'd0d8af09-67a5-47cf-b916-d21d235aec3b',N'a0a12e57-31d4-4532-8906-ec7768d4fcc3',N'[{"ID":"4cdbd813-50c7-4896-82e3-04bb1d233051","BuyerID":"a0a12e57-31d4-4532-8906-ec7768d4fcc3","ProductID":"087621c0-e1ed-4ded-a2b6-610dadbef060","AddedTime":"2021-06-11T09:25:53","Status":null,"Quantity":1,"Product":{"ID":"087621c0-e1ed-4ded-a2b6-610dadbef060","Name":"Điện thoại Xiaomi Redmi 8 (4GB/64GB) - Hàng Chính Hãng","Price":2990000,"Color":"Đen","Size":"ss","Detail":"<p>co cai lll</p>","Description":"<p>asdasda</p>","CategoryID":"4d309a66-5958-455f-94c2-3223cc12c615","Category":null,"Discount":5,"Quanlity":22,"Image":"[\"https://salt.tikicdn.com/cache/w1200/ts/product/14/71/dc/4eaa1c5b79e21195b85614288eff4ab5.png\",\"https://vcdn.tikicdn.com/ts/review/ee/aa/23/355b972924f50c87a29c8c8cb715990d.jpg\",\"https://firebasestorage.googleapis.com/v0/b/duanimage-50853.appspot.com/o/images%2Fimage%202.png?alt=media&token=26c1280f-16a7-4b2f-8da6-fb3db4fb34ff\",\"https://firebasestorage.googleapis.com/v0/b/duanimage-50853.appspot.com/o/images%2Fimage%201%20(2).png?alt=media&token=d4cf0a15-565c-422e-8ad6-4ef46e9412d0\",\"https://firebasestorage.googleapis.com/v0/b/duanimage-50853.appspot.com/o/images%2Fth%C6%B0%C6%A1ng-m%E1%BA%A1i-%C4%91i%E1%BB%87n-t%E1%BB%AD.jpg?alt=media&token=ad52525a-f7ff-440c-b381-3172d116f728\"]","Images":["https://salt.tikicdn.com/cache/w1200/ts/product/14/71/dc/4eaa1c5b79e21195b85614288eff4ab5.png","https://vcdn.tikicdn.com/ts/review/ee/aa/23/355b972924f50c87a29c8c8cb715990d.jpg","https://firebasestorage.googleapis.com/v0/b/duanimage-50853.appspot.com/o/images%2Fimage%202.png?alt=media&token=26c1280f-16a7-4b2f-8da6-fb3db4fb34ff","https://firebasestorage.googleapis.com/v0/b/duanimage-50853.appspot.com/o/images%2Fimage%201%20(2).png?alt=media&token=d4cf0a15-565c-422e-8ad6-4ef46e9412d0","https://firebasestorage.googleapis.com/v0/b/duanimage-50853.appspot.com/o/images%2Fth%C6%B0%C6%A1ng-m%E1%BA%A1i-%C4%91i%E1%BB%87n-t%E1%BB%AD.jpg?alt=media&token=ad52525a-f7ff-440c-b381-3172d116f728"],"AddedTime":"2021-04-06T00:00:00","LastModify":"2021-06-08T10:01:34","StoreID":"336be9a9-b9b2-4511-a942-08b20d244e79","Store":null,"SoldQuanlity":10,"RatingsCount":8,"Ratings":null,"Star":4.76}}]',2840500,'2021-06-11 09:26:00.000','2021-06-11 09:26:37.000',1,N'be161729-7553-410c-a595-fe3d1cea264f',N'88888888-8888-8888-8888-888888888888',N'["087621c0-e1ed-4ded-a2b6-610dadbef060"]'),
	 (N'db098502-effe-4962-89ac-2a0b2cc0436b',N'87660958-cf24-4b94-9eca-2cec66a711d3',N'[{"ID":"0c23e266-4872-4a2b-90f3-fb04c2a2d4a4","BuyerID":"87660958-cf24-4b94-9eca-2cec66a711d3","ProductID":"b4853bd1-fbfe-4665-b88f-10075fd2f49f","AddedTime":"2021-06-10T13:18:06","Status":null,"Quantity":1,"Product":{"ID":"b4853bd1-fbfe-4665-b88f-10075fd2f49f","Name":"Smart Tivi Samsung 4K 43 inch UA43TU7000","Price":7950000,"Color":"Đen","Size":"43 inch","Detail":"","Description":"Mô tả máy samsung","CategoryID":"e2a5751a-396b-4b43-90ae-90891d07c75d","Category":null,"Discount":5,"Quanlity":86,"Image":"[\"https://salt.tikicdn.com/cache/w1200/ts/product/35/25/4b/46399d577f6534003dbb3c4227da48b5.jpg\",\"https://salt.tikicdn.com/cache/w1200/ts/product/51/85/4c/617d6d91edacb9b1fa1541dd3c81ab6c.jpg\"]","Images":["https://salt.tikicdn.com/cache/w1200/ts/product/35/25/4b/46399d577f6534003dbb3c4227da48b5.jpg","https://salt.tikicdn.com/cache/w1200/ts/product/51/85/4c/617d6d91edacb9b1fa1541dd3c81ab6c.jpg"],"AddedTime":"2021-04-20T08:00:25","LastModify":"2021-04-20T08:00:25","StoreID":"336be9a9-b9b2-4511-a942-08b20d244e79","Store":null,"SoldQuanlity":0,"RatingsCount":0,"Ratings":null,"Star":0.0}}]',7552500,'2021-06-10 13:18:10.000','2021-06-10 13:18:56.000',1,N'3ac62180-79b1-41b4-a4b8-0cba6364e57e',N'88888888-8888-8888-8888-888888888888',N'["b4853bd1-fbfe-4665-b88f-10075fd2f49f"]'),
	 (N'dc2e0671-1253-406f-9ca7-f2060b77efb7',N'63d876b6-5ce3-4e32-80d9-2edb706aa14d',N'[{"ID":"401131b1-d2e3-4c75-8799-8de6edcc250f","BuyerID":"63d876b6-5ce3-4e32-80d9-2edb706aa14d","ProductID":"98ca783d-1df1-4109-93af-7e706ea38ca8","AddedTime":"2021-06-11T06:37:25","Status":null,"Quantity":1,"Product":{"ID":"98ca783d-1df1-4109-93af-7e706ea38ca8","Name":"Điện Thoại Samsung Galaxy S20 Plus (8GB/128GB) - Hàng Chính Hãng","Price":22590000,"Color":"Đen","Size":"6.7 inch","Detail":"<p>Ch&iacute;nh h&atilde;ng, Nguy&ecirc;n seal, Mới 100%<br />C&ocirc;ng nghệ m&agrave;n h&igrave;nh: Quad HD+ HDR10+, 120Hz<br />M&agrave;n h&igrave;nh rộng: 6.7 inch<br />Độ ph&acirc;n giải: 1440 x 3200 pixel<br />Hệ điều h&agrave;nh: Android 10.0; One UI 2<br />CPU: Chip Exynos 990<br />Camera sau: 12MP + 12MP + 64MP<br />Camera trước: 10MP<br />RAM: 8GB<br />Bộ nhớ trong: 128GB<br />Hỗ trợ thẻ nhớ: Khe thẻ nhớ mở rộng tới 1TB<br />Thẻ SIM: 2 SIM<br />Dung lượng pin: 4.500 mAh, sạc nhanh 25W, USB Power Delivery 3.0<br />Sạc kh&ocirc;ng d&acirc;y ngược cho thiết bị kh&aacute;c, chống nước IP68</p>","Description":"<p>&nbsp;</p>\n<h5><strong><iframe src=\"https://www.youtube.com/embed/l2VeLBmScaU\" width=\"750\" height=\"421\" allowfullscreen=\"allowfullscreen\" data-mce-fragment=\"1\"></iframe></strong></h5>\n<h5><strong>Thế Hệ Smartphone Thay Đổi Tương Lai Nhiếp Ảnh</strong></h5>\n<p><strong>Điện Thoại Samsung Galaxy S20&nbsp;Plus (128GB/ 8GB)</strong>&nbsp;- Thế hệ Galaxy&nbsp;<strong>S20&nbsp;Plus</strong>&nbsp;đột ph&aacute; mang t&iacute;nh lịch sử của thập kỷ cho thiết bị di động.</p>\n<h5><strong>Vẻ đẹp ho&agrave;n thiện b&ecirc;n ngo&agrave;i v&agrave; sức mạnh xử l&yacute; b&ecirc;n trong</strong></h5>\n<p>Sẵn s&agrave;ng ch&igrave;m đắm trong một tuyệt t&aacute;c m&agrave;n h&igrave;nh Infinity-O, tr&agrave;n viền v&agrave; chỉ tồn tại một camera nhỏ duy nhất. Chuẩn HDR10+ n&acirc;ng cấp tạo n&ecirc;n chất lượng hiển thị chuẩn điện ảnh, sống động mọi chi tiết tr&ecirc;n một m&agrave;n h&igrave;nh liền mạch, ho&agrave;n hảo bao tr&ugrave;m mọi gi&aacute;c quan.</p>\n<p>Với tần số qu&eacute;t l&ecirc;n đến 120Hz từ thế hệ Galaxy&nbsp;S20+, đừng ngạc nhi&ecirc;n với độ phản hồi cực ch&iacute;nh x&aacute;c để bạn ch&igrave;m đắm v&agrave;o c&aacute;c m&agrave;n game đỉnh cao hay sự mượt m&agrave; ho&agrave;n hảo khi chuyển đổi giữa c&aacute;c ứng dụng.</p>\n<p><img id=\"https://salt.tikicdn.com/ts/tmp/03/fb/5a/839786e6bc4eac31e32687df9f6d11aa.jpg\" title=\"Điện Thoại Samsung Galaxy S20 (128GB/8GB) - H&agrave;ng Ch&iacute;nh H&atilde;ng\" src=\"https://salt.tikicdn.com/ts/tmp/03/fb/5a/839786e6bc4eac31e32687df9f6d11aa.jpg\" alt=\"Điện Thoại Samsung Galaxy S20 (128GB/8GB) - H&agrave;ng Ch&iacute;nh H&atilde;ng\" width=\"750\" height=\"530\" /></p>\n<p><img id=\"https://salt.tikicdn.com/ts/tmp/6d/aa/e9/7d409225df0a7a0dd2424f51d13a6012.jpg\" title=\"Điện Thoại Samsung Galaxy S20 (128GB/8GB) - H&agrave;ng Ch&iacute;nh H&atilde;ng\" src=\"https://salt.tikicdn.com/ts/tmp/6d/aa/e9/7d409225df0a7a0dd2424f51d13a6012.jpg\" alt=\"Điện Thoại Samsung Galaxy S20 (128GB/8GB) - H&agrave;ng Ch&iacute;nh H&atilde;ng\" width=\"750\" height=\"555\" /></p>\n<h5><strong>Kh&aacute;m ph&aacute; khung h&igrave;nh bạn chưa từng thấy với khả năng ph&oacute;ng to l&ecirc;n đến 30X</strong></h5>\n<p>Giới thiệu Hybrid Optic Zoom 3x - camera ti&ecirc;n tiến nhất của ch&uacute;ng t&ocirc;i với ống k&iacute;nh gập v&agrave; cảm biến h&igrave;nh ảnh c&oacute; độ ph&acirc;n giải sắc n&eacute;t. Kết hợp với ống k&iacute;nh Super Resolution Zoom hỗ trợ bởi AI, h&atilde;y sẵn s&agrave;ng ph&aacute; vỡ mọi khoảng c&aacute;ch, vươn ống k&iacute;nh v&agrave; thu trọn mọi khoảnh khắc v&ocirc; gi&aacute; như ch&iacute;nh mắt bạn đang nh&igrave;n thấy.</p>\n<h5><strong>Kh&ocirc;ng Thể Thiếu Cho Lối Sống Năng Động</strong></h5>\n<p>Dễ d&agrave;ng kết nối Galaxy Watch Active2 với điện thoại để nhanh ch&oacute;ng kiểm tra sức khỏe hay tiện lợi điều khiển ứng dụng. Thiết kế thời trang v&agrave; tinh giản gi&uacute;p bạn th&ecirc;m nổi bật, thu h&uacute;t mọi &aacute;nh nh&igrave;n.</p>\n<p><img id=\"https://salt.tikicdn.com/ts/tmp/ad/77/34/77a8d3f1ed99128e7e1c013ca95c36b1.jpg\" title=\"Điện Thoại Samsung Galaxy S20 (128GB/8GB) - H&agrave;ng Ch&iacute;nh H&atilde;ng\" src=\"https://salt.tikicdn.com/ts/tmp/ad/77/34/77a8d3f1ed99128e7e1c013ca95c36b1.jpg\" alt=\"Điện Thoại Samsung Galaxy S20 (128GB/8GB) - H&agrave;ng Ch&iacute;nh H&atilde;ng\" width=\"750\" height=\"407\" /></p>\n<h5><strong>Quay Phim Điện Ảnh 8K - Bước tiến lớn cho nhiếp ảnh di động, thay đổi c&aacute;ch bạn chụp v&agrave; quay video</strong></h5>\n<p>Bước nhảy vọt đỉnh cao về độ ph&acirc;n giải 8K, cho ph&eacute;p thu ph&oacute;ng si&ecirc;u n&eacute;t tr&ecirc;n những thước phim hay h&igrave;nh ảnh được quay bằng điện thoại.</p>\n<p>Ch&uacute;ng t&ocirc;i tạo n&ecirc;n cuộc c&aacute;ch mạng đột ph&aacute; với những thước phim quay bằng điện thoại - n&acirc;ng tầm độ ph&acirc;n giải từ 4K l&ecirc;n chuẩn 8K đỉnh cao, gấp 4 lần chuẩn UHD v&agrave; 16 lần chuẩn FHD. Duy tr&igrave; độ sắc n&eacute;t đ&aacute;ng kinh ngạc ngay cả khi video bạn quay được tr&igrave;nh chiếu tr&ecirc;n c&aacute;c m&agrave;n h&igrave;nh si&ecirc;u lớn như rạp chiếu phim.</p>\n<p><img id=\"https://salt.tikicdn.com/ts/tmp/f9/22/bf/4d4f292cb8cb08d50afdb29796d44a96.jpg\" title=\"Điện Thoại Samsung Galaxy S20 (128GB/8GB) - H&agrave;ng Ch&iacute;nh H&atilde;ng\" src=\"https://salt.tikicdn.com/ts/tmp/f9/22/bf/4d4f292cb8cb08d50afdb29796d44a96.jpg\" alt=\"Điện Thoại Samsung Galaxy S20 (128GB/8GB) - H&agrave;ng Ch&iacute;nh H&atilde;ng\" width=\"660\" height=\"363\" /></p>\n<h5><strong>Tận hưởng nội dung bạn y&ecirc;u th&iacute;ch, nhanh ch&oacute;ng, tại mọi nơi</strong></h5>\n<p>Với chuẩn Wi-Fi6 v&agrave; tốc độ LTE l&ecirc;n đến 2.0Gps, tốc độ tải về trở n&ecirc;n nhanh hơn, cho bạn thoả th&iacute;ch xem phim hay c&aacute;c chương tr&igrave;nh y&ecirc;u th&iacute;ch, tại mọi nơi.</p>\n<h5><strong>Lu&ocirc;n sẵn s&agrave;ng, sau một ng&agrave;y d&agrave;i</strong></h5>\n<p>Kh&ocirc;ng chỉ sở hữu si&ecirc;u pin lớn nhất l&ecirc;n đến 4500mAh (ti&ecirc;u chuẩn).&nbsp;Thế hệ Galaxy&nbsp;S20+ si&ecirc;u th&ocirc;ng minh tự động nhận biết v&agrave; điều chỉnh năng lượng ti&ecirc;u thụ dựa theo th&oacute;i quen sử dụng của ch&iacute;nh bạn. Gi&uacute;p tối ưu hiệu suất hoạt động, k&eacute;o d&agrave;i tuổi thọ pin.</p>\n<p><img id=\"https://salt.tikicdn.com/ts/tmp/35/11/96/0dd0569f6da72b5053f5d4359ce0141d.jpg\" title=\"Điện Thoại Samsung Galaxy S20 (128GB/8GB) - H&agrave;ng Ch&iacute;nh H&atilde;ng\" src=\"https://salt.tikicdn.com/ts/tmp/35/11/96/0dd0569f6da72b5053f5d4359ce0141d.jpg\" alt=\"Điện Thoại Samsung Galaxy S20 (128GB/8GB) - H&agrave;ng Ch&iacute;nh H&atilde;ng\" width=\"750\" height=\"646\" /></p>\n<h5><strong>Kiến Tạo Tuyệt T&aacute;c B&oacute;ng Đ&ecirc;m</strong></h5>\n<p>Th&aacute;ch thức m&agrave;n đ&ecirc;m, sẵn s&agrave;ng tạo kiệt t&aacute;c với cảm biến k&iacute;ch thước lớn gấp 3 lần. Ngay cả trong điều kiện &aacute;nh s&aacute;ng yếu, hệ thống camera chuy&ecirc;n nghiệp gi&uacute;p bạn chụp nhiều tấm h&igrave;nh c&ugrave;ng một l&uacute;c, hợp nhất ch&uacute;ng v&agrave; cho ra tấm h&igrave;nh đẹp nhất với độ nh&ograve;e v&agrave; độ nhiễu được giảm thiểu tối đa.&nbsp;Sẵn s&agrave;ng lưu trọn cảnh đ&ecirc;m ấn tượng, kiến tạo kiệt t&aacute;c đậm dấu ấn bạn với chế độ ban đ&ecirc;m Night Mode, cảm biến h&igrave;nh ảnh tăng cường v&agrave; c&ocirc;ng nghệ AI đỉnh cao.</p>\n<p><img id=\"https://salt.tikicdn.com/ts/tmp/09/6b/89/7b8102c36eb47d8812e63ed73660d02b.jpg\" title=\"Điện Thoại Samsung Galaxy S20 (128GB/8GB) - H&agrave;ng Ch&iacute;nh H&atilde;ng\" src=\"https://salt.tikicdn.com/ts/tmp/83/4f/09/9f56243ad6cd1e26506404961943b338.jpg\" alt=\"Điện Thoại Samsung Galaxy S20 (128GB/8GB) - H&agrave;ng Ch&iacute;nh H&atilde;ng\" width=\"745\" height=\"441\" /></p>\n<h5><strong>Xo&aacute; h&igrave;nh v&igrave; kh&ocirc;ng đủ dung lượng? - Đ&atilde; thuộc về 2019</strong></h5>\n<p>Y&ecirc;n t&acirc;m lưu giữ mọi h&igrave;nh ảnh hay video chất lượng cao ngay tr&ecirc;n Galaxy&nbsp;S20+, S20++. Với bộ nhớ trong cực lớn v&agrave; c&oacute; thể mở rộng l&ecirc;n tới 1TB qua thẻ microSD, bạn lu&ocirc;n c&oacute; đủ kh&ocirc;ng gian d&agrave;nh cho những khoảnh khắc v&ocirc; gi&aacute;.</p>\n<h5><strong>Với hệ thống bảo mật n&acirc;ng cấp v&agrave; ti&ecirc;n tiến từ Samsung, những g&igrave; của bạn chỉ l&agrave; của bạn.</strong></h5>\n<p>Ch&uacute;ng t&ocirc;i tạo n&ecirc;n một bộ xử l&yacute; đ&aacute;ng tin cậy nhằm bảo vệ m&atilde; PIN, mật khẩu, h&igrave;nh vẽ v&agrave; Hệ Lưu Trữ M&atilde; Kh&oacute;a Ri&ecirc;ng (Blockchain Private Key) của bạn. Phối hợp chặt chẽ c&ugrave;ng nền tảng bảo mật Knox, mọi bộ phận từ phần cứng tới phần mềm đều được bảo vệ tối ưu, gi&uacute;p mọi dữ liệu được an to&agrave;n tuyệt đối.</p>\n<p>N&acirc;ng cao trải nghiệm Galaxy của bạn với khả năng gh&eacute;p nối dễ d&agrave;ng, sự bảo vệ tối ưu v&agrave; khả năng sạc đầy năng lượng nhanh ch&oacute;ng.</p>\n<h5><strong>Lu&ocirc;n c&oacute; đủ kh&ocirc;ng gian để lưu trữ mọi h&igrave;nh ảnh v&agrave; video bạn y&ecirc;u th&iacute;ch</strong></h5>\n<p>Y&ecirc;n t&acirc;m lưu giữ mọi h&igrave;nh ảnh hay video chất lượng cao ngay tr&ecirc;n Galaxy&nbsp;S20+, S20++ v&agrave; S20+ Ultra. Với bộ nhớ trong ấn tượng v&agrave; c&oacute; thể mở rộng l&ecirc;n tới 1TB qua thẻ microSD, bạn lu&ocirc;n c&oacute; đủ kh&ocirc;ng gian d&agrave;nh cho những khoảnh khắc v&ocirc; gi&aacute;.</p>\n<p><img id=\"https://salt.tikicdn.com/ts/tmp/28/39/25/952e9cb828b17c4974e736415bf43064.jpg\" title=\"Điện Thoại Samsung Galaxy S20 (128GB/8GB) - H&agrave;ng Ch&iacute;nh H&atilde;ng\" src=\"https://salt.tikicdn.com/ts/tmp/28/39/25/952e9cb828b17c4974e736415bf43064.jpg\" alt=\"Điện Thoại Samsung Galaxy S20 (128GB/8GB) - H&agrave;ng Ch&iacute;nh H&atilde;ng\" width=\"750\" height=\"588\" /></p>\n<h5><strong>Đ&agrave;m thoại video chất lượng cao c&ugrave;ng bạn b&egrave;</strong></h5>\n<p>N&acirc;ng tầm cuộc gọi với Google Duo tối ưu. Kết nối trực tiếp với Google Duo từ ứng dụng Điện Thoại, Tin Nhắn hoặc Danh Bạ của bạn v&agrave; tận hưởng chất lượng gọi video mượt m&agrave;, liền mạch tr&ecirc;n nhiều hệ điều h&agrave;nh kh&aacute;c nhau.</p>\n<p>Thế hệ Galaxy&nbsp;S20+ si&ecirc;u th&ocirc;ng minh tự động nhận biết v&agrave; điều chỉnh năng lượng ti&ecirc;u thụ dựa theo th&oacute;i quen sử dụng của ch&iacute;nh bạn. Thoả sức trải nghiệm ng&agrave;y d&agrave;i chỉ với một lần sạc duy nhất.</p>\n<p>Chứng kiến bước nhảy vọt đỉnh cao của độ ph&acirc;n giải h&igrave;nh ảnh 8K v&agrave; những thước phim chuẩn điện ảnh tr&ecirc;n thiết bị di động.</p>\n<p><img id=\"https://salt.tikicdn.com/ts/tmp/60/1d/aa/333c8085306306d465a607e7247121b6.jpg\" title=\"Điện Thoại Samsung Galaxy S20 (128GB/8GB) - H&agrave;ng Ch&iacute;nh H&atilde;ng\" src=\"https://salt.tikicdn.com/ts/tmp/60/1d/aa/333c8085306306d465a607e7247121b6.jpg\" alt=\"Điện Thoại Samsung Galaxy S20 (128GB/8GB) - H&agrave;ng Ch&iacute;nh H&atilde;ng\" width=\"750\" height=\"484\" /></p>\n<h5><strong>Chụp Ảnh Tĩnh 33MP Từ Video 8K</strong></h5>\n<p>Độ ph&acirc;n giải đỉnh cao cho ph&eacute;p bạn chụp ảnh 33MP cực kỳ r&otilde; n&eacute;t từ video 8K đ&atilde; quay. Ngắm nh&igrave;n những khoảnh khắc v&ocirc; gi&aacute; theo một c&aacute;ch thật kh&aacute;c biệt v&agrave; trọn vẹn hơn.</p>\n<p>C&ocirc;ng nghệ AI ti&ecirc;n tiến gi&uacute;p ổn định mọi thước phim như một camera h&agrave;nh tr&igrave;nh thực thụ. Tự tin tạo n&ecirc;n những thước phim si&ecirc;u mượt m&agrave;, kh&ocirc;ng mờ nh&ograve;e nhờ cảm biến h&igrave;nh ảnh lớn v&agrave; chuyển động của bộ ổn định chống lăn tr&ecirc;n camera.</p>\n<p>Trải nghiệm phi&ecirc;n bản n&acirc;ng cấp đầy ấn tượng của burst mode. Nhờ t&iacute;ch hợp c&ocirc;ng nghệ AI ti&ecirc;n tiến, chế độ Single Take cho ph&eacute;p bạn chụp tới 10 gi&acirc;y v&agrave; trả về c&aacute;c định dạng ảnh kh&aacute;c nhau, từ đ&oacute;, bạn c&oacute; thể chọn ra tấm h&igrave;nh ưng &yacute; nhất m&agrave; kh&ocirc;ng cần chụp lại. (Chọn chế độ Single Take tr&ecirc;n camera rồi nhấn m&agrave;n trập. Sau đ&oacute;, di chuyển xung quanh từ 3 đến 10 gi&acirc;y để thu trọn khung cảnh trước mắt.)</p>\n<h5><strong>Cảm ứng v&agrave; độ phản hồi si&ecirc;u nhạy</strong></h5>\n<p>Tr&ecirc;n tuyệt t&aacute;c m&agrave;n h&igrave;nh Infinity-O, ch&uacute;ng t&ocirc;i tin rằng mọi m&agrave;n game đều trở n&ecirc;n gay cấn, hấp dẫn hơn. Bộ đ&ocirc;i phần cứng v&agrave; phần mềm mạnh mẽ, tốc độ phản hồi cảm ứng cực nhạy, hiệu suất vận h&agrave;nh tối ưu chắc chắn mang đến cho bạn những m&agrave;n game m&atilde;n nh&atilde;n với độ trễ được giảm thiểu tối đa.</p>\n<p><img id=\"https://salt.tikicdn.com/ts/tmp/f3/7c/22/0638b0af26d0dea121c530f17bab63c4.jpg\" title=\"Điện Thoại Samsung Galaxy S20 (128GB/8GB) - H&agrave;ng Ch&iacute;nh H&atilde;ng\" src=\"https://salt.tikicdn.com/ts/tmp/f3/7c/22/0638b0af26d0dea121c530f17bab63c4.jpg\" alt=\"Điện Thoại Samsung Galaxy S20 (128GB/8GB) - H&agrave;ng Ch&iacute;nh H&atilde;ng\" width=\"750\" height=\"459\" /></p>\n<h5><strong>Thoả Sức Thu Ph&oacute;ng với Camera 64MP</strong></h5>\n<p>Si&ecirc;u phẩm camera với độ ph&acirc;n giải l&ecirc;n đến 64MP từ Galaxy S20+ v&agrave; S20++ cho bạn thoả sức lưu trọn từng chi tiết m&agrave; vẫn giữ được độ r&otilde; n&eacute;t cho bức ảnh ngay cả khi cắt ảnh nhiều lần.</p>\n<p>Kh&aacute;m ph&aacute; t&iacute;nh năng Hybrid Optic Zoom 3X cho ph&eacute;p ph&oacute;ng to mọi đối tượng trong khung h&igrave;nh kết hợp với t&iacute;nh năng Super Resolution Zoom hỗ trợ AI. Bạn đ&atilde; sẵn s&agrave;ng ch&igrave;m đắm trong n&eacute;t đẹp của sự chi tiết m&agrave; bạn chưa từng nh&igrave;n thấy?</p>\n<h5><strong>Trở th&agrave;nh DJ trong suốt chuyến đi</strong></h5>\n<p>Sẻ chia &acirc;m nhạc bất tận cho cuộc h&agrave;nh tr&igrave;nh d&agrave;i th&ecirc;m th&uacute; vị. Với t&iacute;nh năng Music Share, chỉ cần gh&eacute;p đ&ocirc;i Bluetooth với điện thoại của bạn b&egrave; để bắt đầu đắm ch&igrave;m v&agrave;o &acirc;m nhạc bất tận.</p>\n<p><img id=\"https://salt.tikicdn.com/ts/tmp/d8/81/b6/1950a7c2c24a737867187d5a7ae1f4a5.jpg\" title=\"Điện Thoại Samsung Galaxy S20 (128GB/8GB) - H&agrave;ng Ch&iacute;nh H&atilde;ng\" src=\"https://salt.tikicdn.com/ts/tmp/d8/81/b6/1950a7c2c24a737867187d5a7ae1f4a5.jpg\" alt=\"Điện Thoại Samsung Galaxy S20 (128GB/8GB) - H&agrave;ng Ch&iacute;nh H&atilde;ng\" width=\"750\" height=\"514\" /></p>\n<p><img id=\"https://salt.tikicdn.com/ts/tmp/1a/d5/68/6382dca53699918e567dabf2da2e72b4.png\" title=\"Điện Thoại Samsung Galaxy S20 (128GB/8GB) - H&agrave;ng Ch&iacute;nh H&atilde;ng\" src=\"https://salt.tikicdn.com/ts/tmp/1a/d5/68/6382dca53699918e567dabf2da2e72b4.png\" alt=\"Điện Thoại Samsung Galaxy S20 (128GB/8GB) - H&agrave;ng Ch&iacute;nh H&atilde;ng\" width=\"750\" height=\"381\" /></p>\n<p><img id=\"https://salt.tikicdn.com/ts/tmp/2d/18/77/6b005c5fd47ced416e5fbbfe1f419ea2.jpg\" title=\"Điện Thoại Samsung Galaxy S20 (128GB/8GB) - H&agrave;ng Ch&iacute;nh H&atilde;ng\" src=\"https://salt.tikicdn.com/ts/tmp/2d/18/77/6b005c5fd47ced416e5fbbfe1f419ea2.jpg\" alt=\"Điện Thoại Samsung Galaxy S20 (128GB/8GB) - H&agrave;ng Ch&iacute;nh H&atilde;ng\" width=\"750\" height=\"1036\" /></p>\n<p><img id=\"https://salt.tikicdn.com/ts/tmp/41/74/0b/1f04037721096fa9611298737f9f4e24.jpg\" title=\"Điện Thoại Samsung Galaxy S20 (128GB/8GB) - H&agrave;ng Ch&iacute;nh H&atilde;ng\" src=\"https://salt.tikicdn.com/ts/tmp/41/74/0b/1f04037721096fa9611298737f9f4e24.jpg\" alt=\"Điện Thoại Samsung Galaxy S20 (128GB/8GB) - H&agrave;ng Ch&iacute;nh H&atilde;ng\" width=\"750\" height=\"875\" /></p>\n<p><strong>Uy lực mạnh mẽ, xử l&yacute; tức th&igrave;</strong></p>\n<p>RAM c&ugrave;ng bộ xử l&yacute; t&iacute;ch hợp AI ti&ecirc;n tiến l&agrave; một trong những điều tuyệt vời nhất m&agrave; ch&uacute;ng t&ocirc;i mang đến tr&ecirc;n thế hệ Galaxy&nbsp;S20+. Ph&aacute;t trực tiếp, chơi game hay tải về với tốc độ nhanh đến kh&ocirc;ng ngờ. Hiệu suất vận h&agrave;nh đ&aacute;ng kinh ngạc, bộ xử l&yacute; th&ocirc;ng minh tự động tải trước c&aacute;c ứng dụng thường được sử dụng để khởi chạy nhanh ch&oacute;ng.</p>\n<p><strong>Cảm biến tăng cường cho kiệt t&aacute;c b&oacute;ng đ&ecirc;m th&ecirc;m ho&agrave;n mỹ</strong></p>\n<p>Chế độ Night Mode kết hợp với c&aacute;c cảm biến &aacute;nh s&aacute;ng tăng cường lu&ocirc;n đảm bảo mang đến cho bạn c&aacute;c khung h&igrave;nh đủ s&aacute;ng v&agrave; đầy sức sống. Đừng bỏ lỡ khả năng chụp v&agrave; gh&eacute;p tức th&igrave; c&aacute;c h&igrave;nh ảnh để cho ra bức ảnh sắc n&eacute;t nhất với độ nhiễu được giảm thiểu tối đa.</p>\n<p><strong>Đẳng cấp selfie kh&aacute;c biệt</strong></p>\n<p>Camera Trước 10MP với khả năng lấy n&eacute;t nhanh gi&uacute;p bạn bắt trọn những g&oacute;c ảnh tuyệt vời nhất m&agrave; vẫn đảm bảo độ chi tiết tối ưu.</p>\n<p><img id=\"https://salt.tikicdn.com/ts/tmp/85/23/11/011f8501bb53e523af52db190511ff0f.jpg\" title=\"Điện Thoại Samsung Galaxy S20 (128GB/8GB) - H&agrave;ng Ch&iacute;nh H&atilde;ng\" src=\"https://salt.tikicdn.com/ts/tmp/85/23/11/011f8501bb53e523af52db190511ff0f.jpg\" alt=\"Điện Thoại Samsung Galaxy S20 (128GB/8GB) - H&agrave;ng Ch&iacute;nh H&atilde;ng\" width=\"750\" height=\"562\" /></p>\n<p><strong>Thưởng thức video với độ ph&acirc;n giải chưa từng c&oacute; tr&ecirc;n điện thoại</strong></p>\n<p>Ch&uacute;ng t&ocirc;i mang đến sự đột ph&aacute; cho những thước phim quay bằng điện thoại - n&acirc;ng tầm độ ph&acirc;n giải từ 4K l&ecirc;n chuẩn 8K đỉnh cao, gấp 4 lần chuẩn UHD v&agrave; 16 lần chuẩn FHD. Nhờ vậy, duy tr&igrave; độ sắc n&eacute;t đ&aacute;ng kinh ngạc ngay cả khi video bạn quay được tr&igrave;nh chiếu tr&ecirc;n c&aacute;c m&agrave;n h&igrave;nh si&ecirc;u lớn như rạp chiếu phim.</p>\n<p><strong>Bạn thậm ch&iacute; c&oacute; thể tr&iacute;ch xuất h&igrave;nh ảnh chất lượng 33MP từ video chuẩn 8K</strong></p>\n<p>Độ ph&acirc;n giải đỉnh cao cho ph&eacute;p bạn chụp ảnh 33MP cực kỳ r&otilde; n&eacute;t từ video 8K đ&atilde; quay. Ngắm nh&igrave;n những khoảnh khắc v&ocirc; gi&aacute; theo một c&aacute;ch thật kh&aacute;c biệt v&agrave; trọn vẹn hơn.</p>\n<p><strong>C&aacute;ch thức mới gi&uacute;p bạn chụp một lần với nhiều định dạng kh&aacute;c nhau</strong></p>\n<p>Trải nghiệm phi&ecirc;n bản n&acirc;ng cấp đầy ấn tượng của burst mode. Nhờ t&iacute;ch hợp c&ocirc;ng nghệ AI ti&ecirc;n tiến, chế độ Single Take cho ph&eacute;p bạn chụp tới 10 gi&acirc;y v&agrave; trả về c&aacute;c định dạng ảnh kh&aacute;c nhau - từ đ&oacute;, bạn c&oacute; thể chọn ra tấm h&igrave;nh ưng &yacute; nhất m&agrave; kh&ocirc;ng cần chụp lại.&nbsp;</p>\n<p><strong>Th&ecirc;m chia sẻ, th&ecirc;m niềm vui</strong></p>\n<p>T&iacute;nh năng Quick Share ph&aacute;t hiện bạn b&egrave; của bạn đang ở gần, nhờ đ&oacute;, bạn thỏa sức chia sẻ dữ liệu hay h&igrave;nh ảnh với 5 người bạn c&ugrave;ng một l&uacute;c m&agrave; kh&ocirc;ng cần kết nối bluetooth.</p>\n<p><strong>Mang đến những khung h&igrave;nh timelapse đẹp bất ngờ</strong></p>\n<p>Thỏa sức lưu giữ cảnh đ&ecirc;m tuyệt đẹp một c&aacute;ch độc đ&aacute;o nhất. C&ocirc;ng nghệ &aacute;nh s&aacute;ng tăng cường cho ph&eacute;p bạn quay video với những tấm h&igrave;nh phơi s&aacute;ng thời gian d&agrave;i, tạo n&ecirc;n v&ocirc; v&agrave;n vệt s&aacute;ng rực rỡ, tăng th&ecirc;m sự thu h&uacute;t v&agrave; chất nghệ cho khung h&igrave;nh.</p>\n<p><strong>Chỉnh Sửa H&igrave;nh Ảnh v&agrave; Video Chuy&ecirc;n Nghiệp</strong></p>\n<p>Kiến tạo tuyệt t&aacute;c nghệ thuật của ri&ecirc;ng bạn với chế độ Pro Mode. T&ugrave;y chỉnh bằng tay mọi th&ocirc;ng số như thao t&aacute;c tr&ecirc;n m&aacute;y ảnh DSLR chuy&ecirc;n nghiệp, từ ISO, tốc độ m&agrave;n trập tới mức độ phơi s&aacute;ng trong mọi khung h&igrave;nh.</p>\n<p><img id=\"https://salt.tikicdn.com/ts/tmp/64/b5/e0/d1e890b4eddf7af239a8186a37b2b939.jpg\" title=\"Điện Thoại Samsung Galaxy S20 (128GB/8GB) - H&agrave;ng Ch&iacute;nh H&atilde;ng\" src=\"https://salt.tikicdn.com/ts/tmp/64/b5/e0/d1e890b4eddf7af239a8186a37b2b939.jpg\" alt=\"Điện Thoại Samsung Galaxy S20 (128GB/8GB) - H&agrave;ng Ch&iacute;nh H&atilde;ng\" width=\"750\" height=\"562\" /></p>\n<p><strong>M&agrave;n h&igrave;nh bảo vệ mắt</strong></p>\n<p>M&agrave;n h&igrave;nh gi&uacute;p hạn chế &aacute;nh s&aacute;ng xanh g&acirc;y hại, ngăn ngừa t&igrave;nh trạng mỏi mắt v&agrave; rối loạn giấc ngủ, gi&uacute;p tối ưu trải nghiệm sử dụng m&agrave; kh&ocirc;ng l&agrave;m giảm thiểu hoặc biến dạng m&agrave;u.</p>\n<p><strong>Cảm biến v&acirc;n tay si&ecirc;u &acirc;m</strong></p>\n<p>Được thiết kế ngay dưới m&agrave;n h&igrave;nh, Cảm Biến V&acirc;n Tay Si&ecirc;u &Acirc;m nhận diện c&aacute;c điểm lồi v&agrave; l&otilde;m 3D tr&ecirc;n v&acirc;n tay bạn, đảm bảo một hệ thống bảo mật cao cấp m&agrave; chỉ bạn mới c&oacute; thể mở kho&aacute;.</p>\n<p><strong>Giao diện ONE UI 2</strong></p>\n<p>Thiết kế tinh tế, cho tất cả mọi người. One UI rất dễ sử dụng n&ecirc;n bạn c&oacute; thể nhanh ch&oacute;ng điều hướng qua bất kỳ t&aacute;c vụ n&agrave;o v&agrave; giảm t&igrave;nh trạng qu&aacute; tải c&ocirc;ng việc. Thiết kế mới vừa độc đ&aacute;o, vừa trực quan sẽ gi&uacute;p bạn tập trung v&agrave;o những th&ocirc;ng tin quan trọng nhất. One UI mang đến trải nghiệm nhất qu&aacute;n v&agrave; th&acirc;n thiện cho mọi người.</p>\n<p>Ng&ocirc;n ngữ h&igrave;nh ảnh của One UI l&agrave; đơn giản v&agrave; thiết kế mạch lạc. C&aacute;c chi tiết được m&agrave;i giũa để mang lại giao diện nhất qu&aacute;n v&agrave; th&acirc;n thiện. Bạn c&oacute; thể xem nội dung một c&aacute;ch dễ d&agrave;ng d&ugrave; chỉ nh&igrave;n lướt qua. Trải nghiệm Galaxy với cảm gi&aacute;c tự nhi&ecirc;n v&agrave; dễ d&agrave;ng với c&aacute;c thao t&aacute;c đơn giản m&agrave; hợp l&yacute;. Bạn c&oacute; thể nhanh ch&oacute;ng truy cập c&aacute;c ứng dụng v&agrave; t&iacute;nh năng hay d&ugrave;ng tr&ecirc;n mọi thiết bị Galaxy.Bạn c&oacute; thể kết nối v&agrave; tập trung bất kể k&iacute;ch thước m&agrave;n h&igrave;nh thiết bị Galaxy của bạn như thế n&agrave;o.</p>\n<p>One UI 2 mang đến một thiết kế hợp l&yacute;, gi&uacute;p bạn cập nhật th&ocirc;ng tin m&agrave; kh&ocirc;ng cản trở c&ocirc;ng việc bạn đang tiến h&agrave;nh. Th&ocirc;ng b&aacute;o sẽ chiếm &iacute;t kh&ocirc;ng gian hơn để bạn c&oacute; thể tập trung hơn v&agrave;o c&ocirc;ng việc quan trọng. Hỗ trợ mắt v&agrave;o ban đ&ecirc;m bằng c&aacute;ch l&agrave;m dịu m&agrave;n h&igrave;nh trong Chế độ Tối cải tiến. Thể hiện c&aacute; t&iacute;nh m&agrave; vẫn gi&uacute;p tiết kiệm pin. Lựa chọn nằm trong tay bạn.</p>\n<p>T&iacute;ch hợp menu v&agrave; t&iacute;nh năng m&agrave;u tối thống nhất tr&ecirc;n One UI 2 để l&agrave;m dịu m&agrave;n h&igrave;nh v&agrave; đ&ocirc;i mắt của bạn. C&aacute; nh&acirc;n h&oacute;a m&agrave;n h&igrave;nh của bạn theo nhiều c&aacute;ch hơn bao giờ hết. Bật M&agrave;n h&igrave;nh kh&oacute;a động để thay đổi m&agrave;n h&igrave;nh bằng một h&igrave;nh ảnh kh&aacute;c mỗi lần bạn mở kh&oacute;a điện thoại.</p>\n<p>One UI 2 mang lại sức mạnh để ch&uacute;ng ta thỏa ch&iacute; đam m&ecirc; với thiết kế tinh tế v&agrave; c&ocirc;ng nghệ hỗ trợ những người d&ugrave;ng gặp kh&oacute; khăn: N&acirc;ng cao th&iacute;nh gi&aacute;c v&agrave; Cải thiện khả năng hiển thị.One UI 2 mang đến c&aacute;c c&ocirc;ng cụ để quản l&yacute; thời gian sử dụng điện thoại v&agrave; tập trung hơn v&agrave;o những điều quan trọng trong cuộc sống. Theo d&otilde;i qu&aacute; tr&igrave;nh sử dụng, quản l&yacute; thời gian bật m&agrave;n h&igrave;nh hoặc bật Chế độ Tập trung để tr&aacute;nh bị xao nh&atilde;ng.</p>\n<p><strong>Kh&ocirc;ng sợ nước x&acirc;m nhập</strong></p>\n<p>C&oacute; thể chịu được mức nước c&oacute; độ s&acirc;u l&ecirc;n đến 1.5m trong khoảng 30 ph&uacute;t.</p>\n<p>Gi&aacute; sản phẩm tr&ecirc;n Tiki đ&atilde; bao gồm thuế theo luật hiện h&agrave;nh. Tuy nhi&ecirc;n tuỳ v&agrave;o từng loại sản phẩm hoặc phương thức, địa chỉ giao h&agrave;ng m&agrave; c&oacute; thể ph&aacute;t sinh th&ecirc;m chi ph&iacute; kh&aacute;c như ph&iacute; vận chuyển, phụ ph&iacute; h&agrave;ng cồng kềnh, ...</p>","CategoryID":"4d309a66-5958-455f-94c2-3223cc12c615","Category":null,"Discount":0,"Quanlity":500,"Image":"[\"https://firebasestorage.googleapis.com/v0/b/duanimage-50853.appspot.com/o/images%2Fef6c56084ae897dbb911cfe2e6cf1ed7.jpg?alt=media&token=e22f8e31-7a66-40fa-9b0b-db2b48dd1a21\",\"https://firebasestorage.googleapis.com/v0/b/duanimage-50853.appspot.com/o/images%2F0dcbcfe05a500f20c658ffafd366c029.jpg?alt=media&token=1db98839-77df-4976-bf0e-c0d2da743388\"]","Images":["https://firebasestorage.googleapis.com/v0/b/duanimage-50853.appspot.com/o/images%2Fef6c56084ae897dbb911cfe2e6cf1ed7.jpg?alt=media&token=e22f8e31-7a66-40fa-9b0b-db2b48dd1a21","https://firebasestorage.googleapis.com/v0/b/duanimage-50853.appspot.com/o/images%2F0dcbcfe05a500f20c658ffafd366c029.jpg?alt=media&token=1db98839-77df-4976-bf0e-c0d2da743388"],"AddedTime":"2021-06-10T14:35:30","LastModify":"2021-06-10T14:35:30","StoreID":"756beya9-79b2-4001-a942-08b209244e79","Store":null,"SoldQuanlity":0,"RatingsCount":0,"Ratings":null,"Star":0.0}},{"ID":"84f7643c-72e2-459d-94b6-8e8bbfba58ff","BuyerID":"63d876b6-5ce3-4e32-80d9-2edb706aa14d","ProductID":"469dd7be-0b6b-4bd7-ac5e-0e9ebd2dc413","AddedTime":"2021-06-11T06:36:42","Status":null,"Quantity":2,"Product":{"ID":"469dd7be-0b6b-4bd7-ac5e-0e9ebd2dc413","Name":"Chuột Gaming Logitech G102 Gen 2 Lightsync - Hàng Chính Hãng","Price":390000,"Color":"Trắng","Size":"","Detail":"Logitech","Description":"Chiếu sáng RGB LIGHTSYNC","CategoryID":"8fccfad4-4483-4c7e-9374-ac92280f9a20","Category":null,"Discount":5,"Quanlity":9,"Image":"[\"https://salt.tikicdn.com/cache/w1200/ts/product/65/5b/61/eff13cf032dea38ccaa08a8d1282375e.jpg\"]","Images":["https://salt.tikicdn.com/cache/w1200/ts/product/65/5b/61/eff13cf032dea38ccaa08a8d1282375e.jpg"],"AddedTime":"2021-04-10T00:00:00","LastModify":"2021-04-10T00:00:00","StoreID":"336be9a9-b9b2-4511-a942-08b20d244e79","Store":null,"SoldQuanlity":0,"RatingsCount":0,"Ratings":null,"Star":0.0}}]',23331000,'2021-06-11 06:37:34.000','2021-06-11 08:57:33.000',1,N'349be331-9816-4d00-ad73-efbd35d47414',N'88888888-8888-8888-8888-888888888888',N'["469dd7be-0b6b-4bd7-ac5e-0e9ebd2dc413","98ca783d-1df1-4109-93af-7e706ea38ca8"]'),
	 (N'e5b74948-7906-49c8-9f4c-06dd38872596',N'87660958-cf24-4b94-9eca-2cec66a711d3',N'[{"ID":"d94a0ec6-2bf2-4895-8d63-eafcff3dcab4","BuyerID":"87660958-cf24-4b94-9eca-2cec66a711d3","ProductID":"f5d20757-c541-4422-bb97-c8bdc7389fbf","AddedTime":"2021-06-10T14:03:55","Status":null,"Quantity":1,"Product":{"ID":"f5d20757-c541-4422-bb97-c8bdc7389fbf","Name":"iPad Air 10.9 Wi-Fi 64GB New 2020 - Hàng Chính Hãng","Price":17990000,"Color":"Đen","Size":"247.6 x 178.5 x 6.1 mm","Detail":"<table>\n<tbody>\n<tr>\n<td>Bluetooth</td>\n<td>A2DP, EDR, 5.0</td>\n</tr>\n<tr>\n<td>Thương hiệu</td>\n<td>Apple</td>\n</tr>\n<tr>\n<td>Xuất xứ thương hiệu</td>\n<td>Mỹ</td>\n</tr>\n<tr>\n<td>Camera sau</td>\n<td>12 MP</td>\n</tr>\n<tr>\n<td>Camera trước</td>\n<td>7MP</td>\n</tr>\n<tr>\n<td>Chip đồ họa (GPU)</td>\n<td>Apple GPU 6 nh&acirc;n</td>\n</tr>\n<tr>\n<td>Chức năng kh&aacute;c</td>\n<td>Mở kh&oacute;a bằng v&acirc;n tay</td>\n</tr>\n<tr>\n<td>K&iacute;ch thước</td>\n<td>247.6 x 178.5 x 6.1 mm</td>\n</tr>\n<tr>\n<td>Phụ kiện đi k&egrave;m</td>\n<td>C&aacute;p, sạc, s&aacute;ch hướng dẫn</td>\n</tr>\n<tr>\n<td>Model</td>\n<td>ipad Air 2020</td>\n</tr>\n<tr>\n<td>Jack tai nghe</td>\n<td>USB Type-C</td>\n</tr>\n<tr>\n<td>Nghe nhạc</td>\n<td>C&oacute;</td>\n</tr>\n<tr>\n<td>Xuất xứ</td>\n<td>Trung Quốc</td>\n</tr>\n<tr>\n<td>Cổng sạc</td>\n<td>USB Type-C</td>\n</tr>\n<tr>\n<td>Trọng lượng</td>\n<td>458g</td>\n</tr>\n<tr>\n<td>Quay phim</td>\n<td>4K@24/30/60fps, 1080p@30/60/120/240fps; gyro-EIS</td>\n</tr>\n<tr>\n<td>Độ ph&acirc;n giải</td>\n<td>2360 x 1640 Pixels</td>\n</tr>\n<tr>\n<td>ROM</td>\n<td>64 GB</td>\n</tr>\n<tr>\n<td>K&iacute;ch thước m&agrave;n h&igrave;nh</td>\n<td>10.9 inch</td>\n</tr>\n<tr>\n<td>T&iacute;nh năng camera</td>\n<td>Chụp h&igrave;nh g&oacute;c rộng, Chống rung EIS, Tự đ&ocirc;̣ng l&acirc;́y nét, HDR</td>\n</tr>\n<tr>\n<td>Video call</td>\n<td>Hỗ trợ VideoCall th&ocirc;ng qua ứng dụng</td>\n</tr>\n<tr>\n<td>Wifi</td>\n<td>Wi-Fi 802.11 a/b/g/n/ac/ax</td>\n</tr>\n<tr>\n<td>Xem phim</td>\n<td>C&oacute;</td>\n</tr>\n<tr>\n<td>SKU</td>\n<td>4574548326206</td>\n</tr>\n</tbody>\n</table>","Description":"<p>M&atilde; Part: ZA/A<br />C&ocirc;ng nghệ m&agrave;n h&igrave;nh: Liquid Retina<br />Độ ph&acirc;n giải: 2360 x 1640 Pixels<br />Kích thước màn hình: 10.9\"<br />Hệ điều h&agrave;nh: iPadOS 14<br />Loại CPU (Chipset): Apple A14 Bionic 6 nh&acirc;n<br />Camera sau: 12 MP<br />Camera trước: 7 MP<br />Pin: 28.6W lithium‑polymer, sạc nhanh 20W</p>\n<h5>iPad Air 10.9 Wi-Fi New 2020 &ndash; Chip A14 mạnh mẽ cho trải nghiệm ho&agrave;n hảo</h5>\n<p>Apple lu&ocirc;n khiến cho cộng đồng c&ocirc;ng nghệ đứng ngồi kh&ocirc;ng y&ecirc;n mỗi khi cho ra mắt những sản phẩm Tablet mới. Với mẫu&nbsp;<strong>iPad Air 10.9 Wi-Fi New 2020</strong>&nbsp;được dự kiến cho ra mắt năm 2020 sẽ mang những thay đổi về mặt thiết kế cũng như những t&iacute;nh năng mới được t&iacute;ch hợp để tối ưu h&oacute;a về hiệu năng, mang đến cho người d&ugrave;ng những trải nghiệm tốt hơn.</p>\n<p><img src=\"https://salt.tikicdn.com/ts/tmp/59/9b/38/58b41429f3d1ea6df9d69d2ca2f2026b.jpg\" alt=\"iPad Air 10.9 Wi-Fi 64GB New 2020 - H&agrave;ng Nhập Khẩu Ch&iacute;nh H&atilde;ng\" width=\"750\" height=\"642\" /></p>\n<h5>Thiết kế tinh tế, m&agrave;u sắc thời thượng với độ mỏng 6.1mm</h5>\n<p><strong>iPad Air 10.9 Wi-Fi New 2020</strong>&nbsp;sẽ c&oacute; thiết kế ho&agrave;n to&agrave;n mới với kiểu d&aacute;ng tương tự với iPad Pro 2020 nhưng với k&iacute;ch thước nhỏ gọn hơn 247.6 x 178.5 mm v&agrave; độ mỏng chỉ 6.1 mm c&ugrave;ng trọng lượng chưa đến 500g gi&uacute;p bạn dễ d&agrave;ng mang theo iPad để sử dụng ở bất cứ đ&acirc;u.</p>\n<p><img src=\"https://salt.tikicdn.com/ts/tmp/d6/ea/b4/424a9086e123882dd5ae75519942c6a1.jpg\" alt=\"iPad Air 10.9 Wi-Fi 64GB New 2020 - H&agrave;ng Nhập Khẩu Ch&iacute;nh H&atilde;ng\" width=\"750\" height=\"587\" /></p>\n<p>Thiết kế nguy&ecirc;n khối mang đến tổng thể sang trọng cho iPad Air 10.9 Wi-Fi New 2020 c&ugrave;ng với gam m&agrave;u mới thời thượng, n&uacute;t home được loại bỏ để tạo n&ecirc;n kh&ocirc;ng gian hiển thị rộng hơn.&nbsp;</p>\n<p><img src=\"https://salt.tikicdn.com/ts/tmp/2d/ef/c5/84001156b3d3bfc8d9c3b968113656fb.jpg\" alt=\"iPad Air 10.9 Wi-Fi 64GB New 2020 - H&agrave;ng Nhập Khẩu Ch&iacute;nh H&atilde;ng\" width=\"750\" height=\"623\" /></p>\n<p>Thiết kế của iPad Air 10.9 Wi-Fi New 2020 sẽ vu&ocirc;ng vắn hơn so với những d&ograve;ng iPad trước đ&acirc;y, c&aacute;c g&oacute;c cạnh được bo tr&ograve;n nhẹ nh&agrave;ng để tạo cảm gi&aacute;c mềm mại hơn cho tổng thể.</p>\n<p><img src=\"https://salt.tikicdn.com/ts/tmp/87/74/59/f4fe189c7e1de8454b1dfe6f6e3b4a23.jpg\" alt=\"iPad Air 10.9 Wi-Fi 64GB New 2020 - H&agrave;ng Nhập Khẩu Ch&iacute;nh H&atilde;ng\" width=\"750\" height=\"610\" /></p>\n<h5>M&agrave;n h&igrave;nh c&oacute; tần số qu&eacute;t 60Hz, tấm nền IPS LCD v&agrave; k&iacute;ch thước 10.9 inch</h5>\n<p>Để mang đến kh&ocirc;ng gian hiển thị tuyệt vời cho người d&ugrave;ng, Apple đ&atilde; trang bị m&agrave;n h&igrave;nh c&oacute; tần số qu&eacute;t đến 60Hz cho iPad Air 10.9 Wi-Fi New 2020, gi&uacute;p h&igrave;nh ảnh hiển thị mượt m&agrave;, c&aacute;c chuyển động h&igrave;nh ảnh trơn tru cũng như hạn chế t&igrave;nh trạng giật lag. Nhờ vậy bạn c&oacute; thể tận hưởng những thước phim ấn tượng, chơi game (đặc biệt l&agrave; những game c&oacute; g&oacute;c nh&igrave;n thứ nhất) một c&aacute;ch tuyệt vời nhất. Độ ph&acirc;n giải 2360 x 1640 pixels cho h&igrave;nh ảnh sắc n&eacute;t v&agrave; ch&acirc;n thực.</p>\n<p><img src=\"https://salt.tikicdn.com/ts/tmp/20/de/70/77f0240c254ff1b4ae74664abc0b0b2e.jpg\" alt=\"iPad Air 10.9 Wi-Fi 64GB New 2020 - H&agrave;ng Nhập Khẩu Ch&iacute;nh H&atilde;ng\" width=\"750\" height=\"530\" /></p>\n<p>Sử dụng tấm nền IPS LCD cho iPad Air 10.9 Wi-Fi New 2020 c&ugrave;ng với c&ocirc;ng nghệ True-Tone cho khả năng t&aacute;i tạo m&agrave;u sắc ch&iacute;nh x&aacute;c, gần với thực tế hỗ trợ cho c&ocirc;ng việc chỉnh sửa ảnh, video,&hellip;hiệu quả hơn. B&ecirc;n cạnh đ&oacute; m&agrave;n h&igrave;nh n&agrave;y c&ograve;n sở hữu độ s&aacute;ng 500 nits để h&igrave;nh ảnh lu&ocirc;n hiển thị tốt trong những điều kiện &aacute;nh s&aacute;ng kh&aacute;c nhau, gi&uacute;p bạn sử dụng iPad tốt ngay cả khi ở ngo&agrave;i trời.</p>\n<h5>Chip A14 cho sức mạnh ấn tượng v&agrave; bộ nhớ 128GB lưu trữ rộng r&atilde;i</h5>\n<p>Sức mạnh của m&aacute;y đến từ con chip A14 Bionic để mang đến tốc độ xử l&yacute; vượt trội hơn, nhanh ch&oacute;ng cho sức mạnh kh&ocirc;ng thua g&igrave; một chiếc PC. B&ecirc;n cạnh đ&oacute; c&ograve;n c&oacute; th&ocirc;ng tin iPad Air 10.9 Wi-Fi New 2020&nbsp;sẽ c&oacute; b&agrave;n ph&iacute;m Magic Keyboard ri&ecirc;ng để c&oacute; thể gi&uacute;p bạn biến chiếc m&aacute;y t&iacute;nh bảng của m&igrave;nh th&agrave;nh một chiếc laptop một c&aacute;ch nhanh ch&oacute;ng v&agrave; đơn giản.</p>\n<p><img src=\"https://salt.tikicdn.com/ts/tmp/3b/43/64/9f90695df79a92d59f8709c9bf35cfce.jpg\" alt=\"iPad Air 10.9 Wi-Fi 64GB New 2020 - H&agrave;ng Nhập Khẩu Ch&iacute;nh H&atilde;ng\" width=\"750\" height=\"443\" /></p>\n<p>Apple iPad Air 10.9 Wi-Fi New 2020 c&oacute; bộ nhớ 64GB tương đối rộng r&atilde;i để bạn c&oacute; thể lưu trữ được nhiều dữ liệu hơn, thoải m&aacute;i c&agrave;i đặt c&aacute;c ứng dụng, tr&ograve; chơi phục vụ cho nhu cầu sử dụng của bạn.</p>\n<h5>Hệ thống camera với cảm biến LiDAR hỗ trợ quay phim chất lượng 4K si&ecirc;u n&eacute;t</h5>\n<p>Một trong những sự cải tiến mới của iPad Air 10.9 Wi-Fi New 2020 ch&iacute;nh l&agrave; hệ thống camera với camera ch&iacute;nh g&oacute;c rộng 12MP c&ugrave;ng với cảm biến chiều s&acirc;u TOF 3D LiDAR hỗ trợ quay phim với chất lượng 4K cho h&igrave;nh ảnh cực kỳ sắc n&eacute;t v&agrave; sinh động. B&ecirc;n cạnh đ&oacute;, iPad cũng được hỗ trợ những t&iacute;nh năng chụp ảnh th&ocirc;ng minh như x&oacute;a ph&ocirc;ng, lấy n&eacute;t tự động,&hellip;cho ảnh chụp kh&ocirc;ng thua k&eacute;m bất kỳ thiết bị n&agrave;o.</p>\n<p><img src=\"https://salt.tikicdn.com/ts/tmp/19/29/d7/9486bb7236347842010ab9ef2dde68d0.jpg\" alt=\"iPad Air 10.9 Wi-Fi 64GB New 2020 - H&agrave;ng Nhập Khẩu Ch&iacute;nh H&atilde;ng\" width=\"750\" height=\"472\" /></p>\n<p>Camera trước c&oacute; cảm biến 7MP v&agrave; hỗ trợ quay phim 1080p, hỗ trợ video call chất lượng cao mang đến những trải nghiệm tuyệt vời cho người d&ugrave;ng. Bạn c&oacute; thể sử dụng iPad để quay lại vlog hằng ng&agrave;y thay cho một chiếc m&aacute;y quay, m&aacute;y ảnh v&agrave; chia sẻ ngay với bạn b&egrave;, người th&acirc;n,&hellip;v&ocirc; c&ugrave;ng tiện lợi.</p>\n<h5>Dung lượng pin lớn cho 10 giờ lướt web</h5>\n<p>Apple cũng đ&atilde; n&acirc;ng cấp dung lượng pin cho iPad Air 10.9 Wi-Fi New 2020 với dung lượng lớn, cho 10 giờ lướt web bằng wifi, 9 giờ sử dụng mạng di động. Mặc d&ugrave; dung lượng trước đ&acirc;y của những thế hệ iPad trước cũng đ&atilde; đ&aacute;p ứng rất tốt về thời lượng sử dụng ch&iacute;nh v&igrave; thế sự n&acirc;ng cấp n&agrave;y chắc chắn sẽ gi&uacute;p người d&ugrave;ng c&agrave;ng y&ecirc;n t&acirc;m hơn khi sử dụng thiết bị suốt cả ng&agrave;y d&agrave;i m&agrave; kh&ocirc;ng lo hết pin.</p>\n<p><img src=\"https://salt.tikicdn.com/ts/tmp/b0/bb/93/cd86a920f10974d3c3af4ba306baae33.jpg\" alt=\"iPad Air 10.9 Wi-Fi 64GB New 2020 - H&agrave;ng Nhập Khẩu Ch&iacute;nh H&atilde;ng\" width=\"750\" height=\"803\" /></p>\n<p>B&ecirc;n cạnh đ&oacute; Apple cũng t&iacute;ch hợp c&ocirc;ng nghệ sạc nhanh 20W cho iPad Air 10.9 Wi-Fi New 2020 để gi&uacute;p người d&ugrave;ng c&oacute; thể nạp năng lượng cho iPad nhanh ch&oacute;ng. Bạn c&oacute; thể sử dụng thiết bị của bạn li&ecirc;n tục v&agrave; nhanh nạp lại pin cho thiết bị, giải quyết nỗi lo lắng về pin iPad.</p>\n<p><img src=\"https://salt.tikicdn.com/ts/tmp/08/10/58/1421d2f373a3d118a5eb0d218fb12de0.jpg\" alt=\"iPad Air 10.9 Wi-Fi 64GB New 2020 - H&agrave;ng Nhập Khẩu Ch&iacute;nh H&atilde;ng\" width=\"750\" height=\"375\" /></p>\n<p>&nbsp;</p>\n<p>Gi&aacute; sản phẩm tr&ecirc;n Tiki đ&atilde; bao gồm thuế theo luật hiện h&agrave;nh. Tuy nhi&ecirc;n tuỳ v&agrave;o từng loại sản phẩm hoặc phương thức, địa chỉ giao h&agrave;ng m&agrave; c&oacute; thể ph&aacute;t sinh th&ecirc;m chi ph&iacute; kh&aacute;c như ph&iacute; vận chuyển, phụ ph&iacute; h&agrave;ng cồng kềnh, ...</p>","CategoryID":"71b43f31-30ce-40f8-9d09-7cfb8276c7eb","Category":null,"Discount":18,"Quanlity":95,"Image":"[\"https://firebasestorage.googleapis.com/v0/b/duanimage-50853.appspot.com/o/images%2Ff82a7ce86c8b49bfe9797bfc0adf85cc.jpg?alt=media&token=7fdfa838-51cd-42da-bbd5-69706e535fc8\",\"https://firebasestorage.googleapis.com/v0/b/duanimage-50853.appspot.com/o/images%2F1cda272052fbd4743268694f7a8cb021.jpg?alt=media&token=6e66fb5e-fd7b-49e3-bc59-16f8ba340218\",\"https://firebasestorage.googleapis.com/v0/b/duanimage-50853.appspot.com/o/images%2F03513d8545b25aef3980d2b72f0266a0.jpg?alt=media&token=98773887-0816-4b17-a253-4e03582ebb0d\",\"https://firebasestorage.googleapis.com/v0/b/duanimage-50853.appspot.com/o/images%2Ffc78304d937382dd87e5e1385c665172.jpg?alt=media&token=2633c2f2-5768-40e6-b017-81f325901e24\",\"https://firebasestorage.googleapis.com/v0/b/duanimage-50853.appspot.com/o/images%2F80d146eb7aeec8604dfa143e4212bb53.jpg?alt=media&token=6954755d-f2ae-47a8-9ec2-fc352cf5b536\"]","Images":["https://firebasestorage.googleapis.com/v0/b/duanimage-50853.appspot.com/o/images%2Ff82a7ce86c8b49bfe9797bfc0adf85cc.jpg?alt=media&token=7fdfa838-51cd-42da-bbd5-69706e535fc8","https://firebasestorage.googleapis.com/v0/b/duanimage-50853.appspot.com/o/images%2F1cda272052fbd4743268694f7a8cb021.jpg?alt=media&token=6e66fb5e-fd7b-49e3-bc59-16f8ba340218","https://firebasestorage.googleapis.com/v0/b/duanimage-50853.appspot.com/o/images%2F03513d8545b25aef3980d2b72f0266a0.jpg?alt=media&token=98773887-0816-4b17-a253-4e03582ebb0d","https://firebasestorage.googleapis.com/v0/b/duanimage-50853.appspot.com/o/images%2Ffc78304d937382dd87e5e1385c665172.jpg?alt=media&token=2633c2f2-5768-40e6-b017-81f325901e24","https://firebasestorage.googleapis.com/v0/b/duanimage-50853.appspot.com/o/images%2F80d146eb7aeec8604dfa143e4212bb53.jpg?alt=media&token=6954755d-f2ae-47a8-9ec2-fc352cf5b536"],"AddedTime":"2021-06-09T22:34:15","LastModify":"2021-06-09T22:34:15","StoreID":"756beya9-79b2-4001-a942-08b209244e79","Store":null,"SoldQuanlity":0,"RatingsCount":1,"Ratings":null,"Star":5.0}},{"ID":"eefe0685-c2ea-4ec6-93a8-7f755b1b5d0a","BuyerID":"87660958-cf24-4b94-9eca-2cec66a711d3","ProductID":"087621c0-e1ed-4ded-a2b6-610dadbef060","AddedTime":"2021-06-10T14:03:35","Status":null,"Quantity":1,"Product":{"ID":"087621c0-e1ed-4ded-a2b6-610dadbef060","Name":"Điện thoại Xiaomi Redmi 8 (4GB/64GB) - Hàng Chính Hãng","Price":2990000,"Color":"Đen","Size":"ss","Detail":"<p>co cai lll</p>","Description":"<p>asdasda</p>","CategoryID":"4d309a66-5958-455f-94c2-3223cc12c615","Category":null,"Discount":5,"Quanlity":30,"Image":"[\"https://salt.tikicdn.com/cache/w1200/ts/product/14/71/dc/4eaa1c5b79e21195b85614288eff4ab5.png\",\"https://vcdn.tikicdn.com/ts/review/ee/aa/23/355b972924f50c87a29c8c8cb715990d.jpg\",\"https://firebasestorage.googleapis.com/v0/b/duanimage-50853.appspot.com/o/images%2Fimage%202.png?alt=media&token=26c1280f-16a7-4b2f-8da6-fb3db4fb34ff\",\"https://firebasestorage.googleapis.com/v0/b/duanimage-50853.appspot.com/o/images%2Fimage%201%20(2).png?alt=media&token=d4cf0a15-565c-422e-8ad6-4ef46e9412d0\",\"https://firebasestorage.googleapis.com/v0/b/duanimage-50853.appspot.com/o/images%2Fth%C6%B0%C6%A1ng-m%E1%BA%A1i-%C4%91i%E1%BB%87n-t%E1%BB%AD.jpg?alt=media&token=ad52525a-f7ff-440c-b381-3172d116f728\"]","Images":["https://salt.tikicdn.com/cache/w1200/ts/product/14/71/dc/4eaa1c5b79e21195b85614288eff4ab5.png","https://vcdn.tikicdn.com/ts/review/ee/aa/23/355b972924f50c87a29c8c8cb715990d.jpg","https://firebasestorage.googleapis.com/v0/b/duanimage-50853.appspot.com/o/images%2Fimage%202.png?alt=media&token=26c1280f-16a7-4b2f-8da6-fb3db4fb34ff","https://firebasestorage.googleapis.com/v0/b/duanimage-50853.appspot.com/o/images%2Fimage%201%20(2).png?alt=media&token=d4cf0a15-565c-422e-8ad6-4ef46e9412d0","https://firebasestorage.googleapis.com/v0/b/duanimage-50853.appspot.com/o/images%2Fth%C6%B0%C6%A1ng-m%E1%BA%A1i-%C4%91i%E1%BB%87n-t%E1%BB%AD.jpg?alt=media&token=ad52525a-f7ff-440c-b381-3172d116f728"],"AddedTime":"2021-04-06T00:00:00","LastModify":"2021-06-08T10:01:34","StoreID":"336be9a9-b9b2-4511-a942-08b20d244e79","Store":null,"SoldQuanlity":10,"RatingsCount":8,"Ratings":null,"Star":4.76}}]',17592300,'2021-06-10 14:04:16.000','2021-06-10 14:10:05.000',1,N'3ac62180-79b1-41b4-a4b8-0cba6364e57e',N'88888888-8888-8888-8888-888888888888',N'["f5d20757-c541-4422-bb97-c8bdc7389fbf","087621c0-e1ed-4ded-a2b6-610dadbef060"]'),
	 (N'e6506940-f356-4ad0-9151-9ad882854b43',N'aca06373-1efe-4da9-82eb-b66fe7185754',N'[{"ID":"d9e45901-4df6-4f32-89d9-08e2e176472c","BuyerID":"aca06373-1efe-4da9-82eb-b66fe7185754","ProductID":"4c9f4060-0214-4af8-9253-e9a95cde4912","AddedTime":"2021-06-10T23:52:38","Status":null,"Quantity":1,"Product":{"ID":"4c9f4060-0214-4af8-9253-e9a95cde4912","Name":"Máy giặt Samsung Inverter 8 kg WW80T3020WW - Chỉ giao HCM","Price":5290000,"Color":"Trắng","Size":"","Detail":"Samsung","Description":"Máy giặt Samsung Inverter 8 kg WW80T3020WW với sắc trắng trang nhã, thiết kế hiện đại, lồng giặt rộng rãi hứa hẹn sẽ là trợ thủ đắt lực cho chị em nội trợ. Khối lượng giặt lớn, lên đến 8 kg phù hợp với những gia đình trên 5 thành viên.","CategoryID":"36a02659-4d4b-433d-af64-1bb9fb602b66","Category":null,"Discount":5,"Quanlity":-10,"Image":"[\"https://salt.tikicdn.com/cache/w1200/ts/product/66/a8/13/2e2080910aeb92c72509551b7dd9369e.jpg\"]","Images":["https://salt.tikicdn.com/cache/w1200/ts/product/66/a8/13/2e2080910aeb92c72509551b7dd9369e.jpg"],"AddedTime":"2021-04-10T00:00:00","LastModify":"2021-04-10T00:00:00","StoreID":"336be9a9-b9b2-4511-a942-08b20d244e79","Store":null,"SoldQuanlity":0,"RatingsCount":0,"Ratings":null,"Star":0.0}}]',5025500,'2021-06-10 23:52:42.000','2021-06-10 23:52:53.000',1,N'c0954f77-0972-4c2d-8d40-acbc0bf360eb',N'88888888-8888-8888-8888-888888888888',N'["4c9f4060-0214-4af8-9253-e9a95cde4912"]'),
	 (N'fbb91aa9-130f-4d17-b745-1918df52a7db',N'63d876b6-5ce3-4e32-80d9-2edb706aa14d',N'[{"ID":"f9eee8e1-8b03-4b2d-9cec-9175bd491a08","BuyerID":"63d876b6-5ce3-4e32-80d9-2edb706aa14d","ProductID":"087621c0-e1ed-4ded-a2b6-610dadbef060","AddedTime":"2021-06-11T06:33:21","Status":null,"Quantity":2,"Product":{"ID":"087621c0-e1ed-4ded-a2b6-610dadbef060","Name":"Điện thoại Xiaomi Redmi 8 (4GB/64GB) - Hàng Chính Hãng","Price":2990000,"Color":"Đen","Size":"ss","Detail":"<p>co cai lll</p>","Description":"<p>asdasda</p>","CategoryID":"4d309a66-5958-455f-94c2-3223cc12c615","Category":null,"Discount":5,"Quanlity":25,"Image":"[\"https://salt.tikicdn.com/cache/w1200/ts/product/14/71/dc/4eaa1c5b79e21195b85614288eff4ab5.png\",\"https://vcdn.tikicdn.com/ts/review/ee/aa/23/355b972924f50c87a29c8c8cb715990d.jpg\",\"https://firebasestorage.googleapis.com/v0/b/duanimage-50853.appspot.com/o/images%2Fimage%202.png?alt=media&token=26c1280f-16a7-4b2f-8da6-fb3db4fb34ff\",\"https://firebasestorage.googleapis.com/v0/b/duanimage-50853.appspot.com/o/images%2Fimage%201%20(2).png?alt=media&token=d4cf0a15-565c-422e-8ad6-4ef46e9412d0\",\"https://firebasestorage.googleapis.com/v0/b/duanimage-50853.appspot.com/o/images%2Fth%C6%B0%C6%A1ng-m%E1%BA%A1i-%C4%91i%E1%BB%87n-t%E1%BB%AD.jpg?alt=media&token=ad52525a-f7ff-440c-b381-3172d116f728\"]","Images":["https://salt.tikicdn.com/cache/w1200/ts/product/14/71/dc/4eaa1c5b79e21195b85614288eff4ab5.png","https://vcdn.tikicdn.com/ts/review/ee/aa/23/355b972924f50c87a29c8c8cb715990d.jpg","https://firebasestorage.googleapis.com/v0/b/duanimage-50853.appspot.com/o/images%2Fimage%202.png?alt=media&token=26c1280f-16a7-4b2f-8da6-fb3db4fb34ff","https://firebasestorage.googleapis.com/v0/b/duanimage-50853.appspot.com/o/images%2Fimage%201%20(2).png?alt=media&token=d4cf0a15-565c-422e-8ad6-4ef46e9412d0","https://firebasestorage.googleapis.com/v0/b/duanimage-50853.appspot.com/o/images%2Fth%C6%B0%C6%A1ng-m%E1%BA%A1i-%C4%91i%E1%BB%87n-t%E1%BB%AD.jpg?alt=media&token=ad52525a-f7ff-440c-b381-3172d116f728"],"AddedTime":"2021-04-06T00:00:00","LastModify":"2021-06-08T10:01:34","StoreID":"336be9a9-b9b2-4511-a942-08b20d244e79","Store":null,"SoldQuanlity":10,"RatingsCount":8,"Ratings":null,"Star":4.76}}]',5681000,'2021-06-11 06:34:43.000','2021-06-11 06:36:27.000',1,N'349be331-9816-4d00-ad73-efbd35d47414',N'88888888-8888-8888-8888-888888888888',N'["087621c0-e1ed-4ded-a2b6-610dadbef060"]');
--------------------------------------
INSERT INTO db_a743ce_vuanhlk15.dbo.[Following] (ID,UserID,StoreID,FollowTime) VALUES
	 (N'16453f5b-cd33-4410-b356-539acb1a4ed1',N'a0a12e57-31d4-4532-8906-ec7768d4fcc3',N'336be9a9-b9b2-4511-a942-08b20d244e79','2021-06-11 09:38:23.000'),
	 (N'335te9a9-b9b2-4511-a942-08110d244e72',N'b371d81c-54fc-4e39-b3f3-5732997066a9',N'336be9a9-b9b2-4511-a942-08b20d244e79','2021-03-26 00:00:00.000'),
	 (N'336be9a9-b9b2-4511-a942-08b20d244e79',N'534abc92-8669-41c8-97e4-1e9a9ed98735',N'336be9a9-b9b2-4811-a942-08b209244e79','2021-03-26 00:00:00.000'),
	 (N'5e7ac3bc-ed44-4089-8751-a46352dbc27f',N'63d876b6-5ce3-4e32-80d9-2edb706aa14d',N'756beya9-79b2-4001-a942-08b209244e79','2021-06-11 06:36:55.000'),
	 (N'64ceed21-c795-4ea7-9ed8-5432d5e36a2e',N'87660958-cf24-4b94-9eca-2cec66a711d3',N'756beya9-79b2-4001-a942-08b209244e79','2021-06-10 14:00:07.000'),
	 (N'775te9a9-b9b2-4511-a942-08110d244e72',N'aca06373-1efe-4da9-82eb-b66fe7185754',N'336be9a9-b9b2-4811-a942-08b209244e79','2021-03-26 00:00:00.000'),
	 (N'90aa8265-ce48-4770-b6a6-2ce54b8bcc38',N'e8472aab-ca79-4287-b985-9e50426fd39a',N'756beya9-79b2-4001-a942-08b209244e79','2021-06-11 00:58:57.000'),
	 (N'a584840c-29a6-4c34-9ea2-af65540c3059',N'9c97a43e-a55b-4b19-a69f-e58e2153c99b',N'756beya9-79b2-4001-a942-08b209244e79','2021-05-28 23:57:27.000'),
	 (N'e47c15e5-686f-4582-95fb-c9e57cea3f26',N'63d876b6-5ce3-4e32-80d9-2edb706aa14d',N'336be9a9-b9b2-4511-a942-08b20d244e79','2021-06-11 06:37:04.000');
------------------------------------
INSERT INTO db_a743ce_vuanhlk15.dbo.Product (ID,Name,Price,Color,[Size],Detail,Description,CategoryID,Discount,Quanlity,Image,AddedTime,LastModify,StoreID,SoldQuanlity,Star,RatingsCount) VALUES
	 (N'087621c0-e1ed-4ded-a2b6-610dadbef060',N'Điện thoại Xiaomi Redmi 8 (4GB/64GB) - Hàng Chính Hãng',2990000,N'Đen',N'ss',N'<p>co cai lll</p>',N'<p>asdasda</p>',N'4d309a66-5958-455f-94c2-3223cc12c615',5,19,N'["https://salt.tikicdn.com/cache/w1200/ts/product/14/71/dc/4eaa1c5b79e21195b85614288eff4ab5.png","https://vcdn.tikicdn.com/ts/review/ee/aa/23/355b972924f50c87a29c8c8cb715990d.jpg","https://firebasestorage.googleapis.com/v0/b/duanimage-50853.appspot.com/o/images%2Fimage%202.png?alt=media&token=26c1280f-16a7-4b2f-8da6-fb3db4fb34ff","https://firebasestorage.googleapis.com/v0/b/duanimage-50853.appspot.com/o/images%2Fimage%201%20(2).png?alt=media&token=d4cf0a15-565c-422e-8ad6-4ef46e9412d0","https://firebasestorage.googleapis.com/v0/b/duanimage-50853.appspot.com/o/images%2Fth%C6%B0%C6%A1ng-m%E1%BA%A1i-%C4%91i%E1%BB%87n-t%E1%BB%AD.jpg?alt=media&token=ad52525a-f7ff-440c-b381-3172d116f728"]','2021-04-06 00:00:00.000','2021-06-08 10:01:34.000',N'336be9a9-b9b2-4511-a942-08b20d244e79',10,4.68,9),
	 (N'0e543ad2-e503-40fc-8a57-21ade6027f78',N'Đạt Anh K62',500000,N'red',N'1',N'<table style="border-collapse: collapse; width: 100%; height: 84px;" border="1">
<tbody>
<tr style="height: 21px;">
<td style="width: 48.6202%; height: 21px;">sadsad&aacute;dasd</td>
<td style="width: 48.6202%; height: 21px;">asd&aacute;dasd</td>
</tr>
<tr style="height: 21px;">
<td style="width: 48.6202%; height: 21px;">&aacute;ddsada</td>
<td style="width: 48.6202%; height: 21px;">5121231323</td>
</tr>
<tr style="height: 21px;">
<td style="width: 48.6202%; height: 21px;">&aacute;dsad</td>
<td style="width: 48.6202%; height: 21px;">adssad</td>
</tr>
<tr style="height: 21px;">
<td style="width: 48.6202%; height: 21px;">&aacute;dasd</td>
<td style="width: 48.6202%; height: 21px;">&aacute;dasd</td>
</tr>
</tbody>
</table>',N'<p>K&iacute;ch Thước Bộ Khung gồm: 2 ảnh 30x40cm, 3 ảnh 20x25cm, 2 ảnh 15x20cm (Tổng k&iacute;ch thước sau khi treo khoảng 70x190cm)<br />Khung Ảnh Treo Tường Chất Liệu: Viền Composite<br />Mặt khung: Được l&agrave;m từ mặt k&iacute;nh 2 Li S&aacute;ng Trong, tạo cảm gi&aacute;c ch&acirc;n thực cho bức ảnh.<br />Th&iacute;ch hợp ph&ograve;ng ngủ, ph&ograve;ng kh&aacute;ch, ph&ograve;ng ăn, Tiệm kinh doanh, trang tr&iacute; tường..<br />Tặng k&egrave;m đinh 03 ch&acirc;n chuy&ecirc;n dụng v&agrave; Sơ Đồ Treo, gi&uacute;p bạn dễ d&agrave;ng sử dụng v&agrave; lắp đặt</p>
<h5>K&iacute;ch Thước Bộ Khung gồm: 2 ảnh 30x40cm, 3 ảnh 20x25cm, 2 ảnh 15x20cm (Tổng k&iacute;ch thước sau khi treo khoảng 70x190cm)</h5>
<ul>
<li>
<h5><em><strong>TẶNG:</strong></em></h5>
</li>
<li>&nbsp; &nbsp; &nbsp;- Tặng Bộ ảnh như h&igrave;nh Mẫu<br />&nbsp; &nbsp; &nbsp;- Tặng sơ đồ định vị kh&ocirc;ng cần đo đạc (lắp đơn giản trong 15 ph&uacute;t)<br />&nbsp; &nbsp; &nbsp;- Tặng Đinh 3 ch&acirc;n chuy&ecirc;n dụng treo khung ( kh&ocirc;ng cần khoan tường, kh&ocirc;ng l&agrave;m hỏng tường)<br />&nbsp; &nbsp; &nbsp;- Tặng m&oacute;c treo v&agrave; tất cả c&aacute;c phụ kiện k&egrave;m theo khung.</li>
<li><em><strong>Chất liệu:</strong></em>&nbsp;khung Composite viền khung mỏng tạo t&iacute;nh thẩm mĩ cao,</li>
<li><strong>Mặt khung:</strong>&nbsp;Được l&agrave;m từ mặt k&iacute;nh 2 Li S&aacute;ng Trong, tạo cảm gi&aacute;c ch&acirc;n thực cho bức ảnh.</li>
<li><em><strong>Đ&oacute;ng g&oacute;i:</strong></em>&nbsp;Th&ugrave;ng Carton, xốp bong b&oacute;ng, bao gồm sẵn m&oacute;c treo tranh chuy&ecirc;n dụng.</li>
<li><em><strong>Xuất sứ:</strong></em>&nbsp;Việt Nam</li>
<li>
<h5><em><strong>&nbsp;Bộ sản phẩm ho&agrave;n chỉnh bao gồm c&oacute;:</strong></em></h5>
</li>
<li>- 1 bộ Khung K&egrave;m ảnh như h&igrave;nh mẫu,<br />- 1 bộ m&oacute;c treo gắn sẵn tr&ecirc;n từng khung,<br />- 1 Bộ đinh treo tranh,<br />- 1 Sơ đồ treo tranh kh&ocirc;ng cần đo đạc.</li>
<li>
<h5><em><strong>Hướng dẫn bảo quản v&agrave; vệ sinh Khung H&igrave;nh,&nbsp;</strong></em><strong>Trong qu&aacute; tr&igrave;nh sử dụng qu&yacute; kh&aacute;ch lưu &yacute;:</strong></h5>
</li>
<li>Tr&aacute;nh lực t&aacute;c động l&ecirc;n bề mặt khung, Hạn chế để nơi c&oacute; nhiệt độ cao v&agrave; tr&aacute;nh &aacute;nh s&aacute;ng mặt trời,</li>
<li>Kh&ocirc;ng tự &yacute; th&aacute;o/lắp khung ảnh,</li>
<li>Khi khung chưa sử dụng &uacute;p 2 mặt khung v&agrave;o nhau KH&Ocirc;NG để ngược mặt khung c&aacute;c ốc v&iacute;t phụ kiện sẽ l&agrave;m trầy mặt khung,</li>
<li>Khi khung ảnh bị bụi c&oacute; thể d&ugrave;ng khăn kh&ocirc; mềm, chổi l&ocirc;ng g&agrave;, hoặc khăn giặt vắt ẩm để lau,</li>
<li>Kh&ocirc;ng tự &yacute; d&ugrave;ng c&aacute;c dung dịch để tẩy rửa ch&ugrave;i khung ảnh, c&oacute; thể sử dụng nước lau k&iacute;nh chuy&ecirc;n dụng để lau bề mặt k&iacute;nh cho s&aacute;ng đẹp.</li>
<li>
<h5><em><strong>Hướng dẫn Qu&yacute; kh&aacute;ch Tự lắp đặt Khung H&igrave;nh tại nh&agrave;,&nbsp;</strong></em><strong><em>Quy tr&igrave;nh lắp đặt tranh cực kỳ đơn giản trong 5 bước:</em></strong></h5>
</li>
<li>Phụ kiện shop tặng k&egrave;m gồm:&nbsp;1 bộ đinh treo tranh; 1 sơ đồ định vị treo tranh; v&agrave; m&oacute;c treo đ&atilde; gắn sẵn tr&ecirc;n khung<br />(M&oacute;c khung m&agrave;u đen c&oacute; thể th&aacute;o m&oacute;c ra điều chỉnh th&agrave;nh khung ngang hoặc khung dọc đều được)</li>
<li>
<h5><em><strong>&nbsp;Thao t&aacute;c:</strong></em></h5>
</li>
<li><strong>Bước 1:</strong>&nbsp;D&aacute;n sơ đồ định vị l&ecirc;n tường, cố định 4 g&oacute;c (vui l&ograve;ng quan s&aacute;t kĩ chiều đ&uacute;ng của sơ đồ v&agrave; d&aacute;n thẳng ngay ngắn l&ecirc;n tường. Bộ tranh treo đ&uacute;ng đều hay kh&ocirc;ng phụ thuộc nhiều v&agrave;o sơ đồ)</li>
<li><strong>Bước 2:</strong>&nbsp;D&ugrave;ng B&uacute;a Đ&oacute;ng đinh 3 ch&acirc;n v&agrave;o vị tr&iacute; shop đ&atilde; đ&aacute;nh dấu bằng c&aacute;c lỗ tr&ograve;n (d&ugrave;ng b&uacute;a đ&oacute;ng đều 3 c&acirc;y đinh cho đến khi đảm bảo 3 c&acirc;y đinh đ&atilde; v&agrave;o tường chắc chắn)</li>
<li><strong>Bước 3:</strong>&nbsp;sau khi đ&atilde; đ&oacute;ng tất cả đinh l&ecirc;n c&aacute;c lỗ tr&ograve;n tr&ecirc;n sơ đồ định vị , X&eacute; tờ giấy sơ đồ đi v&agrave; đinh vẫn giữ nguy&ecirc;n</li>
<li><strong>Bước 4:</strong>&nbsp;M&oacute;c hết khung ảnh l&ecirc;n đinh đ&atilde; đ&oacute;ng, ch&uacute; &yacute; m&oacute;c đinh v&agrave; m&oacute;c khung phải khớp với nhau.</li>
<li><strong>Bước 5:</strong>&nbsp;Căn chỉnh lại v&agrave; chi&ecirc;m ngưỡng th&agrave;nh quả.</li>
<li>
<h5><em><strong><u>LƯU &Yacute; :</u></strong></em></h5>
</li>
<li>Đinh treo tranh chỉ sử dụng cho tranh &lt;3kg</li>
<li>Đinh treo tranh chỉ treo với tường xi măng b&igrave;nh thường. Trường hợp tường b&ecirc; t&ocirc;ng, thạch cao, hoặc tường vữa khi đ&oacute;ng đinh sẽ kh&ocirc;ng v&agrave;o hoặc vữa tường v&igrave; vậy kh&aacute;ch h&agrave;ng vui l&ograve;ng khoan tường kh&ocirc;ng sử dụng đinh để treo tranh.</li>
</ul>
<p>Gi&aacute; sản phẩm tr&ecirc;n Tiki đ&atilde; bao gồm thuế theo luật hiện h&agrave;nh. Tuy nhi&ecirc;n tuỳ v&agrave;o từng loại sản phẩm hoặc phương thức, địa chỉ giao h&agrave;ng m&agrave; c&oacute; thể ph&aacute;t sinh th&ecirc;m chi ph&iacute; kh&aacute;c như ph&iacute; vận chuyển, phụ ph&iacute; h&agrave;ng cồng kềnh, ...</p>
<div id="simple-translate">
<div>
<div class="simple-translate-button " style="background-image: url(''chrome-extension://ibplnjkanclpjokhdolnendpplpjiace/icons/512.png''); height: 22px; width: 22px; top: 10px; left: 10px;">&nbsp;</div>
<div class="simple-translate-panel isShow" style="width: 300px; height: 100px; top: 10px; left: 10px; font-size: 13px; background-color: #ffffff;">
<div class="simple-translate-result-wrapper" style="overflow: hidden;">
<div class="simple-translate-move" draggable="true">&nbsp;</div>
<div class="simple-translate-result-contents">
<p class="simple-translate-result" dir="auto" style="color: #000000;">ad</p>
<p class="simple-translate-candidate" dir="auto" style="color: #737373;">đ&ocirc;̣ng từ: give, provide, bestow, hand, inflict, administer</p>
</div>
</div>
</div>
</div>
</div>',N'e2a5751a-396b-4b43-90ae-90891d07c75d',0,-6,N'["https://firebasestorage.googleapis.com/v0/b/duanimage-50853.appspot.com/o/images%2FCV.jpg?alt=media&token=dde4dc64-3a41-4935-a648-aa11d93d1d72","https://firebasestorage.googleapis.com/v0/b/duanimage-50853.appspot.com/o/images%2FScreenshot_20210126-114405.png?alt=media&token=2af65c0a-40e1-425a-8d19-077510af0833","https://firebasestorage.googleapis.com/v0/b/duanimage-50853.appspot.com/o/images%2FScreenshot%20from%202021-01-14%2016-22-02.png?alt=media&token=c63e76c1-7981-4d00-8beb-dbf8144bbf43","https://firebasestorage.googleapis.com/v0/b/duanimage-50853.appspot.com/o/images%2FScreenshot%20from%202021-01-20%2013-37-37.png?alt=media&token=c8b10cef-bcea-4de6-9b26-be14073bdca6","https://firebasestorage.googleapis.com/v0/b/duanimage-50853.appspot.com/o/images%2FScreenshot%20from%202021-01-20%2018-01-17.png?alt=media&token=ecc44082-ffb3-4dba-b5da-588e0843d8e0","https://firebasestorage.googleapis.com/v0/b/duanimage-50853.appspot.com/o/images%2FScreenshot%20from%202021-01-22%2017-27-29.png?alt=media&token=3a92b7d6-d32e-4725-986d-07e206e7411e","https://firebasestorage.googleapis.com/v0/b/duanimage-50853.appspot.com/o/images%2FScreenshot%20from%202021-02-01%2013-52-15.png?alt=media&token=64c5fd96-6af1-4ed9-a2bb-7983015b8400"]','2021-05-16 23:33:05.000','2021-06-07 10:33:20.000',N'336be9a9-b9b2-4511-a942-08b20d244e79',0,5.0,1),
	 (N'18dc0e46-9637-4385-b72d-091df8e0d704',N'Dây điện',5000000,N'1231231',N'23123123',N'123123123',N'123123123',N'e2a5751a-396b-4b43-90ae-90891d07c75d',10,52,N'["https://firebasestorage.googleapis.com/v0/b/duanimage-50853.appspot.com/o/images%2F20201218_215811.jpg?alt=media&token=0824b1b6-e5b2-47c1-8e38-60f181769073"]','2021-04-20 11:23:48.000','2021-04-20 11:23:48.000',N'336be9a9-b9b2-4511-a942-08b20d244e79',0,4.0,3),
	 (N'20d78ebf-7b29-4654-a36a-26733cf2e263',N'Chuột Văn Phòng, Chuột Game Có Dây A867 HXSJ - Hàn',300000,N'red',N'12',N'',N'Chuột Văn Phòng, Chuột Game Có Dây A867 HXSJ - Hàn',N'1a8ac6cf-7637-4850-8447-06fcd3fd697f',12,3,N'["https://firebasestorage.googleapis.com/v0/b/duanimage-50853.appspot.com/o/images%2FScreenshot%202020-12-23%20183253.png?alt=media&token=32c4989e-2e59-475e-8484-009c2914b076"]','2021-04-17 04:49:53.000','2021-05-07 07:11:11.000',N'336be9a9-b9b2-4511-a942-08b20d244e79',0,0.0,0),
	 (N'37ca18f1-ea88-4a16-8218-2e0af7014a01',N'Bàn phím có dây Prolink PKCM2006 - Hàng Chính Hãng',190000,N'2',N'2',N'<p>Prolink</p>',N'<p>Cảm gi&aacute;c bấm ph&iacute;m &ecirc;m, nhạy, phản hồi nhanh.</p>',N'7f42eb0c-f1f5-47f7-9b2c-9e042a0f971a',10,2,N'["https://salt.tikicdn.com/cache/w1200/ts/product/dd/ed/f4/c3ae8cb299c381d89ff64456fae9f00b.jpg"]','2021-04-10 00:00:00.000','2021-06-03 23:39:02.000',N'336be9a9-b9b2-4511-a942-08b20d244e79',0,0.0,0),
	 (N'3d73298c-bb6f-4cf8-8d87-d485f352868b',N'Tai nghe bluetooth 5.0 TWS Air Pro - Định vị + Đổi tên thiết bị và Tháo tai nghe dừng nhạc',290000,N'Trắng',N'',N'OEM',N'Tai Nghe Bluetooth Air Pro True Wireless được thiết kế như một tai nghe in-ear thay vì earbud toàn khung nhựa 100%.',N'fd3062e6-fb50-4c74-bae6-e4f086fcaa71',1,0,N'["https://salt.tikicdn.com/cache/w1200/ts/product/fd/90/f0/adb95f59846c693f26257a087c4e20d3.JPG"]','2021-04-10 00:00:00.000','2021-04-10 00:00:00.000',N'336be9a9-b9b2-4511-a942-08b20d244e79',0,0.0,0),
	 (N'405e6bd7-4786-4968-9ba6-71befeaa0418',N'Adapter Củ Sạc CHOETECH PD 20W Chuyên Sạc Nhanh iPhone, iPhone 12 PD5005 - Hàng Chính Hãng',199000,N'Trắng',N'',N'CHOETECH',N'Sạc nhanh 20W: Củ sạc được trang bị cổng PD 3.0 và công suất đầu ra tối đa 20W giúp sạc nhanh hơn gấp 3 lần cho iPhone của bạn và các thiết bị hỗ trợ USB-C khác (sạc đến 50% chỉ trong 30 phút).',N'8e61d119-aaf9-4188-94d5-2bf3b8563c31',5,10,N'["https://salt.tikicdn.com/cache/w1200/ts/product/55/d9/bd/8282d78d6bfb67eded968d730a183534.png"]','2021-04-10 00:00:00.000','2021-04-10 00:00:00.000',N'336be9a9-b9b2-4511-a942-08b20d244e79',0,0.0,0),
	 (N'469dd7be-0b6b-4bd7-ac5e-0e9ebd2dc413',N'Chuột Gaming Logitech G102 Gen 2 Lightsync - Hàng Chính Hãng',390000,N'Trắng',N'',N'Logitech',N'Chiếu sáng RGB LIGHTSYNC',N'8fccfad4-4483-4c7e-9374-ac92280f9a20',5,7,N'["https://salt.tikicdn.com/cache/w1200/ts/product/65/5b/61/eff13cf032dea38ccaa08a8d1282375e.jpg"]','2021-04-10 00:00:00.000','2021-04-10 00:00:00.000',N'336be9a9-b9b2-4511-a942-08b20d244e79',0,0.0,0),
	 (N'4c9f4060-0214-4af8-9253-e9a95cde4912',N'Máy giặt Samsung Inverter 8 kg WW80T3020WW - Chỉ giao HCM',5290000,N'Trắng',N'',N'Samsung',N'Máy giặt Samsung Inverter 8 kg WW80T3020WW với sắc trắng trang nhã, thiết kế hiện đại, lồng giặt rộng rãi hứa hẹn sẽ là trợ thủ đắt lực cho chị em nội trợ. Khối lượng giặt lớn, lên đến 8 kg phù hợp với những gia đình trên 5 thành viên.',N'36a02659-4d4b-433d-af64-1bb9fb602b66',5,-11,N'["https://salt.tikicdn.com/cache/w1200/ts/product/66/a8/13/2e2080910aeb92c72509551b7dd9369e.jpg"]','2021-04-10 00:00:00.000','2021-04-10 00:00:00.000',N'336be9a9-b9b2-4511-a942-08b20d244e79',0,3.0,1),
	 (N'73a3f8b9-9806-43da-b76a-fe580d65f9ad',N'Tai nghe Bluetooth nhét tai không dây có hộp sạc - Tai nghe âm thanh nổi 3D có tính năng chống ồn - IPX5 - Chống nước - Hàng Chính Hãng PKCB',590000,N'Trắng',N'',N'PKCB',N'Tai nghe Bluetooth nhét tai không dây có hộp sạc - Tai nghe âm thanh nổi 3D có tính năng chống ồn - IPX5 - Chống nước - Hàng Chính Hãng PKCB',N'fd3062e6-fb50-4c74-bae6-e4f086fcaa71',5,8,N'["https://salt.tikicdn.com/cache/w1200/ts/product/86/65/9c/b0d1a7d9f94a2f5fac6ac32093111155.png"]','2021-04-10 00:00:00.000','2021-04-10 00:00:00.000',N'336be9a9-b9b2-4511-a942-08b20d244e79',0,0.0,0);
INSERT INTO db_a743ce_vuanhlk15.dbo.Product (ID,Name,Price,Color,[Size],Detail,Description,CategoryID,Discount,Quanlity,Image,AddedTime,LastModify,StoreID,SoldQuanlity,Star,RatingsCount) VALUES
	 (N'73bc29fc-009c-4c5b-a1cd-de2c16abeaba',N'Na',300000,N'Xanh',N'XXX',N'<p>Kh&ocirc;ng c&oacute;</p>',N'<p>Kh&ocirc;ng c&oacute;</p>',N'e2a5751a-396b-4b43-90ae-90891d07c75d',5,-1,N'["https://salt.tikicdn.com/cache/w1200/ts/product/35/25/4b/46399d577f6534003dbb3c4227da48b5.jpg","https://salt.tikicdn.com/cache/w1200/ts/product/51/85/4c/617d6d91edacb9b1fa1541dd3c81ab6c.jpg"]','2021-04-10 00:00:00.000','2021-06-06 19:01:21.000',N'336be9a9-b9b2-4511-a942-08b20d244e79',0,0.0,0),
	 (N'86525d7f-3d79-4178-813f-028d1483eedf',N'test Máy Tính Bảng Samsung Galaxy Tab A8 8 T295 - Hàng Chính Hãng',2990000,N'Đen',N'8 inch',N'Máy tính bảng của samsung',N'Mô tả máy samsung',N'71b43f31-30ce-40f8-9d09-7cfb8276c7eb',0,10,N'["https://salt.tikicdn.com/cache/w1200/ts/product/05/f4/a0/4d066ca1f0249c6ff49af104b8b0c431.jpg","https://salt.tikicdn.com/cache/w1200/ts/product/47/1b/2c/09ab0c61dadfbfc60a31604a01362d59.jpg"]','2021-04-12 09:23:55.000','2021-06-04 10:04:40.000',N'336be9a9-b9b2-4511-a942-08b20d244e79',0,0.0,0),
	 (N'87bbb715-0ba9-4d77-a8da-a29bf7d1fb18',N'Bản đồ kho báu',200000,N'Đen',N'asd',N'<p>sad</p>',N'<p>asd</p>',N'36a02659-4d4b-433d-af64-1bb9fb602b66',3,3,N'["https://firebasestorage.googleapis.com/v0/b/duanimage-50853.appspot.com/o/images%2FUntitled2.png?alt=media&token=59c17042-b6bc-4d90-8e4c-4d679e7ce479"]','2021-06-03 23:02:10.000','2021-06-09 22:27:14.000',N'756beya9-79b2-4001-a942-08b209244e79',0,0.0,0),
	 (N'8f78c462-0fde-4289-894e-0e788682e08b',N'Combo 2 Hộp NESCAFÉ 3in1 Cà Phê Rang Xay Hòa Tan Đậm Đà Hài Hòa',97999,N'đen',N'100g',N'<table>
<tbody>
<tr>
<td>Thương hiệu</td>
<td>NESCAF&Eacute;</td>
</tr>
<tr>
<td>Xuất xứ thương hiệu</td>
<td>Thụy Sỹ</td>
</tr>
<tr>
<td>Hạn sử dụng</td>
<td>12 th&aacute;ng kể từ ng&agrave;y sản xuất</td>
</tr>
<tr>
<td>Hướng dẫn bảo quản</td>
<td>
<p>Bảo quản sản phẩm nơi kh&ocirc; r&aacute;o, tho&aacute;ng m&aacute;t, tr&aacute;nh &aacute;nh nắng trực tiếp.</p>
</td>
</tr>
<tr>
<td>Hướng dẫn sử dụng</td>
<td>
<ul>
<li>Uống n&oacute;ng: H&ograve;a 1 g&oacute;i NESCAF&Eacute; 3in1 với 70ml nước n&oacute;ng v&agrave; khuấy đều</li>
<li>Uống lạnh: H&ograve;a 2 g&oacute;i NESCAF&Eacute; 3in1 với 70ml nước n&oacute;ng, khuấy đều v&agrave; th&ecirc;m đ&aacute;.</li>
</ul>
</td>
</tr>
<tr>
<td>Xuất xứ</td>
<td>Việt Nam</td>
</tr>
<tr>
<td>Th&agrave;nh phần</td>
<td>
<p>Đường, bột kem pha c&agrave; ph&ecirc; (c&oacute; chứa c&agrave; ph&ecirc; rang xay nhuyễn (1,1%)) (c&oacute; chứa sữa - contain milk), c&agrave; ph&ecirc; h&ograve;a tan (12%), maltodextrin, muối i-ốt, hương tổng hợp d&ugrave;ng trong thực phẩm, chất điều chỉnh độ chua 500(ii).</p>
</td>
</tr>
<tr>
<td>SKU</td>
<td>5765320795528</td>
</tr>
</tbody>
</table>',N'<ul>
<li><strong>Combo 2 Hộp NESCAF&Eacute; 3in1 C&agrave; Ph&ecirc; Rang Xay H&ograve;a Tan Đậm Đ&agrave; H&agrave;i H&ograve;a</strong>&nbsp;mang đến cho bạn hương vị đậm đ&agrave;, nổi bật gu c&agrave; ph&ecirc; h&agrave;i h&ograve;a giữa vị c&agrave; ph&ecirc; v&agrave; vị sữa. Nay thơm ngon hơn với c&ocirc;ng nghệ bổ sung c&agrave; ph&ecirc; rang xay nhuyễn độc quyền.</li>
<li>NESCAF&Eacute; tự h&agrave;o tạo ra một thế hệ c&agrave; ph&ecirc; ho&agrave;n to&agrave;n mới, kết hợp ho&agrave;n hảo giữa c&agrave; ph&ecirc; Rang Xay v&agrave; c&agrave; ph&ecirc; H&ograve;a Tan m&agrave; ở đ&oacute;, sản phẩm C&agrave; Ph&ecirc; Rang Xay H&ograve;a Tan:<br />
<ul>
<li>Giữ lại trọn vẹn hương thơm đặc trưng l&ocirc;i cuốn của c&agrave; ph&ecirc; Rang Xay</li>
<li>L&agrave;m cho t&aacute;ch c&agrave; ph&ecirc; 3in1 nay c&agrave;ng đậm đ&agrave; kh&oacute; cưỡng</li>
</ul>
</li>
</ul>
<p>Gi&aacute; sản phẩm tr&ecirc;n Tiki đ&atilde; bao gồm thuế theo luật hiện h&agrave;nh. Tuy nhi&ecirc;n tuỳ v&agrave;o từng loại sản phẩm hoặc phương thức, địa chỉ giao h&agrave;ng m&agrave; c&oacute; thể ph&aacute;t sinh th&ecirc;m chi ph&iacute; kh&aacute;c như ph&iacute; vận chuyển, phụ ph&iacute; h&agrave;ng cồng kềnh, ...</p>
<p>test sửa</p>',N'e2a5751a-396b-4b43-90ae-90891d07c75d',0,49,N'["https://firebasestorage.googleapis.com/v0/b/duanimage-50853.appspot.com/o/images%2F4abb8eaacfb4741bddb94dfcdb27945e.jpg?alt=media&token=239d5e9f-3bd5-4bff-a8fc-da0042b4a973","https://firebasestorage.googleapis.com/v0/b/duanimage-50853.appspot.com/o/images%2F4d18f47361671b23886a0fbff4387428.jpg?alt=media&token=bc8bab3d-5d18-45d5-a8c1-a3800e6eddec"]','2021-06-11 09:42:56.000','2021-06-11 09:45:25.000',N'e4a32ddd-35fd-4a93-a477-0e9cf515febd',0,0.0,0),
	 (N'94e2900e-e6c7-48e8-a8a3-e265f65cc07b',N'Adapter Sạc 1 Cổng Anker 18W / 20W PowerPort III Nano Tích Hợp PowerIQ 3.0 - Hàng Chính Hãng',300000,N'Trắng - 18W',N'',N'PowerPort',N'Thiết kế nhỏ gọn, giảm tình trạng nóng của adapter sạc',N'8e61d119-aaf9-4188-94d5-2bf3b8563c31',5,10,N'["https://salt.tikicdn.com/cache/w1200/ts/product/dc/a4/7c/a28c493eeba096ba1a09f023606f0108.png"]','2021-04-10 00:00:00.000','2021-04-10 00:00:00.000',N'336be9a9-b9b2-4511-a942-08b20d244e79',0,0.0,0),
	 (N'98ca783d-1df1-4109-93af-7e706ea38ca8',N'Điện Thoại Samsung Galaxy S20 Plus (8GB/128GB) - Hàng Chính Hãng',22590000,N'Đen',N'6.7 inch',N'<p>Ch&iacute;nh h&atilde;ng, Nguy&ecirc;n seal, Mới 100%<br />C&ocirc;ng nghệ m&agrave;n h&igrave;nh: Quad HD+ HDR10+, 120Hz<br />M&agrave;n h&igrave;nh rộng: 6.7 inch<br />Độ ph&acirc;n giải: 1440 x 3200 pixel<br />Hệ điều h&agrave;nh: Android 10.0; One UI 2<br />CPU: Chip Exynos 990<br />Camera sau: 12MP + 12MP + 64MP<br />Camera trước: 10MP<br />RAM: 8GB<br />Bộ nhớ trong: 128GB<br />Hỗ trợ thẻ nhớ: Khe thẻ nhớ mở rộng tới 1TB<br />Thẻ SIM: 2 SIM<br />Dung lượng pin: 4.500 mAh, sạc nhanh 25W, USB Power Delivery 3.0<br />Sạc kh&ocirc;ng d&acirc;y ngược cho thiết bị kh&aacute;c, chống nước IP68</p>',N'<p>&nbsp;</p>
<h5><strong><iframe src="https://www.youtube.com/embed/l2VeLBmScaU" width="750" height="421" allowfullscreen="allowfullscreen" data-mce-fragment="1"></iframe></strong></h5>
<h5><strong>Thế Hệ Smartphone Thay Đổi Tương Lai Nhiếp Ảnh</strong></h5>
<p><strong>Điện Thoại Samsung Galaxy S20&nbsp;Plus (128GB/ 8GB)</strong>&nbsp;- Thế hệ Galaxy&nbsp;<strong>S20&nbsp;Plus</strong>&nbsp;đột ph&aacute; mang t&iacute;nh lịch sử của thập kỷ cho thiết bị di động.</p>
<h5><strong>Vẻ đẹp ho&agrave;n thiện b&ecirc;n ngo&agrave;i v&agrave; sức mạnh xử l&yacute; b&ecirc;n trong</strong></h5>
<p>Sẵn s&agrave;ng ch&igrave;m đắm trong một tuyệt t&aacute;c m&agrave;n h&igrave;nh Infinity-O, tr&agrave;n viền v&agrave; chỉ tồn tại một camera nhỏ duy nhất. Chuẩn HDR10+ n&acirc;ng cấp tạo n&ecirc;n chất lượng hiển thị chuẩn điện ảnh, sống động mọi chi tiết tr&ecirc;n một m&agrave;n h&igrave;nh liền mạch, ho&agrave;n hảo bao tr&ugrave;m mọi gi&aacute;c quan.</p>
<p>Với tần số qu&eacute;t l&ecirc;n đến 120Hz từ thế hệ Galaxy&nbsp;S20+, đừng ngạc nhi&ecirc;n với độ phản hồi cực ch&iacute;nh x&aacute;c để bạn ch&igrave;m đắm v&agrave;o c&aacute;c m&agrave;n game đỉnh cao hay sự mượt m&agrave; ho&agrave;n hảo khi chuyển đổi giữa c&aacute;c ứng dụng.</p>
<p><img id="https://salt.tikicdn.com/ts/tmp/03/fb/5a/839786e6bc4eac31e32687df9f6d11aa.jpg" title="Điện Thoại Samsung Galaxy S20 (128GB/8GB) - H&agrave;ng Ch&iacute;nh H&atilde;ng" src="https://salt.tikicdn.com/ts/tmp/03/fb/5a/839786e6bc4eac31e32687df9f6d11aa.jpg" alt="Điện Thoại Samsung Galaxy S20 (128GB/8GB) - H&agrave;ng Ch&iacute;nh H&atilde;ng" width="750" height="530" /></p>
<p><img id="https://salt.tikicdn.com/ts/tmp/6d/aa/e9/7d409225df0a7a0dd2424f51d13a6012.jpg" title="Điện Thoại Samsung Galaxy S20 (128GB/8GB) - H&agrave;ng Ch&iacute;nh H&atilde;ng" src="https://salt.tikicdn.com/ts/tmp/6d/aa/e9/7d409225df0a7a0dd2424f51d13a6012.jpg" alt="Điện Thoại Samsung Galaxy S20 (128GB/8GB) - H&agrave;ng Ch&iacute;nh H&atilde;ng" width="750" height="555" /></p>
<h5><strong>Kh&aacute;m ph&aacute; khung h&igrave;nh bạn chưa từng thấy với khả năng ph&oacute;ng to l&ecirc;n đến 30X</strong></h5>
<p>Giới thiệu Hybrid Optic Zoom 3x - camera ti&ecirc;n tiến nhất của ch&uacute;ng t&ocirc;i với ống k&iacute;nh gập v&agrave; cảm biến h&igrave;nh ảnh c&oacute; độ ph&acirc;n giải sắc n&eacute;t. Kết hợp với ống k&iacute;nh Super Resolution Zoom hỗ trợ bởi AI, h&atilde;y sẵn s&agrave;ng ph&aacute; vỡ mọi khoảng c&aacute;ch, vươn ống k&iacute;nh v&agrave; thu trọn mọi khoảnh khắc v&ocirc; gi&aacute; như ch&iacute;nh mắt bạn đang nh&igrave;n thấy.</p>
<h5><strong>Kh&ocirc;ng Thể Thiếu Cho Lối Sống Năng Động</strong></h5>
<p>Dễ d&agrave;ng kết nối Galaxy Watch Active2 với điện thoại để nhanh ch&oacute;ng kiểm tra sức khỏe hay tiện lợi điều khiển ứng dụng. Thiết kế thời trang v&agrave; tinh giản gi&uacute;p bạn th&ecirc;m nổi bật, thu h&uacute;t mọi &aacute;nh nh&igrave;n.</p>
<p><img id="https://salt.tikicdn.com/ts/tmp/ad/77/34/77a8d3f1ed99128e7e1c013ca95c36b1.jpg" title="Điện Thoại Samsung Galaxy S20 (128GB/8GB) - H&agrave;ng Ch&iacute;nh H&atilde;ng" src="https://salt.tikicdn.com/ts/tmp/ad/77/34/77a8d3f1ed99128e7e1c013ca95c36b1.jpg" alt="Điện Thoại Samsung Galaxy S20 (128GB/8GB) - H&agrave;ng Ch&iacute;nh H&atilde;ng" width="750" height="407" /></p>
<h5><strong>Quay Phim Điện Ảnh 8K - Bước tiến lớn cho nhiếp ảnh di động, thay đổi c&aacute;ch bạn chụp v&agrave; quay video</strong></h5>
<p>Bước nhảy vọt đỉnh cao về độ ph&acirc;n giải 8K, cho ph&eacute;p thu ph&oacute;ng si&ecirc;u n&eacute;t tr&ecirc;n những thước phim hay h&igrave;nh ảnh được quay bằng điện thoại.</p>
<p>Ch&uacute;ng t&ocirc;i tạo n&ecirc;n cuộc c&aacute;ch mạng đột ph&aacute; với những thước phim quay bằng điện thoại - n&acirc;ng tầm độ ph&acirc;n giải từ 4K l&ecirc;n chuẩn 8K đỉnh cao, gấp 4 lần chuẩn UHD v&agrave; 16 lần chuẩn FHD. Duy tr&igrave; độ sắc n&eacute;t đ&aacute;ng kinh ngạc ngay cả khi video bạn quay được tr&igrave;nh chiếu tr&ecirc;n c&aacute;c m&agrave;n h&igrave;nh si&ecirc;u lớn như rạp chiếu phim.</p>
<p><img id="https://salt.tikicdn.com/ts/tmp/f9/22/bf/4d4f292cb8cb08d50afdb29796d44a96.jpg" title="Điện Thoại Samsung Galaxy S20 (128GB/8GB) - H&agrave;ng Ch&iacute;nh H&atilde;ng" src="https://salt.tikicdn.com/ts/tmp/f9/22/bf/4d4f292cb8cb08d50afdb29796d44a96.jpg" alt="Điện Thoại Samsung Galaxy S20 (128GB/8GB) - H&agrave;ng Ch&iacute;nh H&atilde;ng" width="660" height="363" /></p>
<h5><strong>Tận hưởng nội dung bạn y&ecirc;u th&iacute;ch, nhanh ch&oacute;ng, tại mọi nơi</strong></h5>
<p>Với chuẩn Wi-Fi6 v&agrave; tốc độ LTE l&ecirc;n đến 2.0Gps, tốc độ tải về trở n&ecirc;n nhanh hơn, cho bạn thoả th&iacute;ch xem phim hay c&aacute;c chương tr&igrave;nh y&ecirc;u th&iacute;ch, tại mọi nơi.</p>
<h5><strong>Lu&ocirc;n sẵn s&agrave;ng, sau một ng&agrave;y d&agrave;i</strong></h5>
<p>Kh&ocirc;ng chỉ sở hữu si&ecirc;u pin lớn nhất l&ecirc;n đến 4500mAh (ti&ecirc;u chuẩn).&nbsp;Thế hệ Galaxy&nbsp;S20+ si&ecirc;u th&ocirc;ng minh tự động nhận biết v&agrave; điều chỉnh năng lượng ti&ecirc;u thụ dựa theo th&oacute;i quen sử dụng của ch&iacute;nh bạn. Gi&uacute;p tối ưu hiệu suất hoạt động, k&eacute;o d&agrave;i tuổi thọ pin.</p>
<p><img id="https://salt.tikicdn.com/ts/tmp/35/11/96/0dd0569f6da72b5053f5d4359ce0141d.jpg" title="Điện Thoại Samsung Galaxy S20 (128GB/8GB) - H&agrave;ng Ch&iacute;nh H&atilde;ng" src="https://salt.tikicdn.com/ts/tmp/35/11/96/0dd0569f6da72b5053f5d4359ce0141d.jpg" alt="Điện Thoại Samsung Galaxy S20 (128GB/8GB) - H&agrave;ng Ch&iacute;nh H&atilde;ng" width="750" height="646" /></p>
<h5><strong>Kiến Tạo Tuyệt T&aacute;c B&oacute;ng Đ&ecirc;m</strong></h5>
<p>Th&aacute;ch thức m&agrave;n đ&ecirc;m, sẵn s&agrave;ng tạo kiệt t&aacute;c với cảm biến k&iacute;ch thước lớn gấp 3 lần. Ngay cả trong điều kiện &aacute;nh s&aacute;ng yếu, hệ thống camera chuy&ecirc;n nghiệp gi&uacute;p bạn chụp nhiều tấm h&igrave;nh c&ugrave;ng một l&uacute;c, hợp nhất ch&uacute;ng v&agrave; cho ra tấm h&igrave;nh đẹp nhất với độ nh&ograve;e v&agrave; độ nhiễu được giảm thiểu tối đa.&nbsp;Sẵn s&agrave;ng lưu trọn cảnh đ&ecirc;m ấn tượng, kiến tạo kiệt t&aacute;c đậm dấu ấn bạn với chế độ ban đ&ecirc;m Night Mode, cảm biến h&igrave;nh ảnh tăng cường v&agrave; c&ocirc;ng nghệ AI đỉnh cao.</p>
<p><img id="https://salt.tikicdn.com/ts/tmp/09/6b/89/7b8102c36eb47d8812e63ed73660d02b.jpg" title="Điện Thoại Samsung Galaxy S20 (128GB/8GB) - H&agrave;ng Ch&iacute;nh H&atilde;ng" src="https://salt.tikicdn.com/ts/tmp/83/4f/09/9f56243ad6cd1e26506404961943b338.jpg" alt="Điện Thoại Samsung Galaxy S20 (128GB/8GB) - H&agrave;ng Ch&iacute;nh H&atilde;ng" width="745" height="441" /></p>
<h5><strong>Xo&aacute; h&igrave;nh v&igrave; kh&ocirc;ng đủ dung lượng? - Đ&atilde; thuộc về 2019</strong></h5>
<p>Y&ecirc;n t&acirc;m lưu giữ mọi h&igrave;nh ảnh hay video chất lượng cao ngay tr&ecirc;n Galaxy&nbsp;S20+, S20++. Với bộ nhớ trong cực lớn v&agrave; c&oacute; thể mở rộng l&ecirc;n tới 1TB qua thẻ microSD, bạn lu&ocirc;n c&oacute; đủ kh&ocirc;ng gian d&agrave;nh cho những khoảnh khắc v&ocirc; gi&aacute;.</p>
<h5><strong>Với hệ thống bảo mật n&acirc;ng cấp v&agrave; ti&ecirc;n tiến từ Samsung, những g&igrave; của bạn chỉ l&agrave; của bạn.</strong></h5>
<p>Ch&uacute;ng t&ocirc;i tạo n&ecirc;n một bộ xử l&yacute; đ&aacute;ng tin cậy nhằm bảo vệ m&atilde; PIN, mật khẩu, h&igrave;nh vẽ v&agrave; Hệ Lưu Trữ M&atilde; Kh&oacute;a Ri&ecirc;ng (Blockchain Private Key) của bạn. Phối hợp chặt chẽ c&ugrave;ng nền tảng bảo mật Knox, mọi bộ phận từ phần cứng tới phần mềm đều được bảo vệ tối ưu, gi&uacute;p mọi dữ liệu được an to&agrave;n tuyệt đối.</p>
<p>N&acirc;ng cao trải nghiệm Galaxy của bạn với khả năng gh&eacute;p nối dễ d&agrave;ng, sự bảo vệ tối ưu v&agrave; khả năng sạc đầy năng lượng nhanh ch&oacute;ng.</p>
<h5><strong>Lu&ocirc;n c&oacute; đủ kh&ocirc;ng gian để lưu trữ mọi h&igrave;nh ảnh v&agrave; video bạn y&ecirc;u th&iacute;ch</strong></h5>
<p>Y&ecirc;n t&acirc;m lưu giữ mọi h&igrave;nh ảnh hay video chất lượng cao ngay tr&ecirc;n Galaxy&nbsp;S20+, S20++ v&agrave; S20+ Ultra. Với bộ nhớ trong ấn tượng v&agrave; c&oacute; thể mở rộng l&ecirc;n tới 1TB qua thẻ microSD, bạn lu&ocirc;n c&oacute; đủ kh&ocirc;ng gian d&agrave;nh cho những khoảnh khắc v&ocirc; gi&aacute;.</p>
<p><img id="https://salt.tikicdn.com/ts/tmp/28/39/25/952e9cb828b17c4974e736415bf43064.jpg" title="Điện Thoại Samsung Galaxy S20 (128GB/8GB) - H&agrave;ng Ch&iacute;nh H&atilde;ng" src="https://salt.tikicdn.com/ts/tmp/28/39/25/952e9cb828b17c4974e736415bf43064.jpg" alt="Điện Thoại Samsung Galaxy S20 (128GB/8GB) - H&agrave;ng Ch&iacute;nh H&atilde;ng" width="750" height="588" /></p>
<h5><strong>Đ&agrave;m thoại video chất lượng cao c&ugrave;ng bạn b&egrave;</strong></h5>
<p>N&acirc;ng tầm cuộc gọi với Google Duo tối ưu. Kết nối trực tiếp với Google Duo từ ứng dụng Điện Thoại, Tin Nhắn hoặc Danh Bạ của bạn v&agrave; tận hưởng chất lượng gọi video mượt m&agrave;, liền mạch tr&ecirc;n nhiều hệ điều h&agrave;nh kh&aacute;c nhau.</p>
<p>Thế hệ Galaxy&nbsp;S20+ si&ecirc;u th&ocirc;ng minh tự động nhận biết v&agrave; điều chỉnh năng lượng ti&ecirc;u thụ dựa theo th&oacute;i quen sử dụng của ch&iacute;nh bạn. Thoả sức trải nghiệm ng&agrave;y d&agrave;i chỉ với một lần sạc duy nhất.</p>
<p>Chứng kiến bước nhảy vọt đỉnh cao của độ ph&acirc;n giải h&igrave;nh ảnh 8K v&agrave; những thước phim chuẩn điện ảnh tr&ecirc;n thiết bị di động.</p>
<p><img id="https://salt.tikicdn.com/ts/tmp/60/1d/aa/333c8085306306d465a607e7247121b6.jpg" title="Điện Thoại Samsung Galaxy S20 (128GB/8GB) - H&agrave;ng Ch&iacute;nh H&atilde;ng" src="https://salt.tikicdn.com/ts/tmp/60/1d/aa/333c8085306306d465a607e7247121b6.jpg" alt="Điện Thoại Samsung Galaxy S20 (128GB/8GB) - H&agrave;ng Ch&iacute;nh H&atilde;ng" width="750" height="484" /></p>
<h5><strong>Chụp Ảnh Tĩnh 33MP Từ Video 8K</strong></h5>
<p>Độ ph&acirc;n giải đỉnh cao cho ph&eacute;p bạn chụp ảnh 33MP cực kỳ r&otilde; n&eacute;t từ video 8K đ&atilde; quay. Ngắm nh&igrave;n những khoảnh khắc v&ocirc; gi&aacute; theo một c&aacute;ch thật kh&aacute;c biệt v&agrave; trọn vẹn hơn.</p>
<p>C&ocirc;ng nghệ AI ti&ecirc;n tiến gi&uacute;p ổn định mọi thước phim như một camera h&agrave;nh tr&igrave;nh thực thụ. Tự tin tạo n&ecirc;n những thước phim si&ecirc;u mượt m&agrave;, kh&ocirc;ng mờ nh&ograve;e nhờ cảm biến h&igrave;nh ảnh lớn v&agrave; chuyển động của bộ ổn định chống lăn tr&ecirc;n camera.</p>
<p>Trải nghiệm phi&ecirc;n bản n&acirc;ng cấp đầy ấn tượng của burst mode. Nhờ t&iacute;ch hợp c&ocirc;ng nghệ AI ti&ecirc;n tiến, chế độ Single Take cho ph&eacute;p bạn chụp tới 10 gi&acirc;y v&agrave; trả về c&aacute;c định dạng ảnh kh&aacute;c nhau, từ đ&oacute;, bạn c&oacute; thể chọn ra tấm h&igrave;nh ưng &yacute; nhất m&agrave; kh&ocirc;ng cần chụp lại. (Chọn chế độ Single Take tr&ecirc;n camera rồi nhấn m&agrave;n trập. Sau đ&oacute;, di chuyển xung quanh từ 3 đến 10 gi&acirc;y để thu trọn khung cảnh trước mắt.)</p>
<h5><strong>Cảm ứng v&agrave; độ phản hồi si&ecirc;u nhạy</strong></h5>
<p>Tr&ecirc;n tuyệt t&aacute;c m&agrave;n h&igrave;nh Infinity-O, ch&uacute;ng t&ocirc;i tin rằng mọi m&agrave;n game đều trở n&ecirc;n gay cấn, hấp dẫn hơn. Bộ đ&ocirc;i phần cứng v&agrave; phần mềm mạnh mẽ, tốc độ phản hồi cảm ứng cực nhạy, hiệu suất vận h&agrave;nh tối ưu chắc chắn mang đến cho bạn những m&agrave;n game m&atilde;n nh&atilde;n với độ trễ được giảm thiểu tối đa.</p>
<p><img id="https://salt.tikicdn.com/ts/tmp/f3/7c/22/0638b0af26d0dea121c530f17bab63c4.jpg" title="Điện Thoại Samsung Galaxy S20 (128GB/8GB) - H&agrave;ng Ch&iacute;nh H&atilde;ng" src="https://salt.tikicdn.com/ts/tmp/f3/7c/22/0638b0af26d0dea121c530f17bab63c4.jpg" alt="Điện Thoại Samsung Galaxy S20 (128GB/8GB) - H&agrave;ng Ch&iacute;nh H&atilde;ng" width="750" height="459" /></p>
<h5><strong>Thoả Sức Thu Ph&oacute;ng với Camera 64MP</strong></h5>
<p>Si&ecirc;u phẩm camera với độ ph&acirc;n giải l&ecirc;n đến 64MP từ Galaxy S20+ v&agrave; S20++ cho bạn thoả sức lưu trọn từng chi tiết m&agrave; vẫn giữ được độ r&otilde; n&eacute;t cho bức ảnh ngay cả khi cắt ảnh nhiều lần.</p>
<p>Kh&aacute;m ph&aacute; t&iacute;nh năng Hybrid Optic Zoom 3X cho ph&eacute;p ph&oacute;ng to mọi đối tượng trong khung h&igrave;nh kết hợp với t&iacute;nh năng Super Resolution Zoom hỗ trợ AI. Bạn đ&atilde; sẵn s&agrave;ng ch&igrave;m đắm trong n&eacute;t đẹp của sự chi tiết m&agrave; bạn chưa từng nh&igrave;n thấy?</p>
<h5><strong>Trở th&agrave;nh DJ trong suốt chuyến đi</strong></h5>
<p>Sẻ chia &acirc;m nhạc bất tận cho cuộc h&agrave;nh tr&igrave;nh d&agrave;i th&ecirc;m th&uacute; vị. Với t&iacute;nh năng Music Share, chỉ cần gh&eacute;p đ&ocirc;i Bluetooth với điện thoại của bạn b&egrave; để bắt đầu đắm ch&igrave;m v&agrave;o &acirc;m nhạc bất tận.</p>
<p><img id="https://salt.tikicdn.com/ts/tmp/d8/81/b6/1950a7c2c24a737867187d5a7ae1f4a5.jpg" title="Điện Thoại Samsung Galaxy S20 (128GB/8GB) - H&agrave;ng Ch&iacute;nh H&atilde;ng" src="https://salt.tikicdn.com/ts/tmp/d8/81/b6/1950a7c2c24a737867187d5a7ae1f4a5.jpg" alt="Điện Thoại Samsung Galaxy S20 (128GB/8GB) - H&agrave;ng Ch&iacute;nh H&atilde;ng" width="750" height="514" /></p>
<p><img id="https://salt.tikicdn.com/ts/tmp/1a/d5/68/6382dca53699918e567dabf2da2e72b4.png" title="Điện Thoại Samsung Galaxy S20 (128GB/8GB) - H&agrave;ng Ch&iacute;nh H&atilde;ng" src="https://salt.tikicdn.com/ts/tmp/1a/d5/68/6382dca53699918e567dabf2da2e72b4.png" alt="Điện Thoại Samsung Galaxy S20 (128GB/8GB) - H&agrave;ng Ch&iacute;nh H&atilde;ng" width="750" height="381" /></p>
<p><img id="https://salt.tikicdn.com/ts/tmp/2d/18/77/6b005c5fd47ced416e5fbbfe1f419ea2.jpg" title="Điện Thoại Samsung Galaxy S20 (128GB/8GB) - H&agrave;ng Ch&iacute;nh H&atilde;ng" src="https://salt.tikicdn.com/ts/tmp/2d/18/77/6b005c5fd47ced416e5fbbfe1f419ea2.jpg" alt="Điện Thoại Samsung Galaxy S20 (128GB/8GB) - H&agrave;ng Ch&iacute;nh H&atilde;ng" width="750" height="1036" /></p>
<p><img id="https://salt.tikicdn.com/ts/tmp/41/74/0b/1f04037721096fa9611298737f9f4e24.jpg" title="Điện Thoại Samsung Galaxy S20 (128GB/8GB) - H&agrave;ng Ch&iacute;nh H&atilde;ng" src="https://salt.tikicdn.com/ts/tmp/41/74/0b/1f04037721096fa9611298737f9f4e24.jpg" alt="Điện Thoại Samsung Galaxy S20 (128GB/8GB) - H&agrave;ng Ch&iacute;nh H&atilde;ng" width="750" height="875" /></p>
<p><strong>Uy lực mạnh mẽ, xử l&yacute; tức th&igrave;</strong></p>
<p>RAM c&ugrave;ng bộ xử l&yacute; t&iacute;ch hợp AI ti&ecirc;n tiến l&agrave; một trong những điều tuyệt vời nhất m&agrave; ch&uacute;ng t&ocirc;i mang đến tr&ecirc;n thế hệ Galaxy&nbsp;S20+. Ph&aacute;t trực tiếp, chơi game hay tải về với tốc độ nhanh đến kh&ocirc;ng ngờ. Hiệu suất vận h&agrave;nh đ&aacute;ng kinh ngạc, bộ xử l&yacute; th&ocirc;ng minh tự động tải trước c&aacute;c ứng dụng thường được sử dụng để khởi chạy nhanh ch&oacute;ng.</p>
<p><strong>Cảm biến tăng cường cho kiệt t&aacute;c b&oacute;ng đ&ecirc;m th&ecirc;m ho&agrave;n mỹ</strong></p>
<p>Chế độ Night Mode kết hợp với c&aacute;c cảm biến &aacute;nh s&aacute;ng tăng cường lu&ocirc;n đảm bảo mang đến cho bạn c&aacute;c khung h&igrave;nh đủ s&aacute;ng v&agrave; đầy sức sống. Đừng bỏ lỡ khả năng chụp v&agrave; gh&eacute;p tức th&igrave; c&aacute;c h&igrave;nh ảnh để cho ra bức ảnh sắc n&eacute;t nhất với độ nhiễu được giảm thiểu tối đa.</p>
<p><strong>Đẳng cấp selfie kh&aacute;c biệt</strong></p>
<p>Camera Trước 10MP với khả năng lấy n&eacute;t nhanh gi&uacute;p bạn bắt trọn những g&oacute;c ảnh tuyệt vời nhất m&agrave; vẫn đảm bảo độ chi tiết tối ưu.</p>
<p><img id="https://salt.tikicdn.com/ts/tmp/85/23/11/011f8501bb53e523af52db190511ff0f.jpg" title="Điện Thoại Samsung Galaxy S20 (128GB/8GB) - H&agrave;ng Ch&iacute;nh H&atilde;ng" src="https://salt.tikicdn.com/ts/tmp/85/23/11/011f8501bb53e523af52db190511ff0f.jpg" alt="Điện Thoại Samsung Galaxy S20 (128GB/8GB) - H&agrave;ng Ch&iacute;nh H&atilde;ng" width="750" height="562" /></p>
<p><strong>Thưởng thức video với độ ph&acirc;n giải chưa từng c&oacute; tr&ecirc;n điện thoại</strong></p>
<p>Ch&uacute;ng t&ocirc;i mang đến sự đột ph&aacute; cho những thước phim quay bằng điện thoại - n&acirc;ng tầm độ ph&acirc;n giải từ 4K l&ecirc;n chuẩn 8K đỉnh cao, gấp 4 lần chuẩn UHD v&agrave; 16 lần chuẩn FHD. Nhờ vậy, duy tr&igrave; độ sắc n&eacute;t đ&aacute;ng kinh ngạc ngay cả khi video bạn quay được tr&igrave;nh chiếu tr&ecirc;n c&aacute;c m&agrave;n h&igrave;nh si&ecirc;u lớn như rạp chiếu phim.</p>
<p><strong>Bạn thậm ch&iacute; c&oacute; thể tr&iacute;ch xuất h&igrave;nh ảnh chất lượng 33MP từ video chuẩn 8K</strong></p>
<p>Độ ph&acirc;n giải đỉnh cao cho ph&eacute;p bạn chụp ảnh 33MP cực kỳ r&otilde; n&eacute;t từ video 8K đ&atilde; quay. Ngắm nh&igrave;n những khoảnh khắc v&ocirc; gi&aacute; theo một c&aacute;ch thật kh&aacute;c biệt v&agrave; trọn vẹn hơn.</p>
<p><strong>C&aacute;ch thức mới gi&uacute;p bạn chụp một lần với nhiều định dạng kh&aacute;c nhau</strong></p>
<p>Trải nghiệm phi&ecirc;n bản n&acirc;ng cấp đầy ấn tượng của burst mode. Nhờ t&iacute;ch hợp c&ocirc;ng nghệ AI ti&ecirc;n tiến, chế độ Single Take cho ph&eacute;p bạn chụp tới 10 gi&acirc;y v&agrave; trả về c&aacute;c định dạng ảnh kh&aacute;c nhau - từ đ&oacute;, bạn c&oacute; thể chọn ra tấm h&igrave;nh ưng &yacute; nhất m&agrave; kh&ocirc;ng cần chụp lại.&nbsp;</p>
<p><strong>Th&ecirc;m chia sẻ, th&ecirc;m niềm vui</strong></p>
<p>T&iacute;nh năng Quick Share ph&aacute;t hiện bạn b&egrave; của bạn đang ở gần, nhờ đ&oacute;, bạn thỏa sức chia sẻ dữ liệu hay h&igrave;nh ảnh với 5 người bạn c&ugrave;ng một l&uacute;c m&agrave; kh&ocirc;ng cần kết nối bluetooth.</p>
<p><strong>Mang đến những khung h&igrave;nh timelapse đẹp bất ngờ</strong></p>
<p>Thỏa sức lưu giữ cảnh đ&ecirc;m tuyệt đẹp một c&aacute;ch độc đ&aacute;o nhất. C&ocirc;ng nghệ &aacute;nh s&aacute;ng tăng cường cho ph&eacute;p bạn quay video với những tấm h&igrave;nh phơi s&aacute;ng thời gian d&agrave;i, tạo n&ecirc;n v&ocirc; v&agrave;n vệt s&aacute;ng rực rỡ, tăng th&ecirc;m sự thu h&uacute;t v&agrave; chất nghệ cho khung h&igrave;nh.</p>
<p><strong>Chỉnh Sửa H&igrave;nh Ảnh v&agrave; Video Chuy&ecirc;n Nghiệp</strong></p>
<p>Kiến tạo tuyệt t&aacute;c nghệ thuật của ri&ecirc;ng bạn với chế độ Pro Mode. T&ugrave;y chỉnh bằng tay mọi th&ocirc;ng số như thao t&aacute;c tr&ecirc;n m&aacute;y ảnh DSLR chuy&ecirc;n nghiệp, từ ISO, tốc độ m&agrave;n trập tới mức độ phơi s&aacute;ng trong mọi khung h&igrave;nh.</p>
<p><img id="https://salt.tikicdn.com/ts/tmp/64/b5/e0/d1e890b4eddf7af239a8186a37b2b939.jpg" title="Điện Thoại Samsung Galaxy S20 (128GB/8GB) - H&agrave;ng Ch&iacute;nh H&atilde;ng" src="https://salt.tikicdn.com/ts/tmp/64/b5/e0/d1e890b4eddf7af239a8186a37b2b939.jpg" alt="Điện Thoại Samsung Galaxy S20 (128GB/8GB) - H&agrave;ng Ch&iacute;nh H&atilde;ng" width="750" height="562" /></p>
<p><strong>M&agrave;n h&igrave;nh bảo vệ mắt</strong></p>
<p>M&agrave;n h&igrave;nh gi&uacute;p hạn chế &aacute;nh s&aacute;ng xanh g&acirc;y hại, ngăn ngừa t&igrave;nh trạng mỏi mắt v&agrave; rối loạn giấc ngủ, gi&uacute;p tối ưu trải nghiệm sử dụng m&agrave; kh&ocirc;ng l&agrave;m giảm thiểu hoặc biến dạng m&agrave;u.</p>
<p><strong>Cảm biến v&acirc;n tay si&ecirc;u &acirc;m</strong></p>
<p>Được thiết kế ngay dưới m&agrave;n h&igrave;nh, Cảm Biến V&acirc;n Tay Si&ecirc;u &Acirc;m nhận diện c&aacute;c điểm lồi v&agrave; l&otilde;m 3D tr&ecirc;n v&acirc;n tay bạn, đảm bảo một hệ thống bảo mật cao cấp m&agrave; chỉ bạn mới c&oacute; thể mở kho&aacute;.</p>
<p><strong>Giao diện ONE UI 2</strong></p>
<p>Thiết kế tinh tế, cho tất cả mọi người. One UI rất dễ sử dụng n&ecirc;n bạn c&oacute; thể nhanh ch&oacute;ng điều hướng qua bất kỳ t&aacute;c vụ n&agrave;o v&agrave; giảm t&igrave;nh trạng qu&aacute; tải c&ocirc;ng việc. Thiết kế mới vừa độc đ&aacute;o, vừa trực quan sẽ gi&uacute;p bạn tập trung v&agrave;o những th&ocirc;ng tin quan trọng nhất. One UI mang đến trải nghiệm nhất qu&aacute;n v&agrave; th&acirc;n thiện cho mọi người.</p>
<p>Ng&ocirc;n ngữ h&igrave;nh ảnh của One UI l&agrave; đơn giản v&agrave; thiết kế mạch lạc. C&aacute;c chi tiết được m&agrave;i giũa để mang lại giao diện nhất qu&aacute;n v&agrave; th&acirc;n thiện. Bạn c&oacute; thể xem nội dung một c&aacute;ch dễ d&agrave;ng d&ugrave; chỉ nh&igrave;n lướt qua. Trải nghiệm Galaxy với cảm gi&aacute;c tự nhi&ecirc;n v&agrave; dễ d&agrave;ng với c&aacute;c thao t&aacute;c đơn giản m&agrave; hợp l&yacute;. Bạn c&oacute; thể nhanh ch&oacute;ng truy cập c&aacute;c ứng dụng v&agrave; t&iacute;nh năng hay d&ugrave;ng tr&ecirc;n mọi thiết bị Galaxy.Bạn c&oacute; thể kết nối v&agrave; tập trung bất kể k&iacute;ch thước m&agrave;n h&igrave;nh thiết bị Galaxy của bạn như thế n&agrave;o.</p>
<p>One UI 2 mang đến một thiết kế hợp l&yacute;, gi&uacute;p bạn cập nhật th&ocirc;ng tin m&agrave; kh&ocirc;ng cản trở c&ocirc;ng việc bạn đang tiến h&agrave;nh. Th&ocirc;ng b&aacute;o sẽ chiếm &iacute;t kh&ocirc;ng gian hơn để bạn c&oacute; thể tập trung hơn v&agrave;o c&ocirc;ng việc quan trọng. Hỗ trợ mắt v&agrave;o ban đ&ecirc;m bằng c&aacute;ch l&agrave;m dịu m&agrave;n h&igrave;nh trong Chế độ Tối cải tiến. Thể hiện c&aacute; t&iacute;nh m&agrave; vẫn gi&uacute;p tiết kiệm pin. Lựa chọn nằm trong tay bạn.</p>
<p>T&iacute;ch hợp menu v&agrave; t&iacute;nh năng m&agrave;u tối thống nhất tr&ecirc;n One UI 2 để l&agrave;m dịu m&agrave;n h&igrave;nh v&agrave; đ&ocirc;i mắt của bạn. C&aacute; nh&acirc;n h&oacute;a m&agrave;n h&igrave;nh của bạn theo nhiều c&aacute;ch hơn bao giờ hết. Bật M&agrave;n h&igrave;nh kh&oacute;a động để thay đổi m&agrave;n h&igrave;nh bằng một h&igrave;nh ảnh kh&aacute;c mỗi lần bạn mở kh&oacute;a điện thoại.</p>
<p>One UI 2 mang lại sức mạnh để ch&uacute;ng ta thỏa ch&iacute; đam m&ecirc; với thiết kế tinh tế v&agrave; c&ocirc;ng nghệ hỗ trợ những người d&ugrave;ng gặp kh&oacute; khăn: N&acirc;ng cao th&iacute;nh gi&aacute;c v&agrave; Cải thiện khả năng hiển thị.One UI 2 mang đến c&aacute;c c&ocirc;ng cụ để quản l&yacute; thời gian sử dụng điện thoại v&agrave; tập trung hơn v&agrave;o những điều quan trọng trong cuộc sống. Theo d&otilde;i qu&aacute; tr&igrave;nh sử dụng, quản l&yacute; thời gian bật m&agrave;n h&igrave;nh hoặc bật Chế độ Tập trung để tr&aacute;nh bị xao nh&atilde;ng.</p>
<p><strong>Kh&ocirc;ng sợ nước x&acirc;m nhập</strong></p>
<p>C&oacute; thể chịu được mức nước c&oacute; độ s&acirc;u l&ecirc;n đến 1.5m trong khoảng 30 ph&uacute;t.</p>
<p>Gi&aacute; sản phẩm tr&ecirc;n Tiki đ&atilde; bao gồm thuế theo luật hiện h&agrave;nh. Tuy nhi&ecirc;n tuỳ v&agrave;o từng loại sản phẩm hoặc phương thức, địa chỉ giao h&agrave;ng m&agrave; c&oacute; thể ph&aacute;t sinh th&ecirc;m chi ph&iacute; kh&aacute;c như ph&iacute; vận chuyển, phụ ph&iacute; h&agrave;ng cồng kềnh, ...</p>',N'4d309a66-5958-455f-94c2-3223cc12c615',0,499,N'["https://firebasestorage.googleapis.com/v0/b/duanimage-50853.appspot.com/o/images%2Fef6c56084ae897dbb911cfe2e6cf1ed7.jpg?alt=media&token=e22f8e31-7a66-40fa-9b0b-db2b48dd1a21","https://firebasestorage.googleapis.com/v0/b/duanimage-50853.appspot.com/o/images%2F0dcbcfe05a500f20c658ffafd366c029.jpg?alt=media&token=1db98839-77df-4976-bf0e-c0d2da743388"]','2021-06-10 14:35:30.000','2021-06-10 14:35:30.000',N'756beya9-79b2-4001-a942-08b209244e79',0,0.0,0),
	 (N'a13a4ef2-47e4-41c5-a215-1bb3172b6731',N'test Máy Tính Bảng Samsung Galaxy Tab A8 8 T295 - Hàng Chính Hãng',2990000,N'Đen',N'8 inch',N'Máy tính bảng của samsung',N'Mô tả máy samsung',N'71b43f31-30ce-40f8-9d09-7cfb8276c7eb',0,10,N'','2021-05-16 23:28:42.000','2021-05-16 23:28:42.000',N'336be9a9-b9b2-4511-a942-08b20d244e79',0,0.0,0),
	 (N'a5912193-dc81-4083-8960-b2c220252d4e',N'Bánh đậu xanh',300000,N'45',N'5454',N'<p>98<strong>999</strong>9999999</p><p>fgdgfdg<span id="jodit-selection_marker_1620665795592_18781148223471988" data-jodit-selection_marker="start" style="line-height: 0; display: none;">﻿</span></p>',N'<p>99<em>99999gdf</em></p><p><em>dfggdfgfdgfd<span id="jodit-selection_marker_1620665799973_8427591239221954" data-jodit-selection_marker="start" style="line-height: 0; display: none;">﻿</span></em></p>',N'8f39fb00-c302-4ef8-8f8c-b0f0c9b74027',5,100,N'["https://firebasestorage.googleapis.com/v0/b/duanimage-50853.appspot.com/o/images%2FUntitled2.png?alt=media&token=bf3d4712-85d7-40a3-8383-e6b2b0a26b7d"]','2021-05-10 09:57:04.000','2021-05-10 09:57:04.000',N'336be9a9-b9b2-4511-a942-08b20d244e79',0,0.0,0),
	 (N'a80ac07e-54e6-43c7-bf0f-6506420c1a16',N'Bao da bò thật dạng ví dành cho iPhone 12 chính hãng Caseme',190000,N'ê',N'e',N'e',N'Chất liệu da tuyệt đẹp mang vẻ đẹp độc đáo, sang trọng và rất bền bỉ.',N'81ea822f-d024-4c6d-b9f6-58e7f5948aa0',9,10,N'["https://salt.tikicdn.com/cache/w1200/ts/product/46/98/70/a36e66b4ca8c595b9bf94c432cc3f9b5.jpg"]','2021-04-10 00:00:00.000','2021-04-21 04:05:54.000',N'336be9a9-b9b2-4511-a942-08b20d244e79',0,0.0,0),
	 (N'ad806787-42b9-4bc9-81d4-ee8870f6e6b6',N'Tivi A',300000,N'Đen',N'K',N'',N'',N'e2a5751a-396b-4b43-90ae-90891d07c75d',5,500,N'["https://salt.tikicdn.com/cache/w1200/ts/product/35/25/4b/46399d577f6534003dbb3c4227da48b5.jpg","https://salt.tikicdn.com/cache/w1200/ts/product/51/85/4c/617d6d91edacb9b1fa1541dd3c81ab6c.jpg","https://firebasestorage.googleapis.com/v0/b/duanimage-50853.appspot.com/o/images%2FUntitled2.png?alt=media&token=bbac1f44-5afa-4524-83e5-8754f0af5c21"]','2021-04-20 07:53:53.000','2021-06-02 13:40:14.000',N'336be9a9-b9b2-4511-a942-08b20d244e79',0,0.0,0);
INSERT INTO db_a743ce_vuanhlk15.dbo.Product (ID,Name,Price,Color,[Size],Detail,Description,CategoryID,Discount,Quanlity,Image,AddedTime,LastModify,StoreID,SoldQuanlity,Star,RatingsCount) VALUES
	 (N'b4853bd1-fbfe-4665-b88f-10075fd2f49f',N'Smart Tivi Samsung 4K 43 inch UA43TU7000',7950000,N'Đen',N'43 inch',N'',N'Mô tả máy samsung',N'e2a5751a-396b-4b43-90ae-90891d07c75d',5,85,N'["https://salt.tikicdn.com/cache/w1200/ts/product/35/25/4b/46399d577f6534003dbb3c4227da48b5.jpg","https://salt.tikicdn.com/cache/w1200/ts/product/51/85/4c/617d6d91edacb9b1fa1541dd3c81ab6c.jpg"]','2021-04-20 08:00:25.000','2021-04-20 08:00:25.000',N'336be9a9-b9b2-4511-a942-08b20d244e79',0,0.0,0),
	 (N'c19634c5-9959-4d98-8214-1968b9d686dc',N'Máy giặt A',300000,N's',N's',N'<p>s</p>',N'<p>s</p>',N'36a02659-4d4b-433d-af64-1bb9fb602b66',5,3,N'["https://firebasestorage.googleapis.com/v0/b/duanimage-50853.appspot.com/o/images%2F20201218_215810.jpg?alt=media&token=4d901596-49d5-41cc-868d-12e4bfb62946"]','2021-04-18 06:11:20.000','2021-05-31 16:48:12.000',N'336be9a9-b9b2-4511-a942-08b20d244e79',0,0.0,0),
	 (N'c6b01bb4-530c-475d-b069-63888f881ecb',N'Bích Huyền Xinh Nhất',50000000,N'Hồng',N'170',N'<p>V&uacute; hơi l&eacute;p</p>',N'<p>Xinh nhất</p>',N'36a02659-4d4b-433d-af64-1bb9fb602b66',1,1,N'["https://firebasestorage.googleapis.com/v0/b/duanimage-50853.appspot.com/o/images%2F158140751_1723882481145999_4218348100805349784_n.jpg?alt=media&token=84e7551d-977b-4903-a7c9-73645abfa4da"]','2021-06-12 15:25:27.000','2021-06-12 15:25:27.000',N'756beya9-79b2-4001-a942-08b209244e79',0,0.0,0),
	 (N'cd5c18fd-48af-4ae8-8902-b4dbe25222d1',N'Chuột Game Không Dây Sạc Điện HXSJ T30 3600DPI Wireless 2.4GHz, USB Type C - Hàng chính hãng',390000,N'',N'',N'HXSJ',N'Chất liệu: ABS cao cấp',N'8fccfad4-4483-4c7e-9374-ac92280f9a20',5,47,N'["https://salt.tikicdn.com/cache/w1200/ts/product/07/35/38/172f4576de8d222ebbbcb52124436685.jpg","https://salt.tikicdn.com/cache/w1200/ts/product/34/b6/f2/edc16380c4e3ff76e15bfe9ef111cb38.jpg"]','2021-04-10 00:00:00.000','2021-04-10 00:00:00.000',N'336be9a9-b9b2-4511-a942-08b20d244e79',0,0.0,0),
	 (N'd1ca19da-d08a-477a-b854-7ed065afccc5',N'Tivi B',300000,N'Đen',N'50`',N'',N'',N'e2a5751a-396b-4b43-90ae-90891d07c75d',5,500,N'["https://salt.tikicdn.com/cache/w1200/ts/product/35/25/4b/46399d577f6534003dbb3c4227da48b5.jpg","https://salt.tikicdn.com/cache/w1200/ts/product/51/85/4c/617d6d91edacb9b1fa1541dd3c81ab6c.jpg"]','2021-04-20 07:54:36.000','2021-06-02 13:40:44.000',N'336be9a9-b9b2-4511-a942-08b20d244e79',0,0.0,0),
	 (N'd357f03b-fc3c-4b65-a8ea-a275e119cb81',N'Máy giặt LG Inverter 8.5 kg FV1408S4W - Chỉ giao HCM',8290000,N'Trắng',N'',N'LG',N'Với khối lượng giặt đến 8.5kg nhưng tổng thể máy giặt vẫn vô cùng nhỏ gọn. Cùng với màu trắng thanh thoát, sẽ giúp ngôi nhà của bạn trông hiện đại hơn.',N'36a02659-4d4b-433d-af64-1bb9fb602b66',5,10,N'["https://salt.tikicdn.com/cache/w1200/ts/product/f8/72/73/40c1b9b61bedb05deb16e11b5de72202.jpg","https://salt.tikicdn.com/cache/w1200/ts/product/b9/aa/dd/08603aa210fb7886bc38166b46730242.jpg"]','2021-04-10 00:00:00.000','2021-04-10 00:00:00.000',N'336be9a9-b9b2-4511-a942-08b20d244e79',0,0.0,0),
	 (N'e4cfc731-0865-486f-9a64-73c0c41f17b7',N'Máy giặt B',300000,N'12',N'21',N'<p>21</p>',N'<p>12</p>',N'36a02659-4d4b-433d-af64-1bb9fb602b66',2,2,N'["https://firebasestorage.googleapis.com/v0/b/duanimage-50853.appspot.com/o/images%2FScreenshot%202021-01-18%20140407.png?alt=media&token=88d21528-0f3c-4841-9b28-18ae612d0f5e","https://firebasestorage.googleapis.com/v0/b/duanimage-50853.appspot.com/o/images%2FScreenshot%202020-12-23%20183253.png?alt=media&token=5d1c0e89-5d53-4380-85aa-fbbfb93ab383"]','2021-04-19 06:55:24.000','2021-05-31 16:48:37.000',N'336be9a9-b9b2-4511-a942-08b20d244e79',0,0.0,0),
	 (N'e5112661-2e17-4b71-85cf-7172ff6199b1',N'Tivi C',300000,N'Đen',N'K',N'<p>Kh&ocirc;ng c&oacute;</p>',N'<p>Kh&ocirc;ng c&oacute;</p>',N'e2a5751a-396b-4b43-90ae-90891d07c75d',5,8,N'["https://salt.tikicdn.com/cache/w1200/ts/product/35/25/4b/46399d577f6534003dbb3c4227da48b5.jpg","https://salt.tikicdn.com/cache/w1200/ts/product/51/85/4c/617d6d91edacb9b1fa1541dd3c81ab6c.jpg"]','2021-04-20 07:56:05.000','2021-06-06 19:02:04.000',N'336be9a9-b9b2-4511-a942-08b20d244e79',0,0.0,0),
	 (N'ec0657a3-bafc-42aa-85f7-d4262a2f94f0',N'Bàn Phím Gaming DareU LK145 USB - Hàng Chính Hãng',290000,N'',N'',N'DareU',N'Bàn Phím Gaming DareU LK145 USB được thiết kế khá độc đáo, đậm chất game thủ với khung bằng nhựa cứng cáp, mang lại điểm nhấn hết sức đẹp mắt cho sản phẩm.',N'7f42eb0c-f1f5-47f7-9b2c-9e042a0f971a',5,10,N'["https://salt.tikicdn.com/cache/w1200/ts/product/0a/5f/b7/9867c4cf0152b622252633006c75b086.jpg"]','2021-04-10 00:00:00.000','2021-04-10 00:00:00.000',N'336be9a9-b9b2-4811-a942-08b209244e79',0,0.0,0),
	 (N'f5d20757-c541-4422-bb97-c8bdc7389fbf',N'iPad Air 10.9 Wi-Fi 64GB New 2020 - Hàng Chính Hãng',17990000,N'Đen',N'247.6 x 178.5 x 6.1 mm',N'<table>
<tbody>
<tr>
<td>Bluetooth</td>
<td>A2DP, EDR, 5.0</td>
</tr>
<tr>
<td>Thương hiệu</td>
<td>Apple</td>
</tr>
<tr>
<td>Xuất xứ thương hiệu</td>
<td>Mỹ</td>
</tr>
<tr>
<td>Camera sau</td>
<td>12 MP</td>
</tr>
<tr>
<td>Camera trước</td>
<td>7MP</td>
</tr>
<tr>
<td>Chip đồ họa (GPU)</td>
<td>Apple GPU 6 nh&acirc;n</td>
</tr>
<tr>
<td>Chức năng kh&aacute;c</td>
<td>Mở kh&oacute;a bằng v&acirc;n tay</td>
</tr>
<tr>
<td>K&iacute;ch thước</td>
<td>247.6 x 178.5 x 6.1 mm</td>
</tr>
<tr>
<td>Phụ kiện đi k&egrave;m</td>
<td>C&aacute;p, sạc, s&aacute;ch hướng dẫn</td>
</tr>
<tr>
<td>Model</td>
<td>ipad Air 2020</td>
</tr>
<tr>
<td>Jack tai nghe</td>
<td>USB Type-C</td>
</tr>
<tr>
<td>Nghe nhạc</td>
<td>C&oacute;</td>
</tr>
<tr>
<td>Xuất xứ</td>
<td>Trung Quốc</td>
</tr>
<tr>
<td>Cổng sạc</td>
<td>USB Type-C</td>
</tr>
<tr>
<td>Trọng lượng</td>
<td>458g</td>
</tr>
<tr>
<td>Quay phim</td>
<td>4K@24/30/60fps, 1080p@30/60/120/240fps; gyro-EIS</td>
</tr>
<tr>
<td>Độ ph&acirc;n giải</td>
<td>2360 x 1640 Pixels</td>
</tr>
<tr>
<td>ROM</td>
<td>64 GB</td>
</tr>
<tr>
<td>K&iacute;ch thước m&agrave;n h&igrave;nh</td>
<td>10.9 inch</td>
</tr>
<tr>
<td>T&iacute;nh năng camera</td>
<td>Chụp h&igrave;nh g&oacute;c rộng, Chống rung EIS, Tự đ&ocirc;̣ng l&acirc;́y nét, HDR</td>
</tr>
<tr>
<td>Video call</td>
<td>Hỗ trợ VideoCall th&ocirc;ng qua ứng dụng</td>
</tr>
<tr>
<td>Wifi</td>
<td>Wi-Fi 802.11 a/b/g/n/ac/ax</td>
</tr>
<tr>
<td>Xem phim</td>
<td>C&oacute;</td>
</tr>
<tr>
<td>SKU</td>
<td>4574548326206</td>
</tr>
</tbody>
</table>',N'<p>M&atilde; Part: ZA/A<br />C&ocirc;ng nghệ m&agrave;n h&igrave;nh: Liquid Retina<br />Độ ph&acirc;n giải: 2360 x 1640 Pixels<br />Kích thước màn hình: 10.9"<br />Hệ điều h&agrave;nh: iPadOS 14<br />Loại CPU (Chipset): Apple A14 Bionic 6 nh&acirc;n<br />Camera sau: 12 MP<br />Camera trước: 7 MP<br />Pin: 28.6W lithium‑polymer, sạc nhanh 20W</p>
<h5>iPad Air 10.9 Wi-Fi New 2020 &ndash; Chip A14 mạnh mẽ cho trải nghiệm ho&agrave;n hảo</h5>
<p>Apple lu&ocirc;n khiến cho cộng đồng c&ocirc;ng nghệ đứng ngồi kh&ocirc;ng y&ecirc;n mỗi khi cho ra mắt những sản phẩm Tablet mới. Với mẫu&nbsp;<strong>iPad Air 10.9 Wi-Fi New 2020</strong>&nbsp;được dự kiến cho ra mắt năm 2020 sẽ mang những thay đổi về mặt thiết kế cũng như những t&iacute;nh năng mới được t&iacute;ch hợp để tối ưu h&oacute;a về hiệu năng, mang đến cho người d&ugrave;ng những trải nghiệm tốt hơn.</p>
<p><img src="https://salt.tikicdn.com/ts/tmp/59/9b/38/58b41429f3d1ea6df9d69d2ca2f2026b.jpg" alt="iPad Air 10.9 Wi-Fi 64GB New 2020 - H&agrave;ng Nhập Khẩu Ch&iacute;nh H&atilde;ng" width="750" height="642" /></p>
<h5>Thiết kế tinh tế, m&agrave;u sắc thời thượng với độ mỏng 6.1mm</h5>
<p><strong>iPad Air 10.9 Wi-Fi New 2020</strong>&nbsp;sẽ c&oacute; thiết kế ho&agrave;n to&agrave;n mới với kiểu d&aacute;ng tương tự với iPad Pro 2020 nhưng với k&iacute;ch thước nhỏ gọn hơn 247.6 x 178.5 mm v&agrave; độ mỏng chỉ 6.1 mm c&ugrave;ng trọng lượng chưa đến 500g gi&uacute;p bạn dễ d&agrave;ng mang theo iPad để sử dụng ở bất cứ đ&acirc;u.</p>
<p><img src="https://salt.tikicdn.com/ts/tmp/d6/ea/b4/424a9086e123882dd5ae75519942c6a1.jpg" alt="iPad Air 10.9 Wi-Fi 64GB New 2020 - H&agrave;ng Nhập Khẩu Ch&iacute;nh H&atilde;ng" width="750" height="587" /></p>
<p>Thiết kế nguy&ecirc;n khối mang đến tổng thể sang trọng cho iPad Air 10.9 Wi-Fi New 2020 c&ugrave;ng với gam m&agrave;u mới thời thượng, n&uacute;t home được loại bỏ để tạo n&ecirc;n kh&ocirc;ng gian hiển thị rộng hơn.&nbsp;</p>
<p><img src="https://salt.tikicdn.com/ts/tmp/2d/ef/c5/84001156b3d3bfc8d9c3b968113656fb.jpg" alt="iPad Air 10.9 Wi-Fi 64GB New 2020 - H&agrave;ng Nhập Khẩu Ch&iacute;nh H&atilde;ng" width="750" height="623" /></p>
<p>Thiết kế của iPad Air 10.9 Wi-Fi New 2020 sẽ vu&ocirc;ng vắn hơn so với những d&ograve;ng iPad trước đ&acirc;y, c&aacute;c g&oacute;c cạnh được bo tr&ograve;n nhẹ nh&agrave;ng để tạo cảm gi&aacute;c mềm mại hơn cho tổng thể.</p>
<p><img src="https://salt.tikicdn.com/ts/tmp/87/74/59/f4fe189c7e1de8454b1dfe6f6e3b4a23.jpg" alt="iPad Air 10.9 Wi-Fi 64GB New 2020 - H&agrave;ng Nhập Khẩu Ch&iacute;nh H&atilde;ng" width="750" height="610" /></p>
<h5>M&agrave;n h&igrave;nh c&oacute; tần số qu&eacute;t 60Hz, tấm nền IPS LCD v&agrave; k&iacute;ch thước 10.9 inch</h5>
<p>Để mang đến kh&ocirc;ng gian hiển thị tuyệt vời cho người d&ugrave;ng, Apple đ&atilde; trang bị m&agrave;n h&igrave;nh c&oacute; tần số qu&eacute;t đến 60Hz cho iPad Air 10.9 Wi-Fi New 2020, gi&uacute;p h&igrave;nh ảnh hiển thị mượt m&agrave;, c&aacute;c chuyển động h&igrave;nh ảnh trơn tru cũng như hạn chế t&igrave;nh trạng giật lag. Nhờ vậy bạn c&oacute; thể tận hưởng những thước phim ấn tượng, chơi game (đặc biệt l&agrave; những game c&oacute; g&oacute;c nh&igrave;n thứ nhất) một c&aacute;ch tuyệt vời nhất. Độ ph&acirc;n giải 2360 x 1640 pixels cho h&igrave;nh ảnh sắc n&eacute;t v&agrave; ch&acirc;n thực.</p>
<p><img src="https://salt.tikicdn.com/ts/tmp/20/de/70/77f0240c254ff1b4ae74664abc0b0b2e.jpg" alt="iPad Air 10.9 Wi-Fi 64GB New 2020 - H&agrave;ng Nhập Khẩu Ch&iacute;nh H&atilde;ng" width="750" height="530" /></p>
<p>Sử dụng tấm nền IPS LCD cho iPad Air 10.9 Wi-Fi New 2020 c&ugrave;ng với c&ocirc;ng nghệ True-Tone cho khả năng t&aacute;i tạo m&agrave;u sắc ch&iacute;nh x&aacute;c, gần với thực tế hỗ trợ cho c&ocirc;ng việc chỉnh sửa ảnh, video,&hellip;hiệu quả hơn. B&ecirc;n cạnh đ&oacute; m&agrave;n h&igrave;nh n&agrave;y c&ograve;n sở hữu độ s&aacute;ng 500 nits để h&igrave;nh ảnh lu&ocirc;n hiển thị tốt trong những điều kiện &aacute;nh s&aacute;ng kh&aacute;c nhau, gi&uacute;p bạn sử dụng iPad tốt ngay cả khi ở ngo&agrave;i trời.</p>
<h5>Chip A14 cho sức mạnh ấn tượng v&agrave; bộ nhớ 128GB lưu trữ rộng r&atilde;i</h5>
<p>Sức mạnh của m&aacute;y đến từ con chip A14 Bionic để mang đến tốc độ xử l&yacute; vượt trội hơn, nhanh ch&oacute;ng cho sức mạnh kh&ocirc;ng thua g&igrave; một chiếc PC. B&ecirc;n cạnh đ&oacute; c&ograve;n c&oacute; th&ocirc;ng tin iPad Air 10.9 Wi-Fi New 2020&nbsp;sẽ c&oacute; b&agrave;n ph&iacute;m Magic Keyboard ri&ecirc;ng để c&oacute; thể gi&uacute;p bạn biến chiếc m&aacute;y t&iacute;nh bảng của m&igrave;nh th&agrave;nh một chiếc laptop một c&aacute;ch nhanh ch&oacute;ng v&agrave; đơn giản.</p>
<p><img src="https://salt.tikicdn.com/ts/tmp/3b/43/64/9f90695df79a92d59f8709c9bf35cfce.jpg" alt="iPad Air 10.9 Wi-Fi 64GB New 2020 - H&agrave;ng Nhập Khẩu Ch&iacute;nh H&atilde;ng" width="750" height="443" /></p>
<p>Apple iPad Air 10.9 Wi-Fi New 2020 c&oacute; bộ nhớ 64GB tương đối rộng r&atilde;i để bạn c&oacute; thể lưu trữ được nhiều dữ liệu hơn, thoải m&aacute;i c&agrave;i đặt c&aacute;c ứng dụng, tr&ograve; chơi phục vụ cho nhu cầu sử dụng của bạn.</p>
<h5>Hệ thống camera với cảm biến LiDAR hỗ trợ quay phim chất lượng 4K si&ecirc;u n&eacute;t</h5>
<p>Một trong những sự cải tiến mới của iPad Air 10.9 Wi-Fi New 2020 ch&iacute;nh l&agrave; hệ thống camera với camera ch&iacute;nh g&oacute;c rộng 12MP c&ugrave;ng với cảm biến chiều s&acirc;u TOF 3D LiDAR hỗ trợ quay phim với chất lượng 4K cho h&igrave;nh ảnh cực kỳ sắc n&eacute;t v&agrave; sinh động. B&ecirc;n cạnh đ&oacute;, iPad cũng được hỗ trợ những t&iacute;nh năng chụp ảnh th&ocirc;ng minh như x&oacute;a ph&ocirc;ng, lấy n&eacute;t tự động,&hellip;cho ảnh chụp kh&ocirc;ng thua k&eacute;m bất kỳ thiết bị n&agrave;o.</p>
<p><img src="https://salt.tikicdn.com/ts/tmp/19/29/d7/9486bb7236347842010ab9ef2dde68d0.jpg" alt="iPad Air 10.9 Wi-Fi 64GB New 2020 - H&agrave;ng Nhập Khẩu Ch&iacute;nh H&atilde;ng" width="750" height="472" /></p>
<p>Camera trước c&oacute; cảm biến 7MP v&agrave; hỗ trợ quay phim 1080p, hỗ trợ video call chất lượng cao mang đến những trải nghiệm tuyệt vời cho người d&ugrave;ng. Bạn c&oacute; thể sử dụng iPad để quay lại vlog hằng ng&agrave;y thay cho một chiếc m&aacute;y quay, m&aacute;y ảnh v&agrave; chia sẻ ngay với bạn b&egrave;, người th&acirc;n,&hellip;v&ocirc; c&ugrave;ng tiện lợi.</p>
<h5>Dung lượng pin lớn cho 10 giờ lướt web</h5>
<p>Apple cũng đ&atilde; n&acirc;ng cấp dung lượng pin cho iPad Air 10.9 Wi-Fi New 2020 với dung lượng lớn, cho 10 giờ lướt web bằng wifi, 9 giờ sử dụng mạng di động. Mặc d&ugrave; dung lượng trước đ&acirc;y của những thế hệ iPad trước cũng đ&atilde; đ&aacute;p ứng rất tốt về thời lượng sử dụng ch&iacute;nh v&igrave; thế sự n&acirc;ng cấp n&agrave;y chắc chắn sẽ gi&uacute;p người d&ugrave;ng c&agrave;ng y&ecirc;n t&acirc;m hơn khi sử dụng thiết bị suốt cả ng&agrave;y d&agrave;i m&agrave; kh&ocirc;ng lo hết pin.</p>
<p><img src="https://salt.tikicdn.com/ts/tmp/b0/bb/93/cd86a920f10974d3c3af4ba306baae33.jpg" alt="iPad Air 10.9 Wi-Fi 64GB New 2020 - H&agrave;ng Nhập Khẩu Ch&iacute;nh H&atilde;ng" width="750" height="803" /></p>
<p>B&ecirc;n cạnh đ&oacute; Apple cũng t&iacute;ch hợp c&ocirc;ng nghệ sạc nhanh 20W cho iPad Air 10.9 Wi-Fi New 2020 để gi&uacute;p người d&ugrave;ng c&oacute; thể nạp năng lượng cho iPad nhanh ch&oacute;ng. Bạn c&oacute; thể sử dụng thiết bị của bạn li&ecirc;n tục v&agrave; nhanh nạp lại pin cho thiết bị, giải quyết nỗi lo lắng về pin iPad.</p>
<p><img src="https://salt.tikicdn.com/ts/tmp/08/10/58/1421d2f373a3d118a5eb0d218fb12de0.jpg" alt="iPad Air 10.9 Wi-Fi 64GB New 2020 - H&agrave;ng Nhập Khẩu Ch&iacute;nh H&atilde;ng" width="750" height="375" /></p>
<p>&nbsp;</p>
<p>Gi&aacute; sản phẩm tr&ecirc;n Tiki đ&atilde; bao gồm thuế theo luật hiện h&agrave;nh. Tuy nhi&ecirc;n tuỳ v&agrave;o từng loại sản phẩm hoặc phương thức, địa chỉ giao h&agrave;ng m&agrave; c&oacute; thể ph&aacute;t sinh th&ecirc;m chi ph&iacute; kh&aacute;c như ph&iacute; vận chuyển, phụ ph&iacute; h&agrave;ng cồng kềnh, ...</p>',N'71b43f31-30ce-40f8-9d09-7cfb8276c7eb',18,90,N'["https://firebasestorage.googleapis.com/v0/b/duanimage-50853.appspot.com/o/images%2Ff82a7ce86c8b49bfe9797bfc0adf85cc.jpg?alt=media&token=7fdfa838-51cd-42da-bbd5-69706e535fc8","https://firebasestorage.googleapis.com/v0/b/duanimage-50853.appspot.com/o/images%2F1cda272052fbd4743268694f7a8cb021.jpg?alt=media&token=6e66fb5e-fd7b-49e3-bc59-16f8ba340218","https://firebasestorage.googleapis.com/v0/b/duanimage-50853.appspot.com/o/images%2F03513d8545b25aef3980d2b72f0266a0.jpg?alt=media&token=98773887-0816-4b17-a253-4e03582ebb0d","https://firebasestorage.googleapis.com/v0/b/duanimage-50853.appspot.com/o/images%2Ffc78304d937382dd87e5e1385c665172.jpg?alt=media&token=2633c2f2-5768-40e6-b017-81f325901e24","https://firebasestorage.googleapis.com/v0/b/duanimage-50853.appspot.com/o/images%2F80d146eb7aeec8604dfa143e4212bb53.jpg?alt=media&token=6954755d-f2ae-47a8-9ec2-fc352cf5b536"]','2021-06-09 22:34:15.000','2021-06-09 22:34:15.000',N'756beya9-79b2-4001-a942-08b209244e79',0,5.0,1);
INSERT INTO db_a743ce_vuanhlk15.dbo.Product (ID,Name,Price,Color,[Size],Detail,Description,CategoryID,Discount,Quanlity,Image,AddedTime,LastModify,StoreID,SoldQuanlity,Star,RatingsCount) VALUES
	 (N'fa7a6334-b194-4c73-bd76-3591e9e271e4',N'Ốp lưng da kính cao cấp dành cho iPhone 11 Pro Max - Màu xanh - Hàng nhập khẩu',198000,N'',N'',N'DELICATE',N'Mặt lưng cao hơn camera 1mm. Bảo vệ camera toàn diện',N'81ea822f-d024-4c6d-b9f6-58e7f5948aa0',15,10,N'["https://salt.tikicdn.com/cache/w1200/ts/product/97/14/63/a3c5a2a96c38d32154e4556d47027d8f.jpg"]','2021-04-10 00:00:00.000','2021-04-10 00:00:00.000',N'336be9a9-b9b2-4811-a942-08b209244e79',0,0.0,0);
----------------------------------------------------
INSERT INTO db_a743ce_vuanhlk15.dbo.Rating (ID,Comment,Star,Image,[Time],ProductID,UserID,[Like]) VALUES
	 (N'04459268-fdbf-4abd-b731-3a817318cc8c',N'ok ổn đấy',5,N'["https://firebasestorage.googleapis.com/v0/b/duanimage-50853.appspot.com/o/images%2F126178818_10161129324891840_1047270972454842075_o%20(2).jpg?alt=media&token=88b4fc53-57da-4fe0-b442-3cb5391799cc"]','2021-06-10 10:30:17.000',N'f5d20757-c541-4422-bb97-c8bdc7389fbf',N'87660958-cf24-4b94-9eca-2cec66a711d3',0),
	 (N'0f05cb0e-2d9b-481c-8ae5-58a06e41b4f3',N'ko ổn lắm',3,N'[]','2021-06-10 23:53:41.000',N'4c9f4060-0214-4af8-9253-e9a95cde4912',N'aca06373-1efe-4da9-82eb-b66fe7185754',0),
	 (N'165cb2b6-55da-4fce-ad64-b5b8ea636549',N'Tốt',5,N'["https://firebasestorage.googleapis.com/v0/b/duanimage-50853.appspot.com/o/images%2F10-4.jpg?alt=media&token=256e3281-9af6-4763-9397-e9ed67159251","https://firebasestorage.googleapis.com/v0/b/duanimage-50853.appspot.com/o/images%2F9-4.jpg?alt=media&token=255edbaa-fb10-4f40-97d3-f0c7adce1ff7","https://firebasestorage.googleapis.com/v0/b/duanimage-50853.appspot.com/o/images%2F7-5.jpg?alt=media&token=38937a36-ec0f-4a21-9d4d-52684d08797d","https://firebasestorage.googleapis.com/v0/b/duanimage-50853.appspot.com/o/images%2F9-4.jpg?alt=media&token=923db3a0-6768-4366-bcb2-42ae59f5e6a5","https://firebasestorage.googleapis.com/v0/b/duanimage-50853.appspot.com/o/images%2Fhue-teo-the-sword.jpg?alt=media&token=d3f3ba8f-d3b9-4b73-8170-afd00536e428"]','2021-06-06 21:43:39.000',N'087621c0-e1ed-4ded-a2b6-610dadbef060',N'87660958-cf24-4b94-9eca-2cec66a711d3',1),
	 (N'2d9c27a9-a43d-49b9-9f78-5c4435174eda',N'This is Comment 2',4,N'','2021-05-30 20:04:14.000',N'18dc0e46-9637-4385-b72d-091df8e0d704',N'87660958-cf24-4b94-9eca-2cec66a711d3',1),
	 (N'58463f9f-1f50-4e90-a1e5-a29b0cb65e36',N'Ok tốt',5,N'[]','2021-06-08 18:23:54.000',N'087621c0-e1ed-4ded-a2b6-610dadbef060',N'87660958-cf24-4b94-9eca-2cec66a711d3',1),
	 (N'69af71cb-327c-45f6-9481-8d84ce1edbb8',N'ok ok',4,N'["https://firebasestorage.googleapis.com/v0/b/duanimage-50853.appspot.com/o/images%2F20200817_215838.jpg?alt=media&token=d8fb3a7d-6706-4c45-92e7-ce9b5dc95c6a"]','2021-06-11 09:27:01.000',N'087621c0-e1ed-4ded-a2b6-610dadbef060',N'a0a12e57-31d4-4532-8906-ec7768d4fcc3',1),
	 (N'7e965307-12d3-4bdb-9230-221305be6dd9',N'ngon ăn',5,N'["https://firebasestorage.googleapis.com/v0/b/duanimage-50853.appspot.com/o/images%2F192307095_1242020062992173_520110804032383293_n.png?alt=media&token=b68e3027-9f2a-42a8-8c07-1f3cd920715a"]','2021-06-10 19:42:38.000',N'0e543ad2-e503-40fc-8a57-21ade6027f78',N'87660958-cf24-4b94-9eca-2cec66a711d3',1),
	 (N'a27a49db-705e-453b-b364-9cd73ad2ac35',N'This is Comment',4,N'','2021-05-30 20:00:50.000',N'18dc0e46-9637-4385-b72d-091df8e0d704',N'87660958-cf24-4b94-9eca-2cec66a711d3',0),
	 (N'a96dcccc-dbfd-4fee-a510-ee8358749c4b',N'được đấy',5,N'["https://firebasestorage.googleapis.com/v0/b/duanimage-50853.appspot.com/o/images%2Fa.jpg?alt=media&token=19191377-6201-4db0-817c-5913300f9bfd"]','2021-06-10 10:11:40.000',N'087621c0-e1ed-4ded-a2b6-610dadbef060',N'87660958-cf24-4b94-9eca-2cec66a711d3',0),
	 (N'e5e1206c-852a-47c0-ba2b-b7f45d510389',N'ok',5,N'[]','2021-06-08 19:02:54.000',N'087621c0-e1ed-4ded-a2b6-610dadbef060',N'87660958-cf24-4b94-9eca-2cec66a711d3',1);
INSERT INTO db_a743ce_vuanhlk15.dbo.Rating (ID,Comment,Star,Image,[Time],ProductID,UserID,[Like]) VALUES
	 (N'eeb41339-fbc3-4d63-b245-d8d407df10d1',N'Ok ngon',5,N'[]','2021-06-08 18:46:12.000',N'087621c0-e1ed-4ded-a2b6-610dadbef060',N'87660958-cf24-4b94-9eca-2cec66a711d3',1),
	 (N'f7a1ad0f-4ad2-42f5-b54f-b7585fe8a216',N'This is Comment 3',4,N'','2021-06-06 10:09:05.000',N'18dc0e46-9637-4385-b72d-091df8e0d704',N'87660958-cf24-4b94-9eca-2cec66a711d3',0);
----------------------------------------
INSERT INTO db_a743ce_vuanhlk15.dbo.UsefulRating (ID,UserID,RatingID) VALUES
	 (N'02393656-5971-4928-9b25-6b68cfa5ccdc',N'87660958-cf24-4b94-9eca-2cec66a711d3',N'69af71cb-327c-45f6-9481-8d84ce1edbb8'),
	 (N'105be451-1d32-4050-bc81-ff4d10c7a705',N'87660958-cf24-4b94-9eca-2cec66a711d3',N'eeb41339-fbc3-4d63-b245-d8d407df10d1'),
	 (N'2df01f2a-4aa1-4cca-8305-150ff2160b8e',N'87660958-cf24-4b94-9eca-2cec66a711d3',N'7e965307-12d3-4bdb-9230-221305be6dd9'),
	 (N'33869a26-efc5-4774-a7c2-eabaa3f1e0ce',N'87660958-cf24-4b94-9eca-2cec66a711d3',N'58463f9f-1f50-4e90-a1e5-a29b0cb65e36'),
	 (N'40c21ba8-eecf-4457-8bfe-b6a698471c8e',N'87660958-cf24-4b94-9eca-2cec66a711d3',N'2d9c27a9-a43d-49b9-9f78-5c4435174eda'),
	 (N'56f461c7-d2a2-458b-b49c-4cce44f132ce',N'87660958-cf24-4b94-9eca-2cec66a711d3',N'165cb2b6-55da-4fce-ad64-b5b8ea636549'),
	 (N'5b55f180-42b4-4953-8040-53f5f5ebb713',N'87660958-cf24-4b94-9eca-2cec66a711d3',N'e5e1206c-852a-47c0-ba2b-b7f45d510389');
------------------------------------------
INSERT INTO db_a743ce_vuanhlk15.dbo.BillProduct (ID,BillID,ProductID,ProductQuantity,TransactionTime,StoreID) VALUES
	 (N'02c33dde-07cd-42c2-b8dd-0285ca7210a8',N'1d13fb92-1483-42e5-9cf9-c5944070f95b',N'f5d20757-c541-4422-bb97-c8bdc7389fbf',1,'2021-06-10 11:47:12.000',N'756beya9-79b2-4001-a942-08b209244e79'),
	 (N'03026888-eb14-4e47-91b8-b5496afce880',N'4d1bf2eb-d288-4514-b059-a48a5cff4c0f',N'f5d20757-c541-4422-bb97-c8bdc7389fbf',1,'2021-06-10 19:39:38.000',N'756beya9-79b2-4001-a942-08b209244e79'),
	 (N'038a1b86-db8c-4c4b-9887-b1f2fcd76140',N'dc2e0671-1253-406f-9ca7-f2060b77efb7',N'469dd7be-0b6b-4bd7-ac5e-0e9ebd2dc413',2,'2021-06-11 06:37:34.000',N'336be9a9-b9b2-4511-a942-08b20d244e79'),
	 (N'0dfa8556-85f2-4426-b23b-6183e671dfb9',N'e6506940-f356-4ad0-9151-9ad882854b43',N'4c9f4060-0214-4af8-9253-e9a95cde4912',1,'2021-06-10 23:52:42.000',N'336be9a9-b9b2-4511-a942-08b20d244e79'),
	 (N'1163a504-53b9-4223-b13a-429db8ded14d',N'6e00a1a4-752f-4690-b849-7ffc17a19530',N'087621c0-e1ed-4ded-a2b6-610dadbef060',1,'2021-06-10 15:12:31.000',N'336be9a9-b9b2-4511-a942-08b20d244e79'),
	 (N'179a9b1e-2e98-4110-ae80-be1c3651f772',N'6e00a1a4-752f-4690-b849-7ffc17a19530',N'f5d20757-c541-4422-bb97-c8bdc7389fbf',1,'2021-06-10 15:12:31.000',N'756beya9-79b2-4001-a942-08b209244e79'),
	 (N'208f62a0-dff3-418b-bd14-c73a26afb82c',N'41a5142b-d93b-4e8c-8c03-649dbd8468e8',N'0e543ad2-e503-40fc-8a57-21ade6027f78',1,'2021-06-11 00:32:57.000',N'336be9a9-b9b2-4511-a942-08b20d244e79'),
	 (N'2580abe1-0976-4a51-b980-bf1a81710fc0',N'4d1bf2eb-d288-4514-b059-a48a5cff4c0f',N'087621c0-e1ed-4ded-a2b6-610dadbef060',1,'2021-06-10 19:39:38.000',N'336be9a9-b9b2-4511-a942-08b20d244e79'),
	 (N'2e31deba-b3ae-4ed7-9ee0-cf874e9180b3',N'259782ea-65ce-40f4-9699-68f4d7fb5f33',N'f5d20757-c541-4422-bb97-c8bdc7389fbf',1,'2021-06-11 09:28:13.000',N'756beya9-79b2-4001-a942-08b209244e79'),
	 (N'3546b0cf-7fc7-49fe-96e3-7fe98ebce062',N'd0d8af09-67a5-47cf-b916-d21d235aec3b',N'087621c0-e1ed-4ded-a2b6-610dadbef060',1,'2021-06-11 09:26:00.000',N'336be9a9-b9b2-4511-a942-08b20d244e79');
INSERT INTO db_a743ce_vuanhlk15.dbo.BillProduct (ID,BillID,ProductID,ProductQuantity,TransactionTime,StoreID) VALUES
	 (N'501ac214-5026-436a-bffb-789e3a5c0df8',N'1d13fb92-1483-42e5-9cf9-c5944070f95b',N'73bc29fc-009c-4c5b-a1cd-de2c16abeaba',1,'2021-06-10 11:47:12.000',N'336be9a9-b9b2-4511-a942-08b20d244e79'),
	 (N'517e92eb-394c-4450-a94a-6ad932bdafcc',N'41a5142b-d93b-4e8c-8c03-649dbd8468e8',N'f5d20757-c541-4422-bb97-c8bdc7389fbf',1,'2021-06-11 00:32:57.000',N'756beya9-79b2-4001-a942-08b209244e79'),
	 (N'71ca2b9c-d01e-48ea-806b-57db4a5ee8f2',N'133c39f2-f611-4f92-9431-3c8ec5ae6771',N'087621c0-e1ed-4ded-a2b6-610dadbef060',1,'2021-06-10 14:33:38.000',N'336be9a9-b9b2-4511-a942-08b20d244e79'),
	 (N'827ea236-c235-4c0a-9261-002548f0bc84',N'357b0bfc-5062-4420-8bb4-c46870e29289',N'f5d20757-c541-4422-bb97-c8bdc7389fbf',1,'2021-06-10 13:37:15.000',N'756beya9-79b2-4001-a942-08b209244e79'),
	 (N'876fd181-39a5-47e3-b311-2ca6cc4fea0b',N'357b0bfc-5062-4420-8bb4-c46870e29289',N'087621c0-e1ed-4ded-a2b6-610dadbef060',1,'2021-06-10 13:37:15.000',N'336be9a9-b9b2-4511-a942-08b20d244e79'),
	 (N'9c754e52-45f9-4103-b16c-175c46157fe7',N'78871633-23ff-4b67-a6a1-4f63ab09fa62',N'087621c0-e1ed-4ded-a2b6-610dadbef060',1,'2021-06-10 13:50:12.000',N'336be9a9-b9b2-4511-a942-08b20d244e79'),
	 (N'a7cbc371-1d4f-4a5b-839e-042c79e8658c',N'8c2cca88-0b7f-4add-b18e-8812735a7668',N'087621c0-e1ed-4ded-a2b6-610dadbef060',1,'2021-06-10 14:35:17.000',N'336be9a9-b9b2-4511-a942-08b20d244e79'),
	 (N'ab6c2d1a-991f-451d-8120-fb85ca93fbc1',N'259782ea-65ce-40f4-9699-68f4d7fb5f33',N'087621c0-e1ed-4ded-a2b6-610dadbef060',1,'2021-06-11 09:28:13.000',N'336be9a9-b9b2-4511-a942-08b20d244e79'),
	 (N'c0be403b-060b-412f-b3b7-ed3b56695847',N'1e734498-a2a3-4003-92d7-2d1f86833c7c',N'087621c0-e1ed-4ded-a2b6-610dadbef060',1,'2021-06-11 00:34:03.000',N'336be9a9-b9b2-4511-a942-08b20d244e79'),
	 (N'c8f06664-2b83-48a3-93e3-cf204a565c74',N'e5b74948-7906-49c8-9f4c-06dd38872596',N'087621c0-e1ed-4ded-a2b6-610dadbef060',1,'2021-06-10 14:04:16.000',N'336be9a9-b9b2-4511-a942-08b20d244e79');
INSERT INTO db_a743ce_vuanhlk15.dbo.BillProduct (ID,BillID,ProductID,ProductQuantity,TransactionTime,StoreID) VALUES
	 (N'd01b359a-b414-4643-b725-c4ac778abaa8',N'db098502-effe-4962-89ac-2a0b2cc0436b',N'b4853bd1-fbfe-4665-b88f-10075fd2f49f',1,'2021-06-10 13:18:10.000',N'336be9a9-b9b2-4511-a942-08b20d244e79'),
	 (N'd193dc3b-59c3-4d6b-970f-25ff81f4fd50',N'dc2e0671-1253-406f-9ca7-f2060b77efb7',N'98ca783d-1df1-4109-93af-7e706ea38ca8',1,'2021-06-11 06:37:34.000',N'756beya9-79b2-4001-a942-08b209244e79'),
	 (N'd76b8512-503c-4959-9e3d-dc34d617717f',N'69ed9b92-85b5-423a-abe2-fb68852eadfd',N'087621c0-e1ed-4ded-a2b6-610dadbef060',1,'2021-06-14 08:34:51.000',N'336be9a9-b9b2-4511-a942-08b20d244e79'),
	 (N'd832976b-6532-49e5-b783-4b66b56c98f2',N'535d025e-a5f3-4f43-a23a-bbec943ceab7',N'8f78c462-0fde-4289-894e-0e788682e08b',1,'2021-06-11 09:48:29.000',N'e4a32ddd-35fd-4a93-a477-0e9cf515febd'),
	 (N'd910b325-d8a9-46f0-954a-15f6bfd20720',N'fbb91aa9-130f-4d17-b745-1918df52a7db',N'087621c0-e1ed-4ded-a2b6-610dadbef060',2,'2021-06-11 06:34:43.000',N'336be9a9-b9b2-4511-a942-08b20d244e79'),
	 (N'dce05dbc-9553-4011-9075-49d0df88b72c',N'69ed9b92-85b5-423a-abe2-fb68852eadfd',N'37ca18f1-ea88-4a16-8218-2e0af7014a01',1,'2021-06-14 08:34:51.000',N'336be9a9-b9b2-4511-a942-08b20d244e79'),
	 (N'e7e2b177-27c9-4bd0-a6ae-79c6e61b9e77',N'69ed9b92-85b5-423a-abe2-fb68852eadfd',N'0e543ad2-e503-40fc-8a57-21ade6027f78',1,'2021-06-14 08:34:51.000',N'336be9a9-b9b2-4511-a942-08b20d244e79'),
	 (N'ead69eec-bea7-452e-98d5-eb05c80322b3',N'e5b74948-7906-49c8-9f4c-06dd38872596',N'f5d20757-c541-4422-bb97-c8bdc7389fbf',1,'2021-06-10 14:04:16.000',N'756beya9-79b2-4001-a942-08b209244e79'),
	 (N'ecbce388-872e-4c7e-84a1-e9b45b13531a',N'a2fa8e3d-e9fc-4d38-b5fb-e4ea6e7b6c8c',N'087621c0-e1ed-4ded-a2b6-610dadbef060',1,'2021-06-11 09:08:18.000',N'336be9a9-b9b2-4511-a942-08b20d244e79'),
	 (N'eedae8d8-0361-487e-a97a-0cb0548b0936',N'78871633-23ff-4b67-a6a1-4f63ab09fa62',N'f5d20757-c541-4422-bb97-c8bdc7389fbf',1,'2021-06-10 13:50:12.000',N'756beya9-79b2-4001-a942-08b209244e79');
INSERT INTO db_a743ce_vuanhlk15.dbo.BillProduct (ID,BillID,ProductID,ProductQuantity,TransactionTime,StoreID) VALUES
	 (N'f90fd105-d8d5-472f-b4fb-11ff4f09d888',N'4d1bf2eb-d288-4514-b059-a48a5cff4c0f',N'0e543ad2-e503-40fc-8a57-21ade6027f78',1,'2021-06-10 19:39:38.000',N'336be9a9-b9b2-4511-a942-08b20d244e79'),
	 (N'ff8c7122-6057-4cc6-b5cf-f21280896c34',N'8c2cca88-0b7f-4add-b18e-8812735a7668',N'f5d20757-c541-4422-bb97-c8bdc7389fbf',1,'2021-06-10 14:35:17.000',N'756beya9-79b2-4001-a942-08b209244e79');
-------------------------------

INSERT INTO db_a743ce_vuanhlk15.dbo.Cart (ID,BuyerID,ProductID,AddedTime,Quantity) VALUES
	 (N'4d33edfa-c6e8-48a3-9d15-3887b1f527a9',N'e8472aab-ca79-4287-b985-9e50426fd39a',N'98ca783d-1df1-4109-93af-7e706ea38ca8','2021-06-11 00:56:25.000',1),
	 (N'589289af-a729-4a65-8e4c-fcae812a9eca',N'15b816a9-1b73-45dd-8c0b-d20870fa5ec0',N'087621c0-e1ed-4ded-a2b6-610dadbef060','2021-06-04 18:31:40.000',1),
	 (N'bddd5cbb-3460-4f27-a800-8c89c1915071',N'15b816a9-1b73-45dd-8c0b-d20870fa5ec0',N'405e6bd7-4786-4968-9ba6-71befeaa0418','2021-06-04 18:31:40.000',2),
	 (N'd139b321-9959-4e23-9741-f05d74d3152d',N'87660958-cf24-4b94-9eca-2cec66a711d3',N'37ca18f1-ea88-4a16-8218-2e0af7014a01','2021-06-15 19:08:19.000',1);